shipment_id,booking_date,pickup_date,delivery_date,origin_city,destination_city,region,mode,carrier_id,customer_id,promised_delivery_date,actual_delivery_date,freight_cost,distance_km,status
SHP003604,2026-04-18,2026-04-21,2026-04-27,Chandigarh,Guwahati,North,PTL,CARR_07,CUST_085,2026-04-27,2026-04-29,72921.16,894,Delivered
SHP003362,2026-06-01,2026-06-01,2026-06-04,Kolkata,Raipur,East,FTL,CARR_03,CUST_108,2026-06-04,2026-06-03,2451.9,91,Delivered
SHP000796,2026-01-17,2026-01-20,2026-01-23,Surat,Jaipur,West,FTL,CARR_05,CUST_108,2026-01-23,,10320.66,395,In-Transit
SHP000291,2026-04-25,2026-04-25,2026-05-01,Nagpur,Bhubaneswar,Central,FTL,CARR_09,CUST_063,2026-05-01,2026-05-02,30242.52,1223,Delayed
SHP003739,2026-01-29,2026-01-30,2026-02-03,Ahmedabad,Hyderabad,West,LTL,CARR_04,CUST_064,2026-02-03,2026-02-01,18434.26,1664,Delivered
SHP002757,2026-01-05,2026-01-07,2026-01-14,Bengaluru,Bengaluru,South,LTL,CARR_02,CUST_058,2026-01-14,,14006.87,1051,Delivered
SHP004951,2026-04-07,2026-04-10,2026-04-12,Bhubaneswar,Kolkata,East,LTL,CARR_05,CUST_030,2026-04-12,2026-04-20,14556.56,1195,Delivered
SHP003678,2026-05-10,2026-05-13,2026-05-20,Nagpur,Surat,Central,PTL,CARR_11,CUST_011,2026-05-20,,3933.37,516,In-Transit
SHP003173,2026-06-27,2026-06-27,2026-07-03,Bhubaneswar,Chennai,East,FTL,CARR_13,CUST_022,2026-07-03,2026-07-03,41723.37,1798,Delayed
SHP001969,2026-03-05,2026-03-06,2026-03-08,Raipur,Pune,Central,PTL,CARR_03,CUST_099,2026-03-08,,1349.22,169,In-Transit
SHP000919,2026-02-16,2026-02-16,2026-02-24,Mumbai,Surat,West,FTL,CARR_02,CUST_018,2026-02-24,2026-02-22,5885.27,273,Delivered
SHP000850,2026-04-29,2026-05-01,2026-05-05,Surat,Surat,West,LTL,CARR_08,CUST_050,2026-05-05,2026-05-07,17973.12,1683,Delivered
SHP000876,2026-06-08,2026-06-11,2026-06-14,Lucknow,Chennai,North,LTL,CARR_06,CUST_046,2026-06-14,2026-06-20,15922.55,1167,Delivered
SHP004871,2026-04-23,2026-04-24,2026-04-30,Delhi,Nagpur,North,PTL,CARR_07,CUST_055,2026-04-30,2026-04-25,185471.23,2265,Delivered
SHP004001,2026-04-30,2026-05-03,2026-05-10,Mumbai,Patna,West,FTL,CARR_12,CUST_057,2026-05-10,2026-05-13,42573.77,1714,Delivered
SHP003554,2026-02-14,2026-02-15,2026-02-17,Hyderabad,Bhubaneswar,South,LTL,CARR_01,CUST_041,2026-02-17,,14551.21,1092,In-Transit
SHP003881,2026-03-17,2026-03-20,2026-03-25,Pune,Patna,West,FTL,CARR_09,CUST_066,2026-03-25,2026-03-21,29445.67,1127,Delayed
SHP001870,2026-02-14,2026-02-16,2026-02-23,Hyderabad,Indore,South,FTL,CARR_13,CUST_001,2026-02-23,,62852.46,2464,Delivered
SHP003766,2026-06-14,2026-06-17,2026-06-23,Ahmedabad,Bhopal,West,FTL,CARR_02,CUST_019,2026-06-23,2026-06-25,4802.06,202,Delayed
SHP003020,2026-06-23,2026-06-24,2026-07-02,Hyderabad,Bengaluru,South,FTL,CARR_13,CUST_066,2026-07-02,,62094.53,2261,Delivered
SHP003753,,2026-04-09,2026-04-14,Surat,Raipur,West,FTL,CARR_09,CUST_023,2026-04-14,2026-04-11,41680.29,1796,Delayed
SHP004672,2026-02-09,2026-02-12,2026-02-20,Delhi,Nagpur,North,LTL,CARR_10,CUST_045,2026-02-20,,23131.73,2260,Cancelled
SHP001287,2026-05-09,2026-05-09,2026-05-13,Bhopal,Indore,Central,PTL,CARR_13,CUST_013,2026-05-13,2026-05-10,9669.38,1392,Delivered
SHP000666,2026-02-27,2026-02-28,2026-03-07,Bhopal,Chennai,Central,LTL,CARR_08,CUST_018,2026-03-07,2026-03-05,16919.73,1323,Delayed
SHP004640,2026-06-05,2026-06-05,2026-06-10,Delhi,Ahmedabad,North,LTL,CARR_13,CUST_071,2026-06-10,2026-06-06,5164.94,424,Delivered
SHP001236,2026-03-26,2026-03-26,2026-03-31,Jaipur,Raipur,North,LTL,CARR_10,CUST_119,2026-03-31,2026-03-31,1767.96,135,Delivered
SHP001086,2026-03-26,2026-03-26,2026-04-03,Delhi,Guwahati,North,LTL,CARR_02,CUST_040,2026-04-03,2026-03-28,5471.36,527,Delivered
SHP000270,2026-05-04,2026-05-05,2026-05-13,Jaipur,Chandigarh,North,LTL,CARR_08,CUST_112,2026-05-13,,21412.75,1732,In-Transit
SHP004558,2026-06-22,2026-06-25,2026-06-29,Surat,Bhopal,West,PTL,CARR_14,CUST_084,2026-06-29,,18665.56,2083,Cancelled
SHP000875,2026-06-04,2026-06-06,2026-06-11,Lucknow,Hyderabad,North,FTL,CARR_08,CUST_060,2026-06-11,,44547.83,1645,In-Transit
SHP001788,2026-01-28,2026-01-28,2026-02-04,Indore,Guwahati,Central,LTL,CARR_06,CUST_032,2026-02-04,2026-02-07,28396.38,2181,Delivered
SHP000696,2026-02-08,2026-02-11,2026-02-13,Indore,Kochi,Central,PTL,CARR_01,CUST_085,2026-02-13,2026-02-13,7904.1,969,Delayed
SHP001183,2026-05-25,2026-05-28,2026-06-02,Bhubaneswar,Hyderabad,East,PTL,CARR_07,CUST_048,2026-06-02,2026-06-02,153124.97,1633,Delivered
SHP001475,2026-06-20,2026-06-23,2026-06-27,Guwahati,Raipur,East,PTL,CARR_06,CUST_064,2026-06-27,2026-06-29,13559.26,1518,Delivered
SHP000448,2026-06-06,2026-06-08,2026-06-12,Ahmedabad,Guwahati,West,FTL,CARR_15,CUST_034,2026-06-12,2026-06-17,51251.2,1834,Delivered
SHP001556,2026-03-03,2026-03-03,2026-03-09,Guwahati,Bhopal,East,LTL,CARR_08,CUST_068,2026-03-09,2026-03-06,1591.84,120,Delivered
SHP002574,2026-06-12,2026-06-14,2026-06-19,Nagpur,Jaipur,Central,FTL,CARR_11,CUST_042,2026-06-19,2026-06-19,35931.35,1305,Delivered
SHP004729,2026-04-05,2026-04-07,2026-04-13,Chandigarh,Chandigarh,North,FTL,CARR_06,CUST_029,2026-04-13,2026-04-04,34692.56,1527,Delivered
SHP002319,2026-04-10,2026-04-10,2026-04-15,Guwahati,Lucknow,East,LTL,CARR_12,CUST_076,2026-04-15,2026-04-11,30965.52,2486,Delivered
SHP004849,2026-04-30,2026-04-30,2026-05-08,Kochi,Guwahati,South,FTL,CARR_15,CUST_006,2026-05-08,,33423.87,1508,Delivered
SHP003709,2026-03-14,2026-03-17,2026-03-25,Lucknow,Jaipur,North,FTL,CARR_01,CUST_098,2026-03-25,,3881.27,139,Cancelled
SHP003458,2026-04-24,2026-04-26,2026-04-28,Nagpur,Kochi,Central,PTL,CARR_10,CUST_098,2026-04-28,2026-05-04,17400.0,2468,Delivered
SHP000918,2026-05-07,2026-05-10,2026-05-16,Mumbai,Chandigarh,West,PTL,CARR_05,CUST_119,2026-05-16,2026-05-19,9503.59,1184,Delivered
SHP001424,2026-04-13,2026-04-16,2026-04-21,Chennai,Hyderabad,South,LTL,CARR_12,CUST_062,2026-04-21,,9428.02,817,In-Transit
SHP004528,2026-01-01,2026-01-04,2026-01-09,Bhubaneswar,Kolkata,East,LTL,CARR_04,CUST_056,2026-01-09,2026-01-10,22431.33,2124,Delivered
SHP003938,2026-06-01,2026-06-01,2026-06-03,Chandigarh,Surat,North,PTL,CARR_10,CUST_017,2026-06-03,2026-06-09,6715.3,835,Delivered
SHP004215,2026-04-06,2026-04-08,2026-04-10,Chennai,Guwahati,South,FTL,CARR_11,CUST_084,2026-04-10,,21221.44,893,Delivered
SHP000217,2026-05-05,2026-05-07,2026-05-13,Chandigarh,Pune,North,PTL,CARR_07,CUST_095,2026-05-13,2026-05-08,52860.34,701,Delivered
SHP000638,2026-06-15,2026-06-17,2026-06-19,Indore,Raipur,Central,FTL,CARR_14,CUST_113,2026-06-19,2026-06-24,11729.03,519,Delivered
SHP002386,2026-06-30,2026-07-01,2026-07-09,Surat,Surat,West,LTL,CARR_10,CUST_018,2026-07-09,2026-07-02,10225.24,982,Delivered
SHP001396,2026-05-18,2026-05-20,2026-05-25,Indore,Mumbai,Central,FTL,CARR_14,CUST_038,2026-05-25,2026-05-24,14874.95,610,Delivered
SHP003068,2026-02-25,2026-02-26,2026-02-28,Patna,Surat,East,FTL,CARR_10,CUST_072,2026-02-28,,49020.02,2154,In-Transit
SHP003948,2026-01-25,2026-01-27,2026-02-02,Chandigarh,Chandigarh,North,LTL,CARR_12,CUST_108,2026-02-02,,18538.24,1511,Cancelled
SHP003321,2026-05-27,2026-05-28,2026-06-02,Guwahati,Mumbai,East,PTL,CARR_07,CUST_069,2026-06-02,2026-06-02,42132.1,467,Delivered
SHP001438,2026-02-23,2026-02-26,2026-03-06,Chennai,Bengaluru,South,PTL,CARR_01,CUST_088,2026-03-06,,6100.71,706,In-Transit
SHP000926,2026-04-22,2026-04-25,2026-04-27,Lucknow,Indore,North,FTL,CARR_01,CUST_063,2026-04-27,2026-05-02,42641.14,1841,Delivered
SHP001316,2026-01-03,,2026-01-07,Raipur,Bhubaneswar,Central,LTL,CARR_03,CUST_092,2026-01-07,2026-01-06,11151.07,866,Delivered
SHP001322,2026-03-13,2026-03-16,2026-03-18,Kolkata,Jaipur,East,FTL,CARR_13,CUST_031,2026-03-18,2026-03-23,44437.96,1878,Delayed
SHP000152,2026-01-22,2026-01-24,2026-01-31,Guwahati,Pune,East,LTL,CARR_11,CUST_049,2026-01-31,2026-01-28,3683.86,351,Delivered
SHP004942,2026-01-29,2026-01-29,2026-02-02,Raipur,Chandigarh,Central,LTL,CARR_02,CUST_027,2026-02-02,2026-02-08,8042.15,597,Delayed
SHP003115,2026-05-28,2026-05-31,2026-06-06,Patna,Kolkata,East,PTL,CARR_12,CUST_039,2026-06-06,2026-06-07,20410.83,2404,Delivered
SHP002296,2026-01-22,2026-01-25,2026-01-31,Chennai,Surat,South,LTL,CARR_02,CUST_096,2026-01-31,2026-02-02,5335.11,503,Delivered
SHP002430,2026-02-28,2026-02-28,2026-03-03,Kolkata,Bhubaneswar,East,PTL,CARR_04,CUST_060,2026-03-03,2026-03-05,17163.69,1916,Delivered
SHP004870,2026-03-09,2026-03-12,2026-03-18,Indore,Mumbai,Central,LTL,CARR_03,CUST_011,2026-03-18,2026-03-21,9042.36,724,Delivered
SHP002350,2026-06-12,2026-06-15,2026-06-19,Kolkata,Surat,East,PTL,CARR_01,CUST_107,2026-06-19,2026-06-19,12314.85,1784,Delivered
SHP003866,2026-01-24,2026-01-27,2026-02-03,Mumbai,Chennai,West,FTL,CARR_14,CUST_116,2026-02-03,2026-02-06,17191.31,598,Delivered
SHP001224,2026-05-24,2026-05-26,2026-05-31,Chennai,Indore,South,PTL,CARR_03,CUST_021,2026-05-31,,10381.96,1435,In-Transit
SHP001863,2026-06-10,2026-06-11,2026-06-14,Ahmedabad,Lucknow,West,FTL,CARR_11,CUST_081,2026-06-14,,20113.88,826,In-Transit
SHP003412,2026-01-02,2026-01-03,2026-01-11,Pune,Kolkata,West,FTL,CARR_04,CUST_018,2026-01-11,2026-01-06,51811.29,1946,Delivered
SHP002013,2026-02-12,2026-02-14,2026-02-21,Kochi,Kochi,South,LTL,CARR_04,CUST_088,2026-02-21,,21208.0,1939,Delivered
SHP001206,2026-03-01,2026-03-01,2026-03-09,Pune,Chandigarh,West,LTL,CARR_15,CUST_062,2026-03-09,2026-03-11,8635.8,809,Delivered
SHP002946,2026-03-17,2026-03-18,2026-03-22,Delhi,Pune,North,LTL,CARR_12,CUST_010,2026-03-22,2026-03-19,29400.21,2378,Delivered
SHP003007,2026-01-06,2026-01-08,2026-01-16,Surat,Chennai,West,LTL,CARR_07,CUST_106,2026-01-16,,285966.88,2427,Cancelled
SHP002309,2026-06-05,2026-06-07,2026-06-11,Chandigarh,Raipur,North,LTL,CARR_04,CUST_092,2026-06-11,2026-06-14,25109.37,2236,Delivered
SHP001266,2026-02-02,2026-02-02,2026-02-06,Ahmedabad,Hyderabad,West,PTL,CARR_07,CUST_019,2026-02-06,2026-02-08,194109.32,2496,Delivered
SHP003329,2026-06-24,,2026-07-02,Bhopal,Indore,Central,LTL,CARR_14,CUST_117,2026-07-02,2026-07-02,5758.35,532,Delayed
SHP001856,2026-04-10,2026-04-11,2026-04-13,Guwahati,Nagpur,East,FTL,CARR_12,CUST_016,2026-04-13,2026-04-17,43958.7,1660,Delivered
SHP000957,2026-02-26,2026-03-01,2026-03-06,Indore,Ahmedabad,Central,FTL,CARR_04,CUST_006,2026-03-06,2026-03-05,1444.03,59,Delayed
SHP003251,2026-01-20,2026-01-23,2026-01-29,Mumbai,Raipur,West,PTL,CARR_07,CUST_021,2026-01-29,2026-01-31,127067.53,1255,Delivered
SHP004503,2026-03-13,2026-03-16,2026-03-21,Raipur,Kolkata,Central,FTL,CARR_06,CUST_096,2026-03-21,2026-03-20,54737.59,2092,Delayed
SHP003323,2026-02-02,2026-02-03,2026-02-11,Chennai,Indore,South,PTL,CARR_02,CUST_034,2026-02-11,2026-02-10,8257.14,994,Delivered
SHP001758,2026-03-21,2026-03-22,2026-03-29,Delhi,Patna,North,FTL,CARR_08,CUST_117,2026-03-29,2026-03-30,37651.11,1318,Delivered
SHP000802,2026-03-19,2026-03-21,2026-03-28,Kolkata,Chennai,East,FTL,CARR_12,CUST_085,2026-03-28,2026-03-29,62093.81,2469,Delivered
SHP001503,2026-06-14,2026-06-15,2026-06-18,Jaipur,Indore,North,PTL,CARR_11,CUST_039,2026-06-18,2026-06-19,5768.0,767,Delivered
SHP003078,2026-02-19,2026-02-19,2026-02-26,Delhi,Chennai,North,LTL,CARR_08,CUST_020,2026-02-26,2026-03-01,4938.71,407,Delayed
SHP000321,2026-02-07,2026-02-09,2026-02-13,Bengaluru,Delhi,South,FTL,CARR_10,CUST_119,2026-02-13,,11886.88,505,Delivered
SHP000397,2026-01-28,2026-01-29,2026-01-31,Mumbai,Lucknow,West,PTL,CARR_05,CUST_010,2026-01-31,,5242.22,656,Cancelled
SHP001423,2026-05-26,2026-05-29,2026-06-01,Nagpur,Lucknow,Central,LTL,CARR_02,CUST_059,2026-06-01,2026-06-01,16896.39,1462,Delayed
SHP000021,2026-02-03,2026-02-05,2026-02-12,Delhi,Ahmedabad,North,FTL,CARR_06,CUST_099,2026-02-12,2026-02-04,47195.55,1859,Delivered
SHP004991,2026-03-20,2026-03-20,2026-03-26,Mumbai,Pune,West,LTL,CARR_13,CUST_003,2026-03-26,2026-03-28,19265.69,1579,Delivered
SHP001909,2026-06-17,2026-06-20,2026-06-27,Mumbai,Chandigarh,West,PTL,CARR_09,CUST_030,2026-06-27,,8647.49,1195,In-Transit
SHP002904,2026-03-27,2026-03-27,2026-04-02,Guwahati,Chennai,East,LTL,CARR_07,CUST_078,2026-04-02,2026-03-29,62283.16,477,Delivered
SHP001621,2026-05-23,2026-05-25,2026-05-27,Surat,Kolkata,West,LTL,CARR_04,CUST_117,2026-05-27,2026-06-03,13891.91,1348,Delivered
SHP002943,2026-04-13,2026-04-15,2026-04-20,Bengaluru,Chennai,South,PTL,CARR_03,CUST_095,2026-04-20,,9445.07,1203,Delivered
SHP000994,2026-01-07,2026-01-07,2026-01-09,Hyderabad,Kolkata,South,FTL,CARR_01,CUST_100,2026-01-09,,30807.09,1370,In-Transit
SHP000824,2026-04-05,2026-04-07,2026-04-11,Raipur,Bhubaneswar,Central,PTL,CARR_05,CUST_056,2026-04-11,2026-04-11,17327.74,2263,Delayed
SHP000804,2026-05-28,2026-05-31,2026-06-03,Raipur,Ahmedabad,Central,FTL,CARR_14,CUST_105,2026-06-03,2026-06-08,49384.16,1906,Delivered
SHP003956,2026-06-22,2026-06-22,2026-06-29,Ahmedabad,Lucknow,West,FTL,CARR_09,CUST_004,2026-06-29,2026-06-30,35788.69,1482,Delivered
SHP002718,,2026-01-26,2026-02-02,Lucknow,Surat,North,LTL,CARR_13,CUST_002,2026-02-02,2026-01-27,12778.52,1157,Delayed
SHP004733,2026-04-08,2026-04-09,2026-04-12,Lucknow,Chennai,North,FTL,CARR_10,CUST_117,2026-04-12,2026-04-12,45695.83,2047,Delivered
SHP004632,2026-05-19,2026-05-19,2026-05-22,Bhopal,Ahmedabad,Central,FTL,CARR_10,CUST_036,2026-05-22,2026-05-26,7010.47,274,Delivered
SHP003181,2026-02-07,2026-02-09,2026-02-16,Chennai,Mumbai,South,FTL,CARR_01,CUST_093,2026-02-16,,36944.09,1629,Delivered
SHP001639,2026-04-27,2026-04-28,2026-05-03,Pune,Pune,West,LTL,CARR_02,CUST_054,2026-05-03,2026-05-02,12444.41,1074,Delayed
SHP004785,2026-05-22,2026-05-22,2026-05-30,Pune,Guwahati,West,FTL,CARR_15,CUST_056,2026-05-30,2026-05-24,48945.44,1983,Delivered
SHP000825,2026-06-04,2026-06-05,2026-06-12,Chennai,Lucknow,South,LTL,CARR_02,CUST_104,2026-06-12,,30508.48,2319,Delivered
SHP003855,2026-01-30,2026-02-02,2026-02-10,Lucknow,Mumbai,North,PTL,CARR_10,CUST_002,2026-02-10,,19745.98,2170,Cancelled
SHP004683,2026-05-02,2026-05-02,2026-05-06,Bengaluru,Bhopal,South,LTL,CARR_03,CUST_051,2026-05-06,,29283.95,2249,Delayed
SHP000706,2026-02-22,2026-02-24,2026-03-01,Chandigarh,Lucknow,North,PTL,CARR_01,CUST_048,2026-03-01,,15069.87,1872,Cancelled
SHP000854,2026-02-21,2026-02-22,2026-02-26,Delhi,Kolkata,North,FTL,CARR_15,CUST_046,2026-02-26,2026-02-26,7671.06,320,Delayed
SHP004302,2026-01-17,2026-01-18,2026-01-25,Delhi,Kochi,North,FTL,CARR_01,CUST_076,2026-01-25,2026-01-27,16595.84,668,Delivered
SHP003043,2026-03-19,2026-03-21,2026-03-27,Patna,Kochi,East,PTL,CARR_12,CUST_108,2026-03-27,,10370.06,1219,In-Transit
SHP004508,2026-02-14,2026-02-15,2026-02-20,Patna,Patna,East,PTL,CARR_04,CUST_108,2026-02-20,2026-02-23,20810.26,2454,Delivered
SHP002526,2026-05-21,2026-05-24,2026-05-31,Bhubaneswar,Bengaluru,East,FTL,CARR_14,CUST_116,2026-05-31,2026-05-21,20068.24,728,Delivered
SHP002748,2026-02-03,2026-02-06,2026-02-09,Nagpur,Guwahati,Central,PTL,CARR_11,CUST_035,2026-02-09,2026-02-08,15052.24,2170,Delivered
SHP003740,2026-05-19,2026-05-22,2026-05-25,Nagpur,Jaipur,Central,FTL,CARR_13,CUST_114,2026-05-25,2026-05-26,22420.95,1031,Delivered
SHP000256,2026-04-26,2026-04-29,2026-05-03,Kolkata,Nagpur,East,PTL,CARR_07,CUST_050,2026-05-03,2026-05-06,7799.09,119,Delivered
SHP004148,2026-03-08,2026-03-08,2026-03-11,Jaipur,Kochi,North,FTL,CARR_07,CUST_085,2026-03-11,,496836.39,2073,Cancelled
SHP000692,2026-03-08,2026-03-11,2026-03-14,Kolkata,Pune,East,FTL,CARR_13,CUST_036,2026-03-14,2026-03-14,17076.75,764,Delivered
SHP000357,2026-05-28,2026-05-31,2026-06-03,Chandigarh,Kochi,North,LTL,CARR_07,CUST_079,2026-06-03,2026-06-04,169690.61,1346,Delivered
SHP003555,2026-02-05,2026-02-05,2026-02-13,Mumbai,Pune,West,LTL,CARR_05,CUST_091,2026-02-13,2026-02-06,15388.48,1481,Delivered
SHP002256,2026-06-17,2026-06-18,2026-06-25,Indore,Raipur,Central,LTL,CARR_02,CUST_060,2026-06-25,2026-06-24,21997.7,1635,Delivered
SHP001851,2026-03-01,2026-03-03,2026-03-10,Bhubaneswar,Raipur,East,LTL,CARR_04,CUST_030,2026-03-10,2026-03-13,23601.43,1717,Delayed
SHP003867,2026-01-22,2026-01-22,2026-01-29,Chandigarh,Jaipur,North,FTL,CARR_03,CUST_059,2026-01-29,2026-01-28,47822.13,2183,Delivered
SHP003985,2026-01-23,2026-01-24,2026-01-30,Jaipur,Lucknow,North,FTL,CARR_06,CUST_013,2026-01-30,2026-01-27,25226.84,1178,Delivered
SHP004398,2026-03-30,2026-03-31,2026-04-07,Delhi,Guwahati,North,PTL,CARR_11,CUST_041,2026-04-07,,7410.59,1082,In-Transit
SHP000548,,2026-03-05,2026-03-10,Guwahati,Bhubaneswar,East,LTL,CARR_06,CUST_041,2026-03-10,,3893.95,284,Cancelled
SHP004827,2026-03-02,2026-03-02,2026-03-09,Jaipur,Chennai,North,FTL,CARR_10,CUST_112,2026-03-09,2026-03-08,23069.25,1068,Delivered
SHP002004,2026-01-22,2026-01-23,2026-01-30,Nagpur,Indore,Central,FTL,CARR_11,CUST_099,2026-01-30,2026-01-21,57091.76,2044,Delivered
SHP000153,2026-04-03,2026-04-05,2026-04-08,Bhubaneswar,Delhi,East,FTL,CARR_05,CUST_057,2026-04-08,2026-04-07,9220.76,407,Delivered
SHP003472,2026-01-23,2026-01-25,2026-02-02,Hyderabad,Lucknow,South,PTL,CARR_05,CUST_117,2026-02-02,,11234.9,1464,Delivered
SHP001602,2026-06-23,2026-06-23,2026-06-30,Patna,Hyderabad,East,LTL,CARR_08,CUST_028,2026-06-30,2026-06-29,26908.78,2030,Delivered
SHP000871,2026-05-05,2026-05-05,2026-05-07,Chennai,Surat,South,LTL,CARR_14,CUST_021,2026-05-07,,4416.32,324,Delivered
SHP000167,2026-04-26,2026-04-26,2026-04-28,Chennai,Ahmedabad,South,FTL,CARR_06,CUST_108,2026-04-28,,45305.34,2034,In-Transit
SHP003752,2026-01-26,,2026-01-30,Kolkata,Chennai,East,LTL,CARR_10,CUST_007,2026-01-30,2026-01-23,8631.21,661,Delivered
SHP001942,2026-04-22,2026-04-24,2026-05-02,Chennai,Chandigarh,South,PTL,CARR_07,CUST_067,2026-05-02,,184898.06,1862,Delivered
SHP001669,2026-05-01,2026-05-03,2026-05-09,Chennai,Mumbai,South,PTL,CARR_04,CUST_010,2026-05-09,,1722.07,200,Delivered
SHP002119,2026-05-07,2026-05-08,2026-05-12,Kochi,Ahmedabad,South,LTL,CARR_09,CUST_042,2026-05-12,,15932.4,1400,Delivered
SHP003854,2026-01-13,2026-01-15,2026-01-19,Ahmedabad,Bhopal,West,LTL,CARR_01,CUST_064,2026-01-19,2026-01-20,6487.65,525,Delivered
SHP002877,2026-06-18,,2026-06-23,Ahmedabad,Lucknow,West,FTL,CARR_06,CUST_089,2026-06-23,2026-06-28,32300.15,1392,Delivered
SHP002703,2026-06-17,2026-06-19,2026-06-25,Indore,Hyderabad,Central,PTL,CARR_09,CUST_096,2026-06-25,2026-06-25,1149.96,134,Delivered
SHP000843,2026-02-28,2026-02-28,2026-03-03,Chennai,Bhopal,South,LTL,CARR_02,CUST_015,2026-03-03,,5074.5,392,In-Transit
SHP003582,2026-04-26,2026-04-27,2026-04-30,Hyderabad,Kochi,South,FTL,CARR_02,CUST_112,2026-04-30,,5940.9,272,Cancelled
SHP001436,2026-01-25,2026-01-27,2026-01-31,Kolkata,Bhubaneswar,East,LTL,CARR_02,CUST_094,2026-01-31,2026-02-04,14844.46,1161,Delivered
SHP001470,,2026-05-21,2026-05-25,Indore,Mumbai,Central,FTL,CARR_03,CUST_092,2026-05-25,2026-05-23,31325.5,1230,Delivered
SHP002246,2026-04-29,2026-04-29,2026-05-07,Chennai,Jaipur,South,LTL,CARR_01,CUST_002,2026-05-07,,7763.43,617,Delivered
SHP002954,2026-01-20,2026-01-22,2026-01-30,Chandigarh,Kochi,North,PTL,CARR_05,CUST_094,2026-01-30,,9140.31,1102,In-Transit
SHP003335,2026-06-09,2026-06-09,2026-06-11,Guwahati,Lucknow,East,FTL,CARR_13,CUST_001,2026-06-11,2026-06-18,25195.08,1166,Delivered
SHP003585,2026-05-17,2026-05-20,2026-05-28,Delhi,Nagpur,North,FTL,CARR_02,CUST_115,2026-05-28,,36136.5,1361,In-Transit
SHP004278,2026-05-20,,2026-05-25,Bhubaneswar,Hyderabad,East,LTL,CARR_14,CUST_051,2026-05-25,2026-05-30,17565.38,1623,Delivered
SHP000659,2026-06-25,2026-06-26,2026-07-03,Surat,Indore,West,FTL,CARR_01,CUST_064,2026-07-03,2026-07-04,16740.64,665,Delivered
SHP004265,2026-05-11,2026-05-13,2026-05-15,Chandigarh,Nagpur,North,LTL,CARR_12,CUST_067,2026-05-15,2026-05-17,741.98,63,Delivered
SHP000849,2026-03-18,2026-03-19,2026-03-24,Ahmedabad,Hyderabad,West,LTL,CARR_07,CUST_104,2026-03-24,2026-03-20,224385.35,1730,Delivered
SHP000471,2026-05-13,2026-05-13,2026-05-17,Ahmedabad,Lucknow,West,FTL,CARR_01,CUST_092,2026-05-17,,32487.33,1339,In-Transit
SHP002622,2026-01-29,2026-02-01,2026-02-08,Mumbai,Ahmedabad,West,LTL,CARR_02,CUST_076,2026-02-08,2026-02-05,22180.16,1804,Delivered
SHP000213,2026-06-02,2026-06-04,2026-06-11,Mumbai,Pune,West,PTL,CARR_11,CUST_019,2026-06-11,2026-06-10,2270.87,324,Delivered
SHP004451,2026-06-21,2026-06-21,2026-06-26,Guwahati,Patna,East,LTL,CARR_03,CUST_059,2026-06-26,2026-06-25,7101.1,638,Delivered
SHP004331,2026-06-09,2026-06-09,2026-06-14,Mumbai,Ahmedabad,West,FTL,CARR_09,CUST_007,2026-06-14,2026-06-10,19275.94,689,Delivered
SHP003130,2026-06-03,,2026-06-08,Ahmedabad,Hyderabad,West,PTL,CARR_11,CUST_083,2026-06-08,2026-06-08,19615.08,2303,Delivered
SHP002391,2026-05-07,2026-05-07,2026-05-09,Kolkata,Guwahati,East,LTL,CARR_12,CUST_054,2026-05-09,,22503.29,1744,Cancelled
SHP001018,2026-05-22,2026-05-25,2026-05-31,Surat,Raipur,West,PTL,CARR_11,CUST_038,2026-05-31,,9007.03,1260,In-Transit
SHP003674,2026-04-04,2026-04-07,2026-04-10,Surat,Jaipur,West,LTL,CARR_08,CUST_053,2026-04-10,2026-04-09,14287.48,1168,Delivered
SHP000170,2026-01-31,2026-02-01,2026-02-09,Lucknow,Bhubaneswar,North,PTL,CARR_02,CUST_057,2026-02-09,,20779.74,2458,Cancelled
SHP001167,2026-05-09,2026-05-12,2026-05-18,Jaipur,Bhopal,North,LTL,CARR_13,CUST_015,2026-05-18,2026-05-16,17903.64,1571,Delivered
SHP000254,2026-06-16,,2026-06-23,Jaipur,Raipur,North,LTL,CARR_05,CUST_115,2026-06-23,2026-06-23,5268.45,387,Delivered
SHP004743,2026-04-14,,2026-04-23,Jaipur,Bengaluru,North,LTL,CARR_14,CUST_055,2026-04-23,2026-04-24,26047.86,2225,Delivered
SHP002255,2026-03-03,2026-03-05,2026-03-10,Nagpur,Raipur,Central,LTL,CARR_02,CUST_085,2026-03-10,2026-03-11,24106.49,1787,Delivered
SHP000657,2026-04-21,2026-04-23,2026-04-30,Hyderabad,Mumbai,South,FTL,CARR_12,CUST_090,2026-04-30,,9422.08,415,Delayed
SHP001585,2026-02-04,2026-02-04,2026-02-09,Lucknow,Chandigarh,North,FTL,CARR_10,CUST_068,2026-02-09,2026-02-09,61274.81,2325,Delayed
SHP001011,2026-02-19,2026-02-20,2026-02-23,Raipur,Kolkata,Central,LTL,CARR_13,CUST_053,2026-02-23,2026-02-23,22763.37,2121,Delivered
SHP004847,2026-06-08,2026-06-11,2026-06-16,Ahmedabad,Nagpur,West,FTL,CARR_05,CUST_076,2026-06-16,2026-06-12,39896.31,1439,Delivered
SHP000201,2026-06-04,2026-06-05,2026-06-11,Indore,Kochi,Central,FTL,CARR_01,CUST_030,2026-06-11,2026-06-06,42659.04,2007,Delayed
SHP002667,2026-02-23,2026-02-26,2026-03-05,Kochi,Ahmedabad,South,PTL,CARR_07,CUST_039,2026-03-05,,54772.4,848,In-Transit
SHP003647,2026-04-30,2026-05-01,2026-05-06,Bengaluru,Ahmedabad,South,LTL,CARR_04,CUST_028,2026-05-06,2026-05-06,24654.9,1966,Delivered
SHP004216,2026-06-19,2026-06-20,2026-06-27,Hyderabad,Delhi,South,PTL,CARR_08,CUST_025,2026-06-27,2026-06-21,4085.45,574,Delivered
SHP002944,2026-01-10,2026-01-13,2026-01-18,Bhubaneswar,Kochi,East,LTL,CARR_14,CUST_030,2026-01-18,2026-01-14,23036.85,2197,Delivered
SHP003023,2026-01-01,2026-01-01,2026-01-07,Delhi,Kochi,North,FTL,CARR_15,CUST_005,2026-01-07,2026-01-06,35652.72,1515,Delivered
SHP003125,2026-04-16,2026-04-19,2026-04-23,Jaipur,Nagpur,North,PTL,CARR_14,CUST_043,2026-04-23,2026-04-20,5692.53,728,Delivered
SHP004114,2026-01-16,2026-01-18,2026-01-22,Mumbai,Guwahati,West,LTL,CARR_13,CUST_071,2026-01-22,2026-01-23,19225.01,1475,Delivered
SHP000985,2026-06-28,2026-06-28,2026-07-06,Bengaluru,Ahmedabad,South,LTL,CARR_11,CUST_097,2026-07-06,,12228.47,936,Delayed
SHP000265,2026-05-25,2026-05-26,2026-05-30,Nagpur,Nagpur,Central,LTL,CARR_03,CUST_073,2026-05-30,2026-06-03,2362.37,215,Delivered
SHP002665,2026-02-21,2026-02-21,2026-02-24,Ahmedabad,Pune,West,LTL,CARR_14,CUST_079,2026-02-24,2026-03-03,16955.95,1564,Delivered
SHP001107,2026-06-23,2026-06-24,2026-07-02,Kolkata,Delhi,East,LTL,CARR_12,CUST_077,2026-07-02,2026-06-25,27644.41,2006,Delivered
SHP001738,2026-05-19,2026-05-20,2026-05-28,Chennai,Patna,South,FTL,CARR_05,CUST_098,2026-05-28,,18262.53,735,Delivered
SHP001337,2026-03-08,2026-03-08,2026-03-16,Indore,Raipur,Central,LTL,CARR_07,CUST_052,2026-03-16,2026-03-14,71102.03,452,Delivered
SHP002663,2026-01-23,2026-01-23,2026-01-30,Kolkata,Bengaluru,East,PTL,CARR_11,CUST_035,2026-01-30,2026-01-29,3763.24,429,Delivered
SHP001208,2026-01-31,2026-01-31,2026-02-08,Indore,Chennai,Central,FTL,CARR_01,CUST_021,2026-02-08,2026-02-06,3950.68,146,Delivered
SHP001966,2026-03-07,2026-03-10,2026-03-14,Hyderabad,Bhubaneswar,South,LTL,CARR_08,CUST_010,2026-03-14,,3781.21,287,Delivered
SHP003927,2026-05-01,2026-05-03,2026-05-05,Nagpur,Bengaluru,Central,FTL,CARR_04,CUST_052,2026-05-05,,55699.52,2461,In-Transit
SHP002186,2026-03-27,2026-03-29,2026-03-31,Raipur,Chennai,Central,FTL,CARR_07,CUST_094,2026-03-31,2026-03-26,280439.68,1012,Delivered
SHP002509,2026-05-12,2026-05-13,2026-05-21,Pune,Lucknow,West,LTL,CARR_10,CUST_083,2026-05-21,2026-05-20,18996.39,1626,Delivered
SHP000646,2026-03-17,2026-03-17,2026-03-23,Ahmedabad,Guwahati,West,FTL,CARR_05,CUST_099,2026-03-23,,27296.34,1042,In-Transit
SHP001170,2026-06-10,2026-06-11,2026-06-18,Delhi,Chennai,North,LTL,CARR_09,CUST_017,2026-06-18,2026-06-14,7143.3,686,Delivered
SHP001841,2026-05-13,2026-05-13,2026-05-21,Hyderabad,Jaipur,South,FTL,CARR_13,CUST_009,2026-05-21,2026-05-15,61180.73,2353,Delivered
SHP001390,2026-04-18,,2026-04-23,Jaipur,Ahmedabad,North,LTL,CARR_15,CUST_088,2026-04-23,2026-04-26,6743.85,581,Delivered
SHP003864,2026-04-03,2026-04-03,2026-04-11,Ahmedabad,Lucknow,West,LTL,CARR_09,CUST_005,2026-04-11,2026-04-12,13694.93,1321,Delivered
SHP004884,2026-05-31,2026-06-01,2026-06-08,Kochi,Bengaluru,South,FTL,CARR_07,CUST_065,2026-06-08,,217889.3,1142,Cancelled
SHP001466,2026-04-22,2026-04-25,2026-05-01,Chandigarh,Ahmedabad,North,FTL,CARR_11,CUST_112,2026-05-01,2026-05-01,17953.79,734,Delivered
SHP001896,2026-02-25,2026-02-27,2026-03-04,Ahmedabad,Mumbai,West,FTL,CARR_09,CUST_040,2026-03-04,2026-02-28,19768.44,912,Delivered
SHP001082,2026-01-28,2026-01-30,2026-02-04,Delhi,Guwahati,North,FTL,CARR_10,CUST_004,2026-02-04,2026-01-31,8972.88,395,Delivered
SHP004556,2026-02-06,2026-02-07,2026-02-11,Delhi,Patna,North,LTL,CARR_13,CUST_034,2026-02-11,,18469.34,1467,Cancelled
SHP001140,2026-02-02,2026-02-04,2026-02-12,Guwahati,Nagpur,East,FTL,CARR_10,CUST_019,2026-02-12,2026-02-12,1328.86,50,Delivered
SHP001063,2026-03-25,2026-03-25,2026-03-28,Nagpur,Pune,Central,PTL,CARR_12,CUST_055,2026-03-28,2026-03-30,18801.46,2315,Delivered
SHP004899,2026-03-04,2026-03-07,2026-03-10,Chennai,Lucknow,South,LTL,CARR_07,CUST_062,2026-03-10,,228114.4,2238,Delivered
SHP001350,2026-04-10,2026-04-12,2026-04-19,Lucknow,Ahmedabad,North,LTL,CARR_12,CUST_071,2026-04-19,,11616.61,1053,Cancelled
SHP002583,2026-06-19,2026-06-21,2026-06-24,Raipur,Jaipur,Central,FTL,CARR_01,CUST_111,2026-06-24,,32148.31,1401,Cancelled
SHP001869,2026-03-02,2026-03-05,2026-03-07,Bhopal,Bengaluru,Central,LTL,CARR_05,CUST_050,2026-03-07,,18855.77,1739,In-Transit
SHP002885,,,2026-02-19,Ahmedabad,Raipur,West,PTL,CARR_09,CUST_002,2026-02-19,2026-02-23,10625.97,1361,Delayed
SHP003797,2026-01-15,2026-01-17,2026-01-21,Ahmedabad,Surat,West,FTL,CARR_12,CUST_039,2026-01-21,2026-01-20,11566.84,494,Delivered
SHP002616,2026-03-14,2026-03-16,2026-03-20,Chandigarh,Kolkata,North,LTL,CARR_06,CUST_048,2026-03-20,,2450.71,196,In-Transit
SHP001858,2026-05-19,2026-05-22,2026-05-29,Chennai,Patna,South,LTL,CARR_14,CUST_013,2026-05-29,,33336.15,2438,Delivered
SHP003485,2026-02-11,2026-02-12,2026-02-15,Kochi,Guwahati,South,PTL,CARR_03,CUST_092,2026-02-15,,7776.94,1083,Delivered
SHP002141,2026-02-16,2026-02-19,2026-02-25,Bengaluru,Ahmedabad,South,LTL,CARR_11,CUST_093,2026-02-25,,8233.28,705,In-Transit
SHP001275,2026-01-03,2026-01-05,2026-01-10,Bhopal,Patna,Central,LTL,CARR_08,CUST_026,2026-01-10,2026-01-14,9104.01,803,Delivered
SHP001148,2026-04-18,2026-04-18,2026-04-26,Guwahati,Patna,East,FTL,CARR_15,CUST_020,2026-04-26,2026-04-25,33396.16,1168,Delivered
SHP004436,2026-02-24,2026-02-24,2026-03-01,Mumbai,Ahmedabad,West,PTL,CARR_03,CUST_095,2026-03-01,2026-03-05,3384.59,413,Delivered
SHP000037,2026-02-09,2026-02-10,2026-02-15,Delhi,Chandigarh,North,FTL,CARR_01,CUST_080,2026-02-15,2026-02-13,13198.52,518,Delivered
SHP002736,2026-04-14,2026-04-15,2026-04-19,Hyderabad,Delhi,South,FTL,CARR_03,CUST_111,2026-04-19,,17117.65,598,Delivered
SHP001132,2026-01-04,2026-01-07,2026-01-11,Lucknow,Surat,North,LTL,CARR_02,CUST_010,2026-01-11,2026-01-13,5151.91,404,Delivered
SHP002248,2026-04-05,2026-04-08,2026-04-13,Bengaluru,Lucknow,South,LTL,CARR_12,CUST_040,2026-04-13,,24432.21,1893,Delivered
SHP004228,2026-05-04,2026-05-05,2026-05-07,Kochi,Patna,South,FTL,CARR_02,CUST_034,2026-05-07,,57307.53,2023,In-Transit
SHP002682,,2026-01-12,2026-01-17,Lucknow,Nagpur,North,LTL,CARR_12,CUST_104,2026-01-17,2026-01-22,20270.96,1723,Delivered
SHP001550,2026-02-04,2026-02-06,2026-02-10,Chennai,Mumbai,South,LTL,CARR_07,CUST_052,2026-02-10,,19964.28,156,Delivered
SHP003186,2026-04-29,2026-04-29,2026-05-05,Raipur,Ahmedabad,Central,FTL,CARR_10,CUST_089,2026-05-05,2026-05-01,20729.53,932,Delivered
SHP003636,2026-06-14,2026-06-16,2026-06-20,Raipur,Chennai,Central,FTL,CARR_01,CUST_096,2026-06-20,2026-06-21,10793.86,437,Delivered
SHP000361,2026-04-26,2026-04-29,2026-05-02,Raipur,Nagpur,Central,LTL,CARR_07,CUST_071,2026-05-02,2026-05-05,76381.59,811,Delivered
SHP000822,2026-05-21,2026-05-22,2026-05-24,Kolkata,Patna,East,LTL,CARR_01,CUST_032,2026-05-24,2026-05-27,22841.78,2075,Delivered
SHP002168,2026-06-08,2026-06-10,2026-06-15,Delhi,Ahmedabad,North,PTL,CARR_03,CUST_007,2026-06-15,2026-06-15,16956.34,2111,Delivered
SHP003390,2026-05-19,2026-05-22,2026-05-28,Kochi,Bhopal,South,FTL,CARR_05,CUST_091,2026-05-28,,10777.72,410,Delivered
SHP000933,2026-02-02,2026-02-02,2026-02-04,Raipur,Guwahati,Central,FTL,CARR_14,CUST_064,2026-02-04,2026-02-06,42862.95,1555,Delivered
SHP003430,2026-06-24,2026-06-24,2026-07-02,Mumbai,Ahmedabad,West,LTL,CARR_10,CUST_001,2026-07-02,,21485.85,1707,In-Transit
SHP002272,2026-02-25,2026-02-25,2026-02-27,Mumbai,Chandigarh,West,FTL,CARR_13,CUST_048,2026-02-27,2026-02-26,53032.35,2458,Delivered
SHP001370,2026-05-10,2026-05-13,2026-05-21,Kochi,Bhubaneswar,South,FTL,CARR_12,CUST_001,2026-05-21,,1487.8,61,Delivered
SHP004234,2026-03-08,2026-03-09,2026-03-12,Lucknow,Chandigarh,North,FTL,CARR_02,CUST_063,2026-03-12,2026-03-14,12017.75,560,Delivered
SHP004084,2026-04-09,2026-04-09,2026-04-12,Delhi,Lucknow,North,PTL,CARR_07,CUST_062,2026-04-12,2026-04-15,96928.08,1208,Delivered
SHP000238,2026-05-04,2026-05-06,2026-05-09,Nagpur,Kolkata,Central,LTL,CARR_12,CUST_032,2026-05-09,2026-05-05,31329.08,2336,Delivered
SHP004914,2026-02-13,2026-02-16,2026-02-19,Bhubaneswar,Chandigarh,East,FTL,CARR_11,CUST_117,2026-02-19,,48786.08,1922,Cancelled
SHP003685,2026-03-14,2026-03-16,2026-03-19,Raipur,Mumbai,Central,LTL,CARR_13,CUST_054,2026-03-19,2026-03-18,4068.57,379,Delivered
SHP001349,2026-01-28,2026-01-31,2026-02-08,Bhubaneswar,Bhopal,East,FTL,CARR_01,CUST_039,2026-02-08,2026-02-10,9711.15,355,Delivered
SHP003750,2026-02-09,2026-02-09,2026-02-14,Chennai,Mumbai,South,FTL,CARR_07,CUST_111,2026-02-14,2026-02-18,570869.14,2398,Delivered
SHP002953,2026-03-10,2026-03-10,2026-03-18,Chandigarh,Delhi,North,PTL,CARR_12,CUST_108,2026-03-18,2026-03-11,20559.47,2487,Delivered
SHP002754,2026-01-19,2026-01-19,2026-01-21,Surat,Pune,West,PTL,CARR_13,CUST_029,2026-01-21,2026-01-28,9537.32,1296,Delayed
SHP002098,2026-03-29,2026-03-30,2026-04-03,Patna,Indore,East,PTL,CARR_02,CUST_065,2026-04-03,,16569.77,1962,In-Transit
SHP003107,2026-02-23,2026-02-25,2026-02-28,Indore,Ahmedabad,Central,FTL,CARR_15,CUST_006,2026-02-28,2026-03-06,6793.46,267,Delivered
SHP000895,2026-06-04,2026-06-06,2026-06-10,Kochi,Raipur,South,FTL,CARR_07,CUST_012,2026-06-10,,388517.43,1519,Delivered
SHP000781,2026-02-13,2026-02-14,2026-02-21,Nagpur,Patna,Central,FTL,CARR_07,CUST_101,2026-02-21,2026-02-24,165271.24,693,Delivered
SHP003238,2026-04-28,2026-04-29,2026-05-06,Nagpur,Kolkata,Central,FTL,CARR_06,CUST_100,2026-05-06,2026-05-09,45747.82,1874,Delivered
SHP000616,2026-03-04,2026-03-04,2026-03-12,Surat,Kolkata,West,LTL,CARR_11,CUST_008,2026-03-12,2026-03-07,5409.51,481,Delivered
SHP000001,2026-06-23,2026-06-23,2026-06-28,Delhi,Patna,North,FTL,CARR_12,CUST_014,2026-06-28,2026-07-03,3865.23,180,Delivered
SHP001174,2026-06-24,2026-06-24,2026-06-28,Bengaluru,Chandigarh,South,PTL,CARR_02,CUST_054,2026-06-28,2026-07-02,14184.57,1598,Delivered
SHP001461,2026-02-28,2026-03-01,2026-03-05,Bhopal,Kolkata,Central,FTL,CARR_10,CUST_025,2026-03-05,2026-03-10,27881.35,1251,Delayed
SHP003974,2026-03-17,2026-03-20,2026-03-28,Bhubaneswar,Patna,East,FTL,CARR_01,CUST_042,2026-03-28,2026-03-23,53344.72,2416,Delivered
SHP004450,2026-06-03,2026-06-04,2026-06-12,Indore,Lucknow,Central,LTL,CARR_15,CUST_083,2026-06-12,2026-06-10,5133.28,398,Delivered
SHP000274,2026-01-02,2026-01-02,2026-01-04,Guwahati,Patna,East,FTL,CARR_12,CUST_102,2026-01-04,2026-01-11,41488.33,1586,Delivered
SHP001017,2026-01-17,2026-01-19,2026-01-25,Mumbai,Bhopal,West,LTL,CARR_10,CUST_075,2026-01-25,2026-01-24,10771.29,794,Delivered
SHP000954,2026-01-01,2026-01-01,2026-01-09,Delhi,Bhubaneswar,North,PTL,CARR_06,CUST_044,2026-01-09,2026-01-09,15311.2,2102,Delivered
SHP004308,,2026-03-24,2026-03-31,Pune,Kochi,West,FTL,CARR_04,CUST_061,2026-03-31,2026-03-30,28595.56,1253,Delayed
SHP000908,2026-01-11,,2026-01-15,Guwahati,Chandigarh,East,LTL,CARR_02,CUST_072,2026-01-15,2026-01-11,13669.85,1280,Delivered
SHP002185,2026-05-08,2026-05-09,2026-05-11,Chandigarh,Ahmedabad,North,PTL,CARR_07,CUST_032,2026-05-11,2026-05-11,127000.09,1302,Delivered
SHP003963,2026-02-20,2026-02-21,2026-02-27,Kochi,Lucknow,South,LTL,CARR_14,CUST_055,2026-02-27,,6166.86,499,Delivered
SHP001645,2026-06-15,2026-06-17,2026-06-22,Bhubaneswar,Bengaluru,East,LTL,CARR_12,CUST_026,2026-06-22,,17340.89,1575,In-Transit
SHP004843,2026-06-08,2026-06-10,2026-06-14,Lucknow,Delhi,North,LTL,CARR_11,CUST_079,2026-06-14,2026-06-20,8508.1,743,Delivered
SHP004257,2026-04-15,2026-04-15,2026-04-20,Ahmedabad,Mumbai,West,LTL,CARR_12,CUST_072,2026-04-20,2026-04-17,16834.53,1447,Delivered
SHP002642,2026-04-17,2026-04-17,2026-04-21,Kolkata,Ahmedabad,East,LTL,CARR_12,CUST_065,2026-04-21,,14784.25,1106,In-Transit
SHP001172,2026-04-02,2026-04-03,2026-04-06,Patna,Chennai,East,FTL,CARR_08,CUST_064,2026-04-06,2026-04-05,42001.65,1577,Delivered
SHP004582,2026-05-29,2026-06-01,2026-06-05,Surat,Nagpur,West,FTL,CARR_15,CUST_085,2026-06-05,2026-06-09,48255.28,1811,Delivered
SHP002512,2026-04-24,2026-04-26,2026-05-02,Kolkata,Guwahati,East,LTL,CARR_02,CUST_059,2026-05-02,2026-04-30,30509.15,2307,Delayed
SHP004193,2026-03-03,2026-03-03,2026-03-11,Bengaluru,Bhopal,South,FTL,CARR_07,CUST_068,2026-03-11,,463100.4,2104,Delivered
SHP001048,2026-05-05,2026-05-07,2026-05-10,Indore,Ahmedabad,Central,FTL,CARR_06,CUST_097,2026-05-10,2026-05-12,1839.2,81,Delivered
SHP000744,,2026-01-14,2026-01-22,Nagpur,Nagpur,Central,FTL,CARR_06,CUST_101,2026-01-22,2026-01-19,17147.28,629,Delivered
SHP004666,2026-04-24,2026-04-25,2026-04-29,Kochi,Patna,South,LTL,CARR_07,CUST_054,2026-04-29,,191592.93,1560,Delivered
SHP000032,2026-06-13,2026-06-15,2026-06-20,Surat,Kochi,West,LTL,CARR_13,CUST_032,2026-06-20,2026-06-24,11513.02,1029,Delivered
SHP004324,2026-05-06,2026-05-06,2026-05-10,Raipur,Patna,Central,PTL,CARR_06,CUST_112,2026-05-10,2026-05-07,12350.39,1731,Delivered
SHP002326,2026-06-10,,2026-06-14,Kochi,Surat,South,FTL,CARR_05,CUST_093,2026-06-14,,56121.71,2452,Delivered
SHP001108,2026-02-28,2026-03-03,2026-03-08,Delhi,Mumbai,North,LTL,CARR_12,CUST_008,2026-03-08,2026-03-07,14833.73,1337,Delayed
SHP000989,2026-02-12,2026-02-14,2026-02-21,Bengaluru,Kochi,South,FTL,CARR_04,CUST_090,2026-02-21,2026-02-23,64762.25,2323,Delivered
SHP002792,2026-06-23,2026-06-25,2026-07-01,Lucknow,Guwahati,North,FTL,CARR_09,CUST_007,2026-07-01,2026-06-27,5484.11,204,Delivered
SHP004860,2026-03-07,2026-03-07,2026-03-13,Kochi,Lucknow,South,FTL,CARR_06,CUST_109,2026-03-13,,16900.6,606,Delivered
SHP000611,2026-05-09,2026-05-10,2026-05-16,Bengaluru,Guwahati,South,PTL,CARR_09,CUST_013,2026-05-16,,12830.67,1615,Cancelled
SHP004000,2026-01-25,2026-01-25,2026-01-30,Raipur,Bhopal,Central,FTL,CARR_09,CUST_019,2026-01-30,2026-02-02,4286.3,181,Delayed
SHP000746,2026-01-25,2026-01-28,2026-02-01,Pune,Surat,West,PTL,CARR_12,CUST_032,2026-02-01,2026-01-31,4624.79,596,Delivered
SHP004789,2026-02-08,2026-02-08,2026-02-13,Bhopal,Nagpur,Central,LTL,CARR_11,CUST_087,2026-02-13,,32507.78,2456,In-Transit
SHP000775,2026-06-16,2026-06-17,2026-06-24,Nagpur,Hyderabad,Central,LTL,CARR_03,CUST_089,2026-06-24,2026-06-21,20788.72,1918,Delayed
SHP004396,2026-04-27,2026-04-27,2026-05-03,Pune,Pune,West,FTL,CARR_15,CUST_036,2026-05-03,2026-05-07,44751.5,1806,Delivered
SHP000410,2026-01-20,2026-01-21,2026-01-29,Guwahati,Kolkata,East,FTL,CARR_09,CUST_082,2026-01-29,2026-01-24,11248.69,437,Delivered
SHP004833,2026-01-14,2026-01-14,2026-01-16,Raipur,Chandigarh,Central,PTL,CARR_04,CUST_106,2026-01-16,2026-01-19,4079.76,509,Delayed
SHP003134,2026-04-30,2026-05-03,2026-05-07,Nagpur,Raipur,Central,FTL,CARR_10,CUST_005,2026-05-07,2026-05-06,30051.17,1397,Delivered
SHP003045,2026-06-05,2026-06-06,2026-06-11,Bhubaneswar,Hyderabad,East,FTL,CARR_04,CUST_057,2026-06-11,2026-06-13,51224.79,1802,Delivered
SHP003492,2026-06-30,2026-07-02,2026-07-05,Chandigarh,Patna,North,LTL,CARR_01,CUST_083,2026-07-05,2026-07-05,18522.65,1465,Delivered
SHP004395,2026-06-07,2026-06-07,2026-06-14,Bhubaneswar,Delhi,East,FTL,CARR_11,CUST_001,2026-06-14,,55297.41,2072,In-Transit
SHP003988,2026-05-01,2026-05-02,2026-05-05,Ahmedabad,Nagpur,West,FTL,CARR_11,CUST_023,2026-05-05,2026-05-11,46957.81,1729,Delivered
SHP000491,2026-03-08,2026-03-11,2026-03-14,Guwahati,Hyderabad,East,PTL,CARR_06,CUST_082,2026-03-14,2026-03-16,10416.42,1367,Delivered
SHP001676,2026-06-30,2026-07-02,2026-07-09,Mumbai,Pune,West,FTL,CARR_11,CUST_029,2026-07-09,2026-07-03,18551.27,788,Delivered
SHP000779,2026-01-02,2026-01-04,2026-01-09,Bhubaneswar,Mumbai,East,PTL,CARR_03,CUST_063,2026-01-09,2026-01-13,14958.35,2080,Delivered
SHP001514,2026-01-17,2026-01-18,2026-01-26,Indore,Chandigarh,Central,LTL,CARR_06,CUST_044,2026-01-26,2026-01-23,16657.02,1231,Delivered
SHP000797,2026-05-13,2026-05-14,2026-05-21,Kolkata,Chennai,East,FTL,CARR_01,CUST_017,2026-05-21,2026-05-17,53233.17,1974,Delivered
SHP001791,2026-05-15,2026-05-18,2026-05-24,Surat,Chennai,West,LTL,CARR_08,CUST_073,2026-05-24,,22790.59,2085,In-Transit
SHP004735,2026-05-28,2026-05-30,2026-06-07,Bhopal,Ahmedabad,Central,FTL,CARR_14,CUST_044,2026-06-07,2026-06-01,40286.34,1545,Delivered
SHP004187,2026-05-10,2026-05-10,2026-05-15,Guwahati,Bhopal,East,PTL,CARR_14,CUST_095,2026-05-15,2026-05-19,15872.99,2179,Delivered
SHP004848,2026-06-27,2026-06-29,2026-07-07,Hyderabad,Delhi,South,LTL,CARR_13,CUST_065,2026-07-07,,17480.23,1300,Delayed
SHP003477,2026-06-03,2026-06-05,2026-06-09,Indore,Lucknow,Central,PTL,CARR_10,CUST_020,2026-06-09,2026-06-12,3919.38,452,Delivered
SHP001832,2026-03-14,2026-03-15,2026-03-18,Lucknow,Bengaluru,North,FTL,CARR_13,CUST_099,2026-03-18,2026-03-24,6286.67,293,Delivered
SHP004764,2026-04-27,2026-04-28,2026-05-03,Pune,Indore,West,FTL,CARR_10,CUST_052,2026-05-03,2026-04-29,28113.55,1138,Delivered
SHP000517,2026-01-03,2026-01-06,2026-01-10,Mumbai,Patna,West,LTL,CARR_03,CUST_040,2026-01-10,2026-01-12,11392.79,973,Delivered
SHP004363,2026-01-17,2026-01-20,2026-01-28,Bengaluru,Surat,South,FTL,CARR_12,CUST_068,2026-01-28,,42767.44,1503,In-Transit
SHP003525,2026-05-12,2026-05-12,2026-05-14,Chandigarh,Chennai,North,FTL,CARR_13,CUST_071,2026-05-14,,11064.35,441,Cancelled
SHP004220,2026-04-12,2026-04-14,2026-04-17,Bengaluru,Chandigarh,South,LTL,CARR_13,CUST_002,2026-04-17,,8323.47,753,Delivered
SHP000470,2026-04-17,2026-04-19,2026-04-22,Ahmedabad,Patna,West,FTL,CARR_06,CUST_092,2026-04-22,2026-04-23,54172.26,2219,Delivered
SHP003445,2026-04-19,2026-04-21,2026-04-26,Pune,Kochi,West,LTL,CARR_02,CUST_007,2026-04-26,,2643.93,231,In-Transit
SHP000506,2026-01-03,2026-01-03,2026-01-05,Guwahati,Kochi,East,FTL,CARR_01,CUST_047,2026-01-05,2026-01-09,51348.52,2322,Delivered
SHP000263,2026-05-10,2026-05-10,2026-05-16,Chennai,Kolkata,South,LTL,CARR_15,CUST_003,2026-05-16,,22164.23,1709,Delivered
SHP000105,2026-03-08,2026-03-11,2026-03-17,Kochi,Raipur,South,PTL,CARR_02,CUST_034,2026-03-17,,10319.51,1219,Delayed
SHP003422,2026-06-19,2026-06-21,2026-06-24,Delhi,Chennai,North,FTL,CARR_04,CUST_070,2026-06-24,2026-06-26,50008.42,1879,Delayed
SHP001243,2026-03-25,2026-03-27,2026-04-02,Ahmedabad,Delhi,West,LTL,CARR_02,CUST_068,2026-04-02,2026-04-05,3353.0,289,Delayed
SHP003210,2026-05-25,2026-05-26,2026-06-03,Raipur,Hyderabad,Central,FTL,CARR_10,CUST_059,2026-06-03,2026-05-29,29225.17,1228,Delivered
SHP001198,2026-03-25,2026-03-28,2026-03-31,Ahmedabad,Indore,West,LTL,CARR_08,CUST_026,2026-03-31,2026-04-02,7055.25,644,Delayed
SHP000259,2026-05-12,2026-05-13,2026-05-16,Jaipur,Hyderabad,North,FTL,CARR_15,CUST_083,2026-05-16,2026-05-16,24686.31,954,Delivered
SHP004719,2026-04-03,2026-04-06,2026-04-09,Pune,Bhubaneswar,West,LTL,CARR_15,CUST_025,2026-04-09,2026-04-09,11105.52,867,Delivered
SHP003632,2026-03-28,2026-03-30,2026-04-01,Bhopal,Bhubaneswar,Central,FTL,CARR_04,CUST_114,2026-04-01,2026-04-03,10631.83,393,Delivered
SHP001031,2026-04-19,2026-04-20,2026-04-27,Bengaluru,Chandigarh,South,FTL,CARR_02,CUST_029,2026-04-27,,30049.85,1351,Delivered
SHP002910,2026-03-19,2026-03-21,2026-03-25,Ahmedabad,Chandigarh,West,PTL,CARR_13,CUST_069,2026-03-25,2026-03-31,19434.86,2252,Delayed
SHP004334,2026-06-26,2026-06-27,2026-07-02,Kochi,Indore,South,FTL,CARR_10,CUST_111,2026-07-02,,21397.06,889,Delivered
SHP004783,2026-03-15,2026-03-16,2026-03-18,Pune,Hyderabad,West,LTL,CARR_02,CUST_077,2026-03-18,2026-03-23,14455.33,1208,Delivered
SHP002841,2026-03-10,2026-03-13,2026-03-15,Hyderabad,Jaipur,South,LTL,CARR_06,CUST_099,2026-03-15,,6113.04,587,Delivered
SHP003934,2026-04-08,2026-04-09,2026-04-17,Indore,Pune,Central,LTL,CARR_03,CUST_007,2026-04-17,2026-04-11,13859.12,1327,Delivered
SHP003986,2026-02-19,2026-02-21,2026-02-23,Mumbai,Patna,West,PTL,CARR_10,CUST_114,2026-02-23,2026-02-25,13866.9,1911,Delivered
SHP001642,2026-06-23,2026-06-26,2026-06-29,Jaipur,Nagpur,North,PTL,CARR_03,CUST_118,2026-06-29,2026-07-04,4165.12,459,Delayed
SHP001015,2026-03-09,2026-03-11,2026-03-13,Surat,Nagpur,West,LTL,CARR_09,CUST_107,2026-03-13,2026-03-12,11757.49,1041,Delivered
SHP001481,2026-04-01,2026-04-04,2026-04-08,Kolkata,Bhubaneswar,East,PTL,CARR_08,CUST_027,2026-04-08,2026-04-12,19516.29,2136,Delivered
SHP000675,2026-02-27,2026-02-28,2026-03-05,Nagpur,Hyderabad,Central,LTL,CARR_11,CUST_037,2026-03-05,2026-03-03,29028.24,2214,Delivered
SHP001077,2026-04-19,2026-04-19,2026-04-25,Chandigarh,Chandigarh,North,PTL,CARR_15,CUST_007,2026-04-25,2026-04-25,5668.6,713,Delivered
SHP001173,2026-01-15,2026-01-17,2026-01-20,Kolkata,Ahmedabad,East,FTL,CARR_01,CUST_088,2026-01-20,2026-01-27,45701.59,1852,Delivered
SHP004939,2026-06-18,2026-06-21,2026-06-23,Kochi,Bhubaneswar,South,FTL,CARR_15,CUST_066,2026-06-23,2026-06-28,13528.52,530,Delayed
SHP003230,2026-01-23,2026-01-25,2026-02-01,Ahmedabad,Chennai,West,LTL,CARR_05,CUST_077,2026-02-01,2026-01-28,26973.06,2173,Delivered
SHP000906,2026-06-27,2026-06-29,2026-07-01,Surat,Guwahati,West,FTL,CARR_09,CUST_115,2026-07-01,2026-07-08,43751.5,1764,Delivered
SHP003539,2026-03-09,,2026-03-15,Mumbai,Chennai,West,LTL,CARR_06,CUST_042,2026-03-15,,31061.31,2389,Cancelled
SHP004686,2026-06-20,2026-06-23,2026-06-27,Bhubaneswar,Mumbai,East,FTL,CARR_03,CUST_002,2026-06-27,2026-06-30,39483.78,1647,Delivered
SHP000582,2026-04-20,2026-04-21,2026-04-24,Bhopal,Surat,Central,FTL,CARR_08,CUST_011,2026-04-24,2026-05-01,48564.71,2144,Delivered
SHP003640,2026-03-02,2026-03-03,2026-03-11,Kolkata,Pune,East,FTL,CARR_04,CUST_059,2026-03-11,2026-03-07,1328.87,61,Delayed
SHP003696,2026-03-24,2026-03-24,2026-03-31,Bhubaneswar,Ahmedabad,East,LTL,CARR_11,CUST_071,2026-03-31,2026-04-01,15644.17,1265,Delivered
SHP004902,2026-01-10,2026-01-13,2026-01-16,Jaipur,Kochi,North,LTL,CARR_07,CUST_045,2026-01-16,,26974.83,201,Cancelled
SHP002393,2026-05-28,2026-05-29,2026-06-02,Guwahati,Chennai,East,PTL,CARR_13,CUST_070,2026-06-02,,10855.17,1522,In-Transit
SHP000196,2026-04-21,2026-04-24,2026-04-26,Kolkata,Lucknow,East,FTL,CARR_15,CUST_074,2026-04-26,2026-05-02,42646.91,1617,Delivered
SHP003790,2026-06-06,2026-06-07,2026-06-10,Surat,Surat,West,FTL,CARR_05,CUST_052,2026-06-10,2026-06-14,24117.67,894,Delivered
SHP002594,2026-01-16,2026-01-19,2026-01-27,Mumbai,Surat,West,LTL,CARR_15,CUST_064,2026-01-27,2026-01-23,10568.3,1004,Delivered
SHP000668,2026-04-21,2026-04-22,2026-04-25,Hyderabad,Raipur,South,PTL,CARR_10,CUST_016,2026-04-25,,5521.65,630,Delivered
SHP002280,2026-02-24,2026-02-26,2026-03-03,Indore,Bengaluru,Central,PTL,CARR_08,CUST_069,2026-03-03,2026-03-06,16264.12,1925,Delivered
SHP002573,2026-05-20,2026-05-20,2026-05-26,Guwahati,Bengaluru,East,LTL,CARR_01,CUST_064,2026-05-26,2026-05-28,22145.49,1804,Delivered
SHP001558,2026-03-30,2026-04-02,2026-04-09,Chandigarh,Chandigarh,North,FTL,CARR_04,CUST_097,2026-04-09,2026-04-11,3998.0,152,Delivered
SHP003667,2026-04-16,2026-04-17,2026-04-20,Hyderabad,Delhi,South,FTL,CARR_06,CUST_085,2026-04-20,,40939.14,1700,Delivered
SHP002211,2026-01-08,2026-01-11,2026-01-13,Chandigarh,Patna,North,LTL,CARR_01,CUST_044,2026-01-13,2026-01-17,26654.61,2086,Delivered
SHP003972,2026-04-03,2026-04-06,2026-04-09,Pune,Bhubaneswar,West,FTL,CARR_01,CUST_047,2026-04-09,,39524.17,1537,In-Transit
SHP001457,2026-06-25,2026-06-28,2026-07-06,Raipur,Guwahati,Central,FTL,CARR_01,CUST_048,2026-07-06,2026-06-29,23108.71,810,Delayed
SHP001898,2026-05-31,2026-06-02,2026-06-08,Bhubaneswar,Chandigarh,East,PTL,CARR_07,CUST_075,2026-06-08,2026-06-05,97502.69,1414,Delivered
SHP000423,2026-04-26,2026-04-28,2026-05-03,Bhopal,Lucknow,Central,PTL,CARR_02,CUST_050,2026-05-03,2026-05-05,13304.44,1932,Delivered
SHP003601,2026-04-14,2026-04-15,2026-04-23,Bhopal,Bengaluru,Central,FTL,CARR_02,CUST_021,2026-04-23,2026-04-21,51331.08,2324,Delivered
SHP004209,2026-02-06,2026-02-08,2026-02-12,Bhopal,Bhopal,Central,LTL,CARR_10,CUST_091,2026-02-12,2026-02-11,6536.24,498,Delivered
SHP004633,2026-06-02,2026-06-03,2026-06-10,Raipur,Lucknow,Central,FTL,CARR_01,CUST_108,2026-06-10,2026-06-07,25777.03,949,Delivered
SHP003295,2026-04-03,2026-04-05,2026-04-12,Guwahati,Kochi,East,FTL,CARR_09,CUST_071,2026-04-12,,32493.06,1412,Cancelled
SHP001044,2026-04-27,2026-04-27,2026-05-04,Jaipur,Surat,North,LTL,CARR_06,CUST_088,2026-05-04,2026-04-28,6061.33,561,Delayed
SHP002868,2026-03-09,2026-03-09,2026-03-13,Chennai,Kochi,South,LTL,CARR_01,CUST_013,2026-03-13,,3831.13,303,In-Transit
SHP001523,2026-02-17,2026-02-18,2026-02-22,Delhi,Patna,North,PTL,CARR_10,CUST_017,2026-02-22,2026-02-19,11395.57,1597,Delivered
SHP001110,2026-04-22,2026-04-24,2026-04-26,Guwahati,Surat,East,LTL,CARR_06,CUST_102,2026-04-26,,14982.35,1322,Cancelled
SHP004916,2026-04-16,2026-04-18,2026-04-21,Indore,Ahmedabad,Central,FTL,CARR_11,CUST_002,2026-04-21,2026-04-28,11864.0,531,Delivered
SHP001430,2026-04-21,2026-04-23,2026-04-26,Lucknow,Raipur,North,LTL,CARR_15,CUST_068,2026-04-26,2026-05-01,16427.24,1239,Delivered
SHP004626,2026-01-08,2026-01-08,2026-01-16,Lucknow,Jaipur,North,FTL,CARR_06,CUST_111,2026-01-16,2026-01-18,9150.59,373,Delivered
SHP004309,2026-06-26,2026-06-27,2026-07-05,Indore,Pune,Central,FTL,CARR_01,CUST_049,2026-07-05,2026-07-05,36640.55,1425,Delayed
SHP002768,2026-06-04,2026-06-04,2026-06-11,Lucknow,Kolkata,North,LTL,CARR_09,CUST_120,2026-06-11,2026-06-11,1508.8,114,Delivered
SHP002127,2026-04-04,2026-04-04,2026-04-06,Bengaluru,Kolkata,South,LTL,CARR_08,CUST_094,2026-04-06,,18889.16,1803,Delivered
SHP003400,2026-02-15,2026-02-16,2026-02-23,Bengaluru,Bengaluru,South,LTL,CARR_09,CUST_073,2026-02-23,,1578.14,139,Delivered
SHP003624,2026-01-09,2026-01-09,2026-01-12,Guwahati,Raipur,East,PTL,CARR_13,CUST_012,2026-01-12,2026-01-08,20327.97,2249,Delivered
SHP001972,2026-01-29,2026-01-30,2026-02-07,Nagpur,Bhubaneswar,Central,LTL,CARR_06,CUST_041,2026-02-07,2026-02-09,6951.04,518,Delayed
SHP002431,2026-03-07,2026-03-09,2026-03-16,Mumbai,Mumbai,West,LTL,CARR_10,CUST_107,2026-03-16,2026-03-06,4928.41,441,Delivered
SHP004769,2026-06-25,2026-06-27,2026-06-30,Surat,Lucknow,West,LTL,CARR_01,CUST_032,2026-06-30,,1330.44,129,In-Transit
SHP000319,2026-02-20,2026-02-21,2026-02-23,Kochi,Nagpur,South,LTL,CARR_11,CUST_074,2026-02-23,2026-02-25,14815.87,1140,Delivered
SHP003619,2026-04-17,2026-04-19,2026-04-22,Bhubaneswar,Nagpur,East,FTL,CARR_13,CUST_048,2026-04-22,2026-04-23,52028.6,1960,Delivered
SHP002530,2026-06-11,2026-06-14,2026-06-19,Indore,Ahmedabad,Central,FTL,CARR_09,CUST_008,2026-06-19,2026-06-16,26087.94,998,Delivered
SHP002152,2026-02-12,2026-02-13,2026-02-19,Nagpur,Bhubaneswar,Central,FTL,CARR_04,CUST_074,2026-02-19,2026-02-16,20886.12,955,Delivered
SHP002018,2026-06-01,2026-06-02,2026-06-06,Chandigarh,Ahmedabad,North,LTL,CARR_08,CUST_012,2026-06-06,2026-06-10,13857.46,1055,Delivered
SHP000995,2026-06-04,2026-06-04,2026-06-08,Mumbai,Ahmedabad,West,FTL,CARR_11,CUST_096,2026-06-08,2026-06-07,32067.57,1331,Delivered
SHP003952,2026-06-03,2026-06-06,2026-06-09,Bhubaneswar,Chandigarh,East,FTL,CARR_11,CUST_075,2026-06-09,2026-06-14,9323.91,410,Delivered
SHP000473,2026-01-22,2026-01-22,2026-01-26,Kochi,Guwahati,South,LTL,CARR_15,CUST_039,2026-01-26,,21098.66,1647,In-Transit
SHP004912,2026-01-03,2026-01-03,2026-01-11,Chennai,Indore,South,FTL,CARR_03,CUST_035,2026-01-11,2026-01-10,13670.54,615,Delivered
SHP002085,2026-03-30,2026-03-31,2026-04-02,Bhubaneswar,Pune,East,PTL,CARR_01,CUST_104,2026-04-02,2026-04-07,6986.46,810,Delivered
SHP002980,2026-06-30,2026-07-03,2026-07-08,Mumbai,Mumbai,West,LTL,CARR_13,CUST_038,2026-07-08,2026-07-12,1497.57,143,Delivered
SHP003193,2026-04-24,2026-04-27,2026-05-05,Chennai,Lucknow,South,LTL,CARR_05,CUST_065,2026-05-05,,9086.35,845,Delivered
SHP002774,2026-03-09,2026-03-12,2026-03-17,Chandigarh,Bhubaneswar,North,FTL,CARR_09,CUST_015,2026-03-17,2026-03-10,4879.17,218,Delivered
SHP000522,2026-04-28,2026-05-01,2026-05-03,Pune,Indore,West,PTL,CARR_15,CUST_063,2026-05-03,2026-05-11,3168.69,423,Delayed
SHP001725,2026-04-13,2026-04-15,2026-04-22,Lucknow,Bhubaneswar,North,PTL,CARR_05,CUST_058,2026-04-22,,16611.86,2423,Cancelled
SHP000630,2026-01-03,2026-01-04,2026-01-10,Patna,Patna,East,FTL,CARR_01,CUST_056,2026-01-10,2026-01-05,64079.55,2276,Delivered
SHP002967,,2026-03-23,2026-03-30,Surat,Patna,West,LTL,CARR_06,CUST_010,2026-03-30,2026-03-28,23256.2,2072,Delivered
SHP001929,2026-05-04,2026-05-04,2026-05-07,Bhubaneswar,Nagpur,East,PTL,CARR_09,CUST_112,2026-05-07,,2769.82,313,In-Transit
SHP001871,2026-03-22,2026-03-24,2026-03-30,Nagpur,Indore,Central,PTL,CARR_14,CUST_075,2026-03-30,2026-03-26,4802.75,648,Delivered
SHP003662,2026-03-12,2026-03-14,2026-03-22,Delhi,Nagpur,North,FTL,CARR_04,CUST_093,2026-03-22,2026-03-18,45275.74,2056,Delivered
SHP004855,,2026-05-15,2026-05-17,Kochi,Delhi,South,LTL,CARR_02,CUST_027,2026-05-17,,25685.7,2034,Delivered
SHP000147,2026-01-28,2026-01-28,2026-01-31,Kolkata,Raipur,East,PTL,CARR_15,CUST_023,2026-01-31,2026-02-06,7529.28,1037,Delivered
SHP003003,2026-04-03,2026-04-04,2026-04-11,Patna,Bhubaneswar,East,PTL,CARR_14,CUST_029,2026-04-11,2026-04-08,6707.74,766,Delivered
SHP004697,2026-01-31,2026-02-03,2026-02-09,Chandigarh,Chennai,North,PTL,CARR_07,CUST_063,2026-02-09,2026-02-06,222892.6,2425,Delayed
SHP004974,2026-06-30,2026-06-30,2026-07-02,Bengaluru,Nagpur,South,LTL,CARR_03,CUST_028,2026-07-02,2026-07-09,20807.33,1943,Delivered
SHP001145,2026-01-23,2026-01-25,2026-02-01,Delhi,Ahmedabad,North,PTL,CARR_14,CUST_084,2026-02-01,2026-02-03,11784.29,1390,Delivered
SHP004246,2026-05-12,2026-05-12,2026-05-15,Nagpur,Guwahati,Central,FTL,CARR_11,CUST_027,2026-05-15,2026-05-15,37819.45,1376,Delayed
SHP004482,2026-02-24,2026-02-26,2026-03-03,Ahmedabad,Pune,West,PTL,CARR_08,CUST_024,2026-03-03,2026-02-27,18323.94,2259,Delivered
SHP004761,2026-06-16,2026-06-16,2026-06-21,Chennai,Raipur,South,FTL,CARR_15,CUST_074,2026-06-21,,55640.86,2445,Delivered
SHP000909,2026-03-23,2026-03-24,2026-04-01,Indore,Bhopal,Central,FTL,CARR_13,CUST_018,2026-04-01,2026-04-01,20942.46,924,Delivered
SHP000572,2026-01-14,2026-01-16,2026-01-23,Nagpur,Chennai,Central,FTL,CARR_12,CUST_035,2026-01-23,2026-01-20,46809.24,1763,Delivered
SHP001835,2026-04-03,2026-04-03,2026-04-09,Guwahati,Surat,East,PTL,CARR_02,CUST_024,2026-04-09,,20211.41,2359,Cancelled
SHP001800,2026-06-04,2026-06-07,2026-06-11,Bhubaneswar,Delhi,East,LTL,CARR_04,CUST_103,2026-06-11,2026-06-09,9936.08,725,Delayed
SHP003097,2026-02-07,2026-02-08,2026-02-15,Hyderabad,Raipur,South,LTL,CARR_11,CUST_074,2026-02-15,,12712.11,1154,Delivered
SHP004417,2026-02-24,2026-02-26,2026-03-01,Kolkata,Hyderabad,East,LTL,CARR_11,CUST_069,2026-03-01,2026-03-03,4412.74,342,Delayed
SHP000728,2026-06-07,2026-06-10,2026-06-13,Raipur,Bhubaneswar,Central,PTL,CARR_12,CUST_112,2026-06-13,2026-06-14,520.8,60,Delayed
SHP004419,2026-03-20,2026-03-23,2026-03-27,Kochi,Bhopal,South,FTL,CARR_11,CUST_060,2026-03-27,,5223.17,215,In-Transit
SHP000510,2026-05-01,2026-05-01,2026-05-07,Patna,Raipur,East,FTL,CARR_02,CUST_101,2026-05-07,2026-05-04,44064.2,1639,Delivered
SHP003679,2026-05-30,2026-06-01,2026-06-07,Jaipur,Kolkata,North,LTL,CARR_10,CUST_104,2026-06-07,2026-06-11,17011.5,1354,Delivered
SHP000774,2026-01-26,2026-01-28,2026-01-30,Nagpur,Hyderabad,Central,LTL,CARR_07,CUST_081,2026-01-30,,143514.82,1161,In-Transit
SHP004690,2026-03-28,2026-03-28,2026-04-05,Bhopal,Lucknow,Central,FTL,CARR_13,CUST_020,2026-04-05,2026-03-31,34327.31,1381,Delivered
SHP002880,2026-03-05,2026-03-07,2026-03-12,Kolkata,Mumbai,East,LTL,CARR_15,CUST_047,2026-03-12,2026-03-09,22718.99,1786,Delivered
SHP001597,2026-01-25,2026-01-28,2026-02-01,Nagpur,Patna,Central,FTL,CARR_11,CUST_019,2026-02-01,2026-02-05,50506.74,2341,Delivered
SHP002624,2026-05-29,2026-05-29,2026-06-01,Delhi,Chennai,North,LTL,CARR_12,CUST_040,2026-06-01,2026-06-01,22749.23,2017,Delivered
SHP004948,2026-02-24,2026-02-24,2026-03-02,Mumbai,Chennai,West,FTL,CARR_13,CUST_093,2026-03-02,2026-02-27,12211.77,514,Delivered
SHP004989,2026-04-25,2026-04-25,2026-04-30,Bengaluru,Raipur,South,PTL,CARR_12,CUST_063,2026-04-30,,19668.21,2446,Delivered
SHP001938,2026-01-13,2026-01-16,2026-01-18,Lucknow,Nagpur,North,LTL,CARR_08,CUST_070,2026-01-18,2026-01-23,17233.45,1356,Delivered
SHP001083,2026-05-16,2026-05-18,2026-05-22,Hyderabad,Delhi,South,PTL,CARR_05,CUST_047,2026-05-22,,7562.38,867,Delivered
SHP002599,2026-06-29,2026-07-01,2026-07-07,Jaipur,Mumbai,North,PTL,CARR_06,CUST_090,2026-07-07,,3706.5,454,In-Transit
SHP002123,2026-03-02,2026-03-03,2026-03-11,Indore,Jaipur,Central,LTL,CARR_11,CUST_013,2026-03-11,2026-03-09,26003.35,2291,Delivered
SHP002080,2026-03-12,2026-03-12,2026-03-14,Kolkata,Pune,East,LTL,CARR_01,CUST_103,2026-03-14,,17929.68,1632,In-Transit
SHP001040,2026-02-03,2026-02-05,2026-02-09,Raipur,Indore,Central,LTL,CARR_05,CUST_083,2026-02-09,2026-02-15,26177.83,2147,Delivered
SHP002105,2026-02-13,2026-02-16,2026-02-21,Bhubaneswar,Nagpur,East,FTL,CARR_01,CUST_120,2026-02-21,,29275.52,1129,In-Transit
SHP004971,2026-03-15,2026-03-16,2026-03-23,Bhubaneswar,Bengaluru,East,FTL,CARR_15,CUST_014,2026-03-23,2026-03-18,47378.63,1764,Delivered
SHP000683,2026-02-02,2026-02-05,2026-02-09,Bhopal,Chandigarh,Central,PTL,CARR_02,CUST_008,2026-02-09,2026-02-08,1729.84,229,Delivered
SHP004039,2026-02-01,2026-02-01,2026-02-05,Jaipur,Hyderabad,North,FTL,CARR_03,CUST_051,2026-02-05,2026-02-03,60188.58,2182,Delayed
SHP001291,2026-05-20,2026-05-23,2026-05-28,Kochi,Pune,South,LTL,CARR_14,CUST_021,2026-05-28,,789.03,69,Delivered
SHP000280,2026-05-30,,2026-06-09,Delhi,Indore,North,LTL,CARR_09,CUST_118,2026-06-09,2026-06-07,13019.33,1182,Delayed
SHP000678,2026-03-15,2026-03-15,2026-03-21,Bhubaneswar,Ahmedabad,East,FTL,CARR_14,CUST_021,2026-03-21,2026-03-24,28699.62,1038,Delayed
SHP002130,,2026-02-05,2026-02-10,Guwahati,Bhubaneswar,East,FTL,CARR_07,CUST_059,2026-02-10,,457624.52,1987,In-Transit
SHP004074,2026-06-04,2026-06-04,2026-06-12,Patna,Jaipur,East,FTL,CARR_06,CUST_035,2026-06-12,,50341.64,2205,Cancelled
SHP001076,2026-04-19,2026-04-21,2026-04-25,Delhi,Kochi,North,FTL,CARR_05,CUST_025,2026-04-25,2026-04-30,54240.41,2260,Delivered
SHP004382,2026-01-07,2026-01-09,2026-01-17,Chennai,Kochi,South,PTL,CARR_08,CUST_108,2026-01-17,,11650.37,1271,Delivered
SHP002867,2026-04-08,2026-04-11,2026-04-19,Ahmedabad,Hyderabad,West,FTL,CARR_08,CUST_057,2026-04-19,2026-04-19,25167.94,955,Delivered
SHP000359,2026-03-23,2026-03-26,2026-03-31,Kolkata,Kochi,East,LTL,CARR_07,CUST_081,2026-03-31,2026-04-02,237297.61,1832,Delivered
SHP004236,2026-04-25,2026-04-28,2026-04-30,Raipur,Bhubaneswar,Central,FTL,CARR_11,CUST_014,2026-04-30,2026-05-05,15249.17,653,Delayed
SHP002035,2026-01-27,2026-01-29,2026-02-06,Mumbai,Bhopal,West,LTL,CARR_08,CUST_117,2026-02-06,2026-01-30,30553.93,2310,Delivered
SHP001443,2026-03-17,2026-03-20,2026-03-23,Chennai,Delhi,South,LTL,CARR_07,CUST_005,2026-03-23,,14612.99,124,Delivered
SHP002345,2026-04-03,2026-04-04,2026-04-09,Patna,Chandigarh,East,FTL,CARR_13,CUST_100,2026-04-09,2026-04-12,11385.22,507,Delivered
SHP004639,2026-05-09,2026-05-12,2026-05-17,Pune,Nagpur,West,FTL,CARR_11,CUST_079,2026-05-17,2026-05-19,9929.44,352,Delivered
SHP003759,2026-01-12,2026-01-12,2026-01-15,Lucknow,Raipur,North,LTL,CARR_07,CUST_086,2026-01-15,2026-01-15,12737.33,106,Delivered
SHP004793,2026-02-28,2026-02-28,2026-03-05,Chandigarh,Nagpur,North,LTL,CARR_06,CUST_074,2026-03-05,2026-03-02,27679.97,2126,Delivered
SHP002300,2026-01-11,2026-01-13,2026-01-16,Chandigarh,Lucknow,North,FTL,CARR_11,CUST_038,2026-01-16,2026-01-22,32431.93,1368,Delayed
SHP004295,2026-06-14,2026-06-17,2026-06-23,Chennai,Kochi,South,FTL,CARR_09,CUST_013,2026-06-23,,10217.77,375,In-Transit
SHP002789,2026-04-29,2026-05-02,2026-05-04,Pune,Mumbai,West,FTL,CARR_12,CUST_037,2026-05-04,2026-05-05,42680.6,1873,Delivered
SHP000684,2026-05-07,2026-05-09,2026-05-14,Surat,Delhi,West,FTL,CARR_09,CUST_027,2026-05-14,,36492.5,1289,In-Transit
SHP002815,2026-03-09,2026-03-12,2026-03-17,Surat,Guwahati,West,FTL,CARR_13,CUST_047,2026-03-17,,52819.47,2329,In-Transit
SHP003058,2026-04-12,2026-04-12,2026-04-17,Patna,Surat,East,PTL,CARR_03,CUST_070,2026-04-17,2026-04-14,15164.35,1655,Delivered
SHP003775,2026-05-09,2026-05-12,2026-05-20,Pune,Indore,West,FTL,CARR_07,CUST_018,2026-05-20,2026-05-16,238396.48,1173,Delivered
SHP000823,2026-06-06,2026-06-09,2026-06-14,Chennai,Jaipur,South,FTL,CARR_01,CUST_110,2026-06-14,,59094.41,2328,Delivered
SHP002650,2026-06-01,2026-06-02,2026-06-06,Chennai,Kolkata,South,FTL,CARR_01,CUST_082,2026-06-06,,17201.21,698,Delivered
SHP003919,2026-04-19,2026-04-21,2026-04-23,Mumbai,Hyderabad,West,LTL,CARR_01,CUST_014,2026-04-23,2026-04-27,6991.54,647,Delivered
SHP004692,2026-03-08,2026-03-09,2026-03-17,Kochi,Delhi,South,LTL,CARR_09,CUST_074,2026-03-17,,884.99,76,Delayed
SHP004963,2026-06-15,2026-06-17,2026-06-19,Raipur,Kolkata,Central,FTL,CARR_15,CUST_102,2026-06-19,,57902.45,2014,Cancelled
SHP001984,2026-01-02,2026-01-02,2026-01-07,Ahmedabad,Pune,West,LTL,CARR_03,CUST_065,2026-01-07,2026-01-04,4048.51,323,Delivered
SHP001783,2026-04-15,2026-04-18,2026-04-24,Nagpur,Mumbai,Central,FTL,CARR_03,CUST_120,2026-04-24,2026-04-19,51928.59,1863,Delayed
SHP003991,2026-03-01,2026-03-01,2026-03-09,Bhubaneswar,Bhopal,East,LTL,CARR_03,CUST_104,2026-03-09,2026-03-09,21139.64,1992,Delayed
SHP002528,2026-04-04,2026-04-04,2026-04-09,Guwahati,Bhopal,East,LTL,CARR_09,CUST_013,2026-04-09,2026-04-06,12315.72,1083,Delayed
SHP003780,2026-06-03,2026-06-03,2026-06-09,Indore,Bhubaneswar,Central,LTL,CARR_15,CUST_043,2026-06-09,2026-06-10,2893.14,256,Delivered
SHP003787,2026-06-11,2026-06-13,2026-06-20,Surat,Raipur,West,FTL,CARR_10,CUST_082,2026-06-20,,33627.24,1293,In-Transit
SHP004561,2026-03-04,2026-03-06,2026-03-14,Ahmedabad,Lucknow,West,FTL,CARR_01,CUST_029,2026-03-14,,12372.93,511,In-Transit
SHP000215,2026-06-05,2026-06-08,2026-06-13,Surat,Chandigarh,West,FTL,CARR_03,CUST_080,2026-06-13,2026-06-09,37185.4,1407,Delivered
SHP001415,2026-01-01,2026-01-04,2026-01-11,Patna,Ahmedabad,East,FTL,CARR_07,CUST_070,2026-01-11,2026-01-14,156787.97,510,Delivered
SHP002797,2026-04-15,2026-04-15,2026-04-18,Bengaluru,Bengaluru,South,FTL,CARR_08,CUST_009,2026-04-18,,49804.79,2112,Delayed
SHP000352,2026-06-14,2026-06-17,2026-06-20,Pune,Lucknow,West,FTL,CARR_05,CUST_088,2026-06-20,2026-06-25,21568.76,966,Delayed
SHP000519,2026-06-26,2026-06-29,2026-07-02,Kolkata,Bengaluru,East,LTL,CARR_03,CUST_005,2026-07-02,2026-06-30,9039.4,865,Delayed
SHP002770,2026-06-12,2026-06-15,2026-06-17,Indore,Kochi,Central,FTL,CARR_09,CUST_113,2026-06-17,2026-06-18,17640.37,632,Delivered
SHP003391,2026-05-01,2026-05-03,2026-05-05,Surat,Jaipur,West,FTL,CARR_09,CUST_103,2026-05-05,2026-05-09,33505.83,1369,Delivered
SHP001270,2026-03-24,2026-03-26,2026-03-29,Nagpur,Indore,Central,LTL,CARR_12,CUST_087,2026-03-29,2026-03-29,30798.75,2443,Delivered
SHP004901,2026-06-18,2026-06-20,2026-06-24,Kochi,Surat,South,FTL,CARR_10,CUST_068,2026-06-24,,1853.28,81,Delivered
SHP002353,2026-03-19,2026-03-19,2026-03-22,Surat,Lucknow,West,LTL,CARR_10,CUST_115,2026-03-22,2026-03-29,24033.99,1772,Delivered
SHP003022,,2026-01-21,2026-01-23,Patna,Lucknow,East,FTL,CARR_08,CUST_071,2026-01-23,2026-01-26,59097.32,2476,Delivered
SHP003217,,2026-06-09,2026-06-12,Hyderabad,Pune,South,LTL,CARR_08,CUST_028,2026-06-12,,11646.8,877,Delivered
SHP000986,2026-04-26,2026-04-27,2026-05-04,Indore,Lucknow,Central,LTL,CARR_15,CUST_046,2026-05-04,2026-04-28,6165.01,449,Delivered
SHP003897,2026-05-06,2026-05-06,2026-05-10,Patna,Ahmedabad,East,LTL,CARR_02,CUST_057,2026-05-10,2026-05-07,11731.49,995,Delayed
SHP003206,2026-04-08,2026-04-09,2026-04-17,Pune,Bhopal,West,PTL,CARR_09,CUST_023,2026-04-17,2026-04-12,14531.94,1662,Delivered
SHP002917,2026-02-09,2026-02-10,2026-02-12,Mumbai,Chennai,West,FTL,CARR_11,CUST_061,2026-02-12,2026-02-15,38305.11,1358,Delayed
SHP000529,2026-02-12,2026-02-13,2026-02-18,Bengaluru,Bengaluru,South,LTL,CARR_14,CUST_086,2026-02-18,,22752.89,2149,Delivered
SHP003232,2026-04-19,2026-04-21,2026-04-23,Surat,Hyderabad,West,FTL,CARR_04,CUST_063,2026-04-23,2026-04-23,60515.69,2174,Delivered
SHP003219,2026-06-25,2026-06-26,2026-06-30,Ahmedabad,Lucknow,West,FTL,CARR_10,CUST_014,2026-06-30,2026-07-05,42000.42,1671,Delivered
SHP004489,2026-02-22,2026-02-23,2026-03-02,Guwahati,Bengaluru,East,LTL,CARR_01,CUST_102,2026-03-02,2026-03-04,27911.48,2318,Delayed
SHP000703,2026-03-13,2026-03-13,2026-03-17,Surat,Guwahati,West,FTL,CARR_12,CUST_076,2026-03-17,2026-03-17,49283.34,2070,Delivered
SHP001059,2026-01-24,2026-01-25,2026-01-29,Jaipur,Bhopal,North,FTL,CARR_12,CUST_002,2026-01-29,2026-02-01,46137.07,2055,Delivered
SHP004043,2026-01-27,2026-01-30,2026-02-07,Hyderabad,Hyderabad,South,LTL,CARR_06,CUST_058,2026-02-07,2026-02-08,9709.12,856,Delivered
SHP004535,2026-01-18,2026-01-19,2026-01-26,Surat,Surat,West,PTL,CARR_14,CUST_065,2026-01-26,2026-01-20,2513.32,324,Delivered
SHP003770,2026-02-13,2026-02-15,2026-02-22,Guwahati,Ahmedabad,East,PTL,CARR_08,CUST_029,2026-02-22,2026-02-17,7591.23,1075,Delayed
SHP000237,2026-04-02,2026-04-02,2026-04-07,Surat,Raipur,West,FTL,CARR_07,CUST_100,2026-04-07,2026-04-05,436701.13,2049,Delivered
SHP001728,2026-01-21,2026-01-21,2026-01-27,Guwahati,Indore,East,LTL,CARR_08,CUST_116,2026-01-27,2026-01-25,1291.67,118,Delivered
SHP002874,2026-05-31,2026-05-31,2026-06-04,Indore,Lucknow,Central,LTL,CARR_09,CUST_091,2026-06-04,,16473.46,1477,In-Transit
SHP002735,2026-06-12,2026-06-15,2026-06-19,Guwahati,Chennai,East,LTL,CARR_10,CUST_039,2026-06-19,2026-06-22,5714.59,461,Delivered
SHP002205,2026-01-06,2026-01-07,2026-01-10,Kochi,Kolkata,South,PTL,CARR_08,CUST_008,2026-01-10,,14415.65,1935,In-Transit
SHP001687,2026-02-01,2026-02-02,2026-02-04,Bhopal,Surat,Central,FTL,CARR_05,CUST_059,2026-02-04,2026-02-03,67382.54,2474,Delivered
SHP004421,2026-01-20,2026-01-21,2026-01-26,Jaipur,Hyderabad,North,LTL,CARR_06,CUST_007,2026-01-26,2026-01-28,6916.42,614,Delivered
SHP004281,2026-05-24,2026-05-27,2026-06-04,Delhi,Chandigarh,North,PTL,CARR_14,CUST_055,2026-06-04,2026-06-01,6334.97,798,Delivered
SHP001930,2026-05-30,2026-05-31,2026-06-02,Indore,Ahmedabad,Central,FTL,CARR_05,CUST_023,2026-06-02,2026-06-08,53929.01,2023,Delayed
SHP002269,2026-02-15,2026-02-15,2026-02-23,Patna,Delhi,East,LTL,CARR_11,CUST_024,2026-02-23,2026-02-22,17071.77,1382,Delivered
SHP003715,2026-06-19,2026-06-19,2026-06-27,Pune,Nagpur,West,FTL,CARR_14,CUST_069,2026-06-27,2026-06-29,58183.26,2495,Delivered
SHP003567,2026-01-01,2026-01-04,2026-01-10,Bhubaneswar,Surat,East,LTL,CARR_11,CUST_017,2026-01-10,,20722.12,1930,In-Transit
SHP003331,2026-05-17,2026-05-19,2026-05-27,Raipur,Surat,Central,LTL,CARR_13,CUST_114,2026-05-27,2026-05-28,12609.88,1150,Delivered
SHP004474,2026-06-01,2026-06-04,2026-06-12,Kochi,Pune,South,FTL,CARR_10,CUST_094,2026-06-12,,24731.76,963,Cancelled
SHP001939,2026-01-21,2026-01-21,2026-01-28,Pune,Guwahati,West,FTL,CARR_14,CUST_038,2026-01-28,2026-01-24,60774.55,2306,Delivered
SHP000966,2026-01-10,2026-01-10,2026-01-14,Jaipur,Hyderabad,North,LTL,CARR_07,CUST_038,2026-01-14,2026-01-11,87288.86,610,Delayed
SHP000621,2026-06-02,2026-06-03,2026-06-10,Kochi,Guwahati,South,PTL,CARR_09,CUST_101,2026-06-10,2026-06-05,20028.42,2419,Delivered
SHP003216,2026-02-25,2026-02-27,2026-03-06,Mumbai,Hyderabad,West,PTL,CARR_15,CUST_078,2026-03-06,2026-03-08,17110.88,2444,Delivered
SHP002902,2026-03-21,2026-03-24,2026-03-27,Surat,Guwahati,West,LTL,CARR_11,CUST_052,2026-03-27,2026-03-26,2429.99,234,Delivered
SHP004445,2026-06-13,2026-06-16,2026-06-24,Bhubaneswar,Raipur,East,FTL,CARR_10,CUST_029,2026-06-24,2026-06-24,18835.25,742,Delayed
SHP000401,2026-02-11,2026-02-13,2026-02-15,Bhopal,Bhubaneswar,Central,FTL,CARR_08,CUST_070,2026-02-15,,48193.76,1707,In-Transit
SHP004046,2026-02-19,2026-02-20,2026-02-24,Jaipur,Guwahati,North,FTL,CARR_07,CUST_035,2026-02-24,2026-02-24,740721.22,2358,Delivered
SHP003261,,2026-02-11,2026-02-14,Bhubaneswar,Pune,East,FTL,CARR_13,CUST_073,2026-02-14,2026-02-18,17614.71,645,Delivered
SHP002126,2026-01-05,2026-01-06,2026-01-12,Ahmedabad,Bhopal,West,FTL,CARR_03,CUST_061,2026-01-12,2026-01-12,39717.45,1808,Delivered
SHP001357,2026-04-07,2026-04-08,2026-04-13,Surat,Patna,West,FTL,CARR_11,CUST_115,2026-04-13,2026-04-11,9029.39,326,Delivered
SHP002715,2026-06-16,2026-06-19,2026-06-26,Raipur,Bhubaneswar,Central,PTL,CARR_10,CUST_098,2026-06-26,2026-06-16,9465.06,1126,Delivered
SHP001844,2026-03-10,2026-03-10,2026-03-17,Pune,Kochi,West,FTL,CARR_08,CUST_077,2026-03-17,2026-03-18,24587.33,1146,Delivered
SHP003862,2026-02-18,2026-02-18,2026-02-20,Raipur,Bengaluru,Central,LTL,CARR_10,CUST_070,2026-02-20,2026-02-21,2216.79,169,Delayed
SHP002409,2026-04-06,2026-04-06,2026-04-09,Delhi,Lucknow,North,LTL,CARR_10,CUST_067,2026-04-09,2026-04-09,2119.92,154,Delivered
SHP003117,2026-02-04,2026-02-05,2026-02-12,Kolkata,Raipur,East,FTL,CARR_04,CUST_087,2026-02-12,2026-02-07,46901.43,1901,Delivered
SHP003783,2026-04-30,2026-05-03,2026-05-07,Nagpur,Chennai,Central,PTL,CARR_13,CUST_117,2026-05-07,2026-05-04,5112.85,627,Delivered
SHP003505,2026-03-09,2026-03-11,2026-03-18,Chennai,Bhubaneswar,South,FTL,CARR_07,CUST_045,2026-03-18,,590687.91,2154,Delivered
SHP000798,2026-02-08,2026-02-09,2026-02-11,Guwahati,Kochi,East,FTL,CARR_15,CUST_067,2026-02-11,2026-02-15,15354.52,715,Delivered
SHP003029,2026-05-05,2026-05-07,2026-05-14,Bhubaneswar,Pune,East,FTL,CARR_09,CUST_003,2026-05-14,2026-05-17,6561.74,278,Delivered
SHP001118,2026-06-16,2026-06-19,2026-06-26,Delhi,Ahmedabad,North,FTL,CARR_06,CUST_037,2026-06-26,,17942.02,646,Cancelled
SHP003682,2026-02-08,2026-02-10,2026-02-17,Hyderabad,Mumbai,South,PTL,CARR_02,CUST_114,2026-02-17,,19484.31,2382,In-Transit
SHP001770,2026-04-06,2026-04-06,2026-04-11,Raipur,Delhi,Central,LTL,CARR_12,CUST_111,2026-04-11,2026-04-10,24433.9,2281,Delivered
SHP000786,2026-05-27,2026-05-28,2026-05-30,Jaipur,Pune,North,PTL,CARR_10,CUST_039,2026-05-30,2026-06-06,13631.86,1845,Delivered
SHP002217,2026-05-23,2026-05-25,2026-06-01,Indore,Hyderabad,Central,PTL,CARR_03,CUST_059,2026-06-01,,8170.04,1044,In-Transit
SHP001960,2026-02-22,2026-02-24,2026-02-28,Mumbai,Delhi,West,PTL,CARR_13,CUST_015,2026-02-28,2026-02-28,17918.19,2107,Delivered
SHP004754,2026-03-28,2026-03-28,2026-04-01,Kochi,Jaipur,South,FTL,CARR_06,CUST_053,2026-04-01,,11423.71,415,Delivered
SHP001195,2026-06-27,2026-06-28,2026-07-01,Nagpur,Jaipur,Central,FTL,CARR_08,CUST_089,2026-07-01,2026-07-04,13287.92,579,Delivered
SHP002122,2026-04-21,2026-04-24,2026-04-29,Delhi,Patna,North,FTL,CARR_11,CUST_066,2026-04-29,2026-04-29,12705.35,458,Delivered
SHP003536,2026-05-11,2026-05-13,2026-05-19,Guwahati,Kolkata,East,PTL,CARR_07,CUST_005,2026-05-19,2026-05-21,37920.24,543,Delivered
SHP004970,2026-03-05,2026-03-07,2026-03-13,Chennai,Ahmedabad,South,LTL,CARR_04,CUST_086,2026-03-13,,19334.58,1504,Cancelled
SHP003200,2026-02-25,2026-02-26,2026-03-02,Indore,Patna,Central,LTL,CARR_09,CUST_023,2026-03-02,2026-03-02,18091.6,1413,Delivered
SHP000921,2026-02-26,2026-02-27,2026-03-02,Indore,Chennai,Central,FTL,CARR_10,CUST_041,2026-03-02,2026-03-06,58678.21,2268,Delayed
SHP004180,2026-01-28,2026-01-30,2026-02-04,Delhi,Bengaluru,North,FTL,CARR_13,CUST_116,2026-02-04,2026-02-02,16423.65,760,Delivered
SHP000674,2026-01-10,2026-01-10,2026-01-18,Kochi,Mumbai,South,FTL,CARR_05,CUST_015,2026-01-18,,40839.82,1583,Cancelled
SHP003802,2026-02-18,2026-02-19,2026-02-27,Delhi,Kolkata,North,LTL,CARR_08,CUST_107,2026-02-27,2026-02-25,29642.11,2184,Delivered
SHP000252,2026-05-20,2026-05-23,2026-05-27,Chennai,Bhopal,South,LTL,CARR_03,CUST_054,2026-05-27,,12791.5,956,Delivered
SHP003179,2026-05-11,2026-05-11,2026-05-17,Surat,Pune,West,LTL,CARR_04,CUST_008,2026-05-17,2026-05-17,887.39,73,Delivered
SHP003977,2026-03-02,2026-03-02,2026-03-07,Guwahati,Kochi,East,FTL,CARR_08,CUST_007,2026-03-07,,38304.6,1660,Cancelled
SHP003376,2026-01-19,2026-01-22,2026-01-27,Chandigarh,Lucknow,North,LTL,CARR_14,CUST_050,2026-01-27,,5624.01,485,In-Transit
SHP000409,2026-01-05,2026-01-07,2026-01-13,Ahmedabad,Mumbai,West,FTL,CARR_12,CUST_074,2026-01-13,2026-01-10,6458.0,289,Delivered
SHP004628,2026-03-20,2026-03-22,2026-03-24,Chandigarh,Chennai,North,LTL,CARR_01,CUST_090,2026-03-24,,26717.51,1950,In-Transit
SHP000791,2026-01-05,2026-01-05,2026-01-09,Lucknow,Indore,North,FTL,CARR_14,CUST_050,2026-01-09,,40259.3,1799,Cancelled
SHP001037,2026-02-16,2026-02-17,2026-02-21,Kolkata,Pune,East,FTL,CARR_14,CUST_022,2026-02-21,2026-02-23,15371.29,702,Delivered
SHP003598,2026-03-14,2026-03-16,2026-03-19,Bhubaneswar,Bhubaneswar,East,LTL,CARR_06,CUST_093,2026-03-19,2026-03-24,22529.65,1867,Delivered
SHP001375,2026-03-11,2026-03-11,2026-03-17,Nagpur,Chandigarh,Central,PTL,CARR_13,CUST_035,2026-03-17,2026-03-14,2241.92,285,Delivered
SHP003180,2026-02-26,2026-02-27,2026-03-04,Indore,Kolkata,Central,FTL,CARR_15,CUST_078,2026-03-04,2026-03-04,44109.98,2025,Delivered
SHP001877,2026-06-26,2026-06-26,2026-06-29,Indore,Chennai,Central,LTL,CARR_03,CUST_027,2026-06-29,2026-06-27,18050.74,1763,Delivered
SHP001974,2026-04-18,2026-04-20,2026-04-25,Kochi,Guwahati,South,FTL,CARR_05,CUST_053,2026-04-25,,57052.54,2014,Delivered
SHP002687,2026-05-08,2026-05-10,2026-05-12,Surat,Delhi,West,FTL,CARR_07,CUST_048,2026-05-12,2026-05-19,579175.36,2341,Delivered
SHP004018,2026-06-18,2026-06-21,2026-06-27,Chandigarh,Kolkata,North,FTL,CARR_13,CUST_085,2026-06-27,2026-06-23,8335.59,375,Delivered
SHP002458,2026-02-02,2026-02-03,2026-02-08,Raipur,Hyderabad,Central,FTL,CARR_15,CUST_017,2026-02-08,2026-02-04,18797.93,655,Delayed
SHP003154,2026-05-04,2026-05-05,2026-05-12,Ahmedabad,Patna,West,LTL,CARR_08,CUST_063,2026-05-12,2026-05-13,7573.51,549,Delivered
SHP001675,2026-01-24,2026-01-27,2026-02-02,Lucknow,Pune,North,FTL,CARR_13,CUST_119,2026-02-02,2026-02-03,6807.46,313,Delivered
SHP004570,2026-05-29,2026-05-29,2026-06-01,Surat,Ahmedabad,West,LTL,CARR_02,CUST_030,2026-06-01,2026-06-03,904.59,82,Delivered
SHP004937,2026-02-19,2026-02-19,2026-02-23,Patna,Indore,East,PTL,CARR_02,CUST_094,2026-02-23,,4043.79,581,In-Transit
SHP004204,2026-01-20,2026-01-22,2026-01-25,Jaipur,Chandigarh,North,PTL,CARR_08,CUST_004,2026-01-25,2026-01-26,17437.26,2183,Delayed
SHP003763,2026-02-19,2026-02-19,2026-02-26,Raipur,Guwahati,Central,FTL,CARR_12,CUST_085,2026-02-26,2026-02-24,23624.9,854,Delivered
SHP001237,2026-05-08,2026-05-10,2026-05-17,Kolkata,Indore,East,FTL,CARR_11,CUST_058,2026-05-17,2026-05-20,19238.19,794,Delivered
SHP001958,2026-03-01,2026-03-03,2026-03-09,Bhubaneswar,Chandigarh,East,LTL,CARR_13,CUST_056,2026-03-09,,11324.81,1076,In-Transit
SHP000343,2026-01-08,2026-01-09,2026-01-13,Delhi,Bhubaneswar,North,FTL,CARR_10,CUST_079,2026-01-13,2026-01-13,40391.62,1434,Delivered
SHP000723,2026-02-11,2026-02-11,2026-02-14,Delhi,Mumbai,North,FTL,CARR_13,CUST_002,2026-02-14,2026-02-14,51158.08,1842,Delivered
SHP001830,2026-01-04,2026-01-04,2026-01-08,Mumbai,Bhubaneswar,West,LTL,CARR_11,CUST_020,2026-01-08,2026-01-07,3049.1,285,Delivered
SHP000154,2026-04-16,2026-04-19,2026-04-26,Kolkata,Indore,East,PTL,CARR_01,CUST_038,2026-04-26,2026-04-21,21004.62,2341,Delayed
SHP003719,2026-01-20,2026-01-23,2026-01-25,Nagpur,Kolkata,Central,FTL,CARR_14,CUST_057,2026-01-25,,4506.79,177,In-Transit
SHP003164,2026-02-15,2026-02-15,2026-02-20,Kochi,Hyderabad,South,FTL,CARR_10,CUST_047,2026-02-20,,61133.62,2386,In-Transit
SHP002235,2026-05-10,2026-05-13,2026-05-16,Surat,Pune,West,PTL,CARR_05,CUST_012,2026-05-16,2026-05-23,19077.58,2421,Delivered
SHP004310,2026-01-12,2026-01-14,2026-01-18,Chandigarh,Bengaluru,North,LTL,CARR_13,CUST_009,2026-01-18,2026-01-21,2818.01,219,Delivered
SHP004464,2026-02-18,2026-02-20,2026-02-23,Guwahati,Ahmedabad,East,FTL,CARR_10,CUST_030,2026-02-23,2026-02-27,25297.79,1145,Delivered
SHP004384,2026-03-21,2026-03-21,2026-03-28,Delhi,Mumbai,North,PTL,CARR_09,CUST_004,2026-03-28,2026-03-23,7071.79,792,Delivered
SHP000593,2026-06-18,2026-06-18,2026-06-25,Jaipur,Hyderabad,North,FTL,CARR_01,CUST_069,2026-06-25,2026-06-25,30663.81,1104,Delivered
SHP004133,2026-05-01,2026-05-01,2026-05-07,Jaipur,Mumbai,North,LTL,CARR_12,CUST_093,2026-05-07,2026-05-10,26787.44,2047,Delayed
SHP001450,2026-03-14,2026-03-16,2026-03-19,Patna,Jaipur,East,FTL,CARR_09,CUST_078,2026-03-19,2026-03-22,47235.54,2154,Delivered
SHP004029,2026-05-30,2026-05-31,2026-06-02,Raipur,Bhubaneswar,Central,FTL,CARR_12,CUST_100,2026-06-02,,16471.0,644,In-Transit
SHP003538,2026-01-15,2026-01-18,2026-01-21,Pune,Bhopal,West,FTL,CARR_07,CUST_092,2026-01-21,2026-01-20,199661.31,881,Delivered
SHP004766,2026-05-13,2026-05-15,2026-05-19,Raipur,Hyderabad,Central,LTL,CARR_14,CUST_112,2026-05-19,2026-05-22,8338.17,670,Delivered
SHP003902,2026-01-23,2026-01-25,2026-02-01,Pune,Nagpur,West,LTL,CARR_10,CUST_040,2026-02-01,2026-01-31,14898.54,1459,Delivered
SHP000688,2026-06-01,2026-06-02,2026-06-06,Kolkata,Indore,East,PTL,CARR_15,CUST_034,2026-06-06,,16219.71,1827,In-Transit
SHP001331,2026-02-02,2026-02-05,2026-02-10,Nagpur,Hyderabad,Central,LTL,CARR_12,CUST_087,2026-02-10,2026-02-08,26198.92,1905,Delivered
SHP004619,2026-05-27,,2026-06-06,Kolkata,Patna,East,PTL,CARR_06,CUST_028,2026-06-06,,10530.59,1354,Cancelled
SHP002675,2026-02-11,2026-02-13,2026-02-19,Bhopal,Kochi,Central,LTL,CARR_05,CUST_094,2026-02-19,2026-02-16,13176.98,1140,Delivered
SHP002257,2026-05-01,2026-05-04,2026-05-10,Pune,Guwahati,West,PTL,CARR_05,CUST_082,2026-05-10,2026-05-07,6597.89,852,Delayed
SHP000094,2026-01-07,2026-01-10,2026-01-15,Kochi,Chandigarh,South,PTL,CARR_15,CUST_045,2026-01-15,,16210.95,2106,Delivered
SHP004426,2026-06-21,2026-06-24,2026-06-26,Guwahati,Kochi,East,LTL,CARR_12,CUST_002,2026-06-26,2026-07-03,5676.04,524,Delivered
SHP002195,2026-01-28,2026-01-30,2026-02-06,Guwahati,Bhubaneswar,East,LTL,CARR_15,CUST_073,2026-02-06,2026-02-03,21134.12,1652,Delivered
SHP000041,2026-03-25,,2026-03-29,Kochi,Raipur,South,FTL,CARR_08,CUST_109,2026-03-29,2026-04-03,40932.32,1503,Delivered
SHP001887,2026-04-15,2026-04-18,2026-04-23,Patna,Jaipur,East,LTL,CARR_06,CUST_073,2026-04-23,2026-04-24,25718.05,2081,Delayed
SHP000545,2026-02-16,2026-02-16,2026-02-22,Chennai,Patna,South,LTL,CARR_04,CUST_063,2026-02-22,,9998.83,920,Delivered
SHP001516,2026-05-31,,2026-06-09,Chennai,Kolkata,South,FTL,CARR_12,CUST_101,2026-06-09,,50343.46,1961,Delivered
SHP000939,2026-06-12,2026-06-14,2026-06-17,Bhopal,Kochi,Central,FTL,CARR_12,CUST_057,2026-06-17,2026-06-17,18744.38,854,Delivered
SHP002251,2026-06-23,2026-06-24,2026-06-29,Lucknow,Nagpur,North,LTL,CARR_09,CUST_060,2026-06-29,2026-07-03,12162.76,1178,Delivered
SHP003163,2026-05-31,2026-06-03,2026-06-05,Bengaluru,Hyderabad,South,LTL,CARR_13,CUST_070,2026-06-05,,2724.75,254,Cancelled
SHP004248,2026-04-22,2026-04-22,2026-04-29,Chandigarh,Lucknow,North,PTL,CARR_11,CUST_057,2026-04-29,2026-04-30,796.57,107,Delivered
SHP000239,2026-01-13,2026-01-14,2026-01-21,Pune,Lucknow,West,FTL,CARR_06,CUST_036,2026-01-21,2026-01-23,38839.32,1600,Delivered
SHP000075,2026-01-24,2026-01-24,2026-01-29,Bhubaneswar,Patna,East,LTL,CARR_08,CUST_009,2026-01-29,2026-01-26,5731.83,445,Delivered
SHP003968,2026-06-26,2026-06-28,2026-07-03,Hyderabad,Nagpur,South,LTL,CARR_09,CUST_034,2026-07-03,,6625.45,530,Delivered
SHP001068,2026-01-16,2026-01-16,2026-01-18,Bhubaneswar,Chennai,East,LTL,CARR_07,CUST_119,2026-01-18,2026-01-20,145931.08,1189,Delivered
SHP001843,2026-05-15,2026-05-16,2026-05-18,Surat,Jaipur,West,LTL,CARR_09,CUST_059,2026-05-18,,9095.74,860,In-Transit
SHP000048,2026-06-29,2026-07-02,2026-07-09,Raipur,Kolkata,Central,FTL,CARR_12,CUST_037,2026-07-09,,28348.41,1006,In-Transit
SHP002012,2026-06-19,2026-06-21,2026-06-23,Hyderabad,Bhubaneswar,South,LTL,CARR_07,CUST_100,2026-06-23,,204711.9,1974,Delivered
SHP003788,2026-01-03,2026-01-05,2026-01-07,Kolkata,Chennai,East,PTL,CARR_13,CUST_039,2026-01-07,2026-01-10,3374.45,470,Delivered
SHP000998,2026-03-10,2026-03-11,2026-03-15,Surat,Bhopal,West,FTL,CARR_03,CUST_103,2026-03-15,,5999.14,250,Cancelled
SHP004657,2026-02-10,2026-02-11,2026-02-17,Kolkata,Lucknow,East,LTL,CARR_15,CUST_024,2026-02-17,2026-02-13,16764.5,1394,Delayed
SHP003620,2026-06-14,2026-06-16,2026-06-19,Ahmedabad,Kochi,West,LTL,CARR_15,CUST_011,2026-06-19,,19165.09,1646,In-Transit
SHP002062,2026-02-22,2026-02-24,2026-03-04,Bengaluru,Chennai,South,FTL,CARR_15,CUST_034,2026-03-04,,30320.7,1185,Delayed
SHP004602,2026-05-17,2026-05-17,2026-05-19,Lucknow,Mumbai,North,FTL,CARR_13,CUST_027,2026-05-19,2026-05-18,38280.93,1674,Delivered
SHP001164,2026-02-17,2026-02-17,2026-02-23,Ahmedabad,Raipur,West,FTL,CARR_10,CUST_111,2026-02-23,2026-02-20,67068.86,2481,Delivered
SHP001159,2026-01-12,2026-01-13,2026-01-19,Bhopal,Lucknow,Central,LTL,CARR_08,CUST_034,2026-01-19,2026-01-21,14515.87,1143,Delivered
SHP003742,2026-02-22,2026-02-24,2026-03-03,Kolkata,Nagpur,East,LTL,CARR_11,CUST_075,2026-03-03,,18513.42,1652,In-Transit
SHP004440,2026-03-08,2026-03-10,2026-03-15,Jaipur,Bhubaneswar,North,FTL,CARR_13,CUST_063,2026-03-15,2026-03-19,3983.41,143,Delayed
SHP004298,2026-01-28,2026-01-31,2026-02-03,Raipur,Lucknow,Central,LTL,CARR_08,CUST_029,2026-02-03,2026-02-08,14830.98,1085,Delivered
SHP002714,2026-02-19,2026-02-19,2026-02-27,Raipur,Bengaluru,Central,LTL,CARR_08,CUST_078,2026-02-27,2026-02-24,14179.74,1277,Delivered
SHP001084,2026-06-02,2026-06-04,2026-06-06,Hyderabad,Indore,South,LTL,CARR_12,CUST_055,2026-06-06,,9432.17,887,Delivered
SHP002199,2026-02-14,2026-02-16,2026-02-18,Jaipur,Jaipur,North,LTL,CARR_02,CUST_016,2026-02-18,2026-02-23,21498.97,1866,Delivered
SHP002708,2026-05-26,2026-05-27,2026-05-30,Nagpur,Indore,Central,LTL,CARR_12,CUST_114,2026-05-30,,22118.03,1687,In-Transit
SHP000297,2026-05-03,2026-05-05,2026-05-13,Guwahati,Bhopal,East,LTL,CARR_08,CUST_097,2026-05-13,2026-05-06,23700.76,1813,Delivered
SHP000264,2026-05-31,2026-06-02,2026-06-07,Raipur,Hyderabad,Central,FTL,CARR_15,CUST_099,2026-06-07,2026-06-05,52714.15,2102,Delivered
SHP000832,2026-05-18,2026-05-19,2026-05-21,Kolkata,Chennai,East,LTL,CARR_08,CUST_024,2026-05-21,2026-05-25,8441.19,683,Delivered
SHP003870,,,2026-03-08,Pune,Hyderabad,West,PTL,CARR_03,CUST_047,2026-03-08,,19267.04,2205,In-Transit
SHP003292,2026-05-28,2026-05-30,2026-06-05,Bhopal,Delhi,Central,LTL,CARR_15,CUST_072,2026-06-05,,5962.83,524,Cancelled
SHP004770,2026-02-01,2026-02-02,2026-02-04,Kochi,Patna,South,LTL,CARR_03,CUST_069,2026-02-04,,13967.39,1262,Delayed
SHP002267,2026-05-19,2026-05-21,2026-05-24,Patna,Bengaluru,East,LTL,CARR_08,CUST_080,2026-05-24,2026-05-30,16129.99,1229,Delivered
SHP003859,2026-01-31,2026-02-02,2026-02-07,Pune,Jaipur,West,FTL,CARR_10,CUST_064,2026-02-07,,13523.84,505,In-Transit
SHP001458,2026-02-17,2026-02-18,2026-02-24,Jaipur,Bengaluru,North,PTL,CARR_02,CUST_073,2026-02-24,2026-02-19,11945.06,1524,Delivered
SHP002394,2026-01-02,2026-01-03,2026-01-07,Guwahati,Nagpur,East,LTL,CARR_09,CUST_070,2026-01-07,2026-01-06,7656.38,645,Delivered
SHP001372,2026-05-30,2026-05-31,2026-06-03,Bengaluru,Bhubaneswar,South,LTL,CARR_15,CUST_005,2026-06-03,,20154.59,1477,Delivered
SHP001448,2026-06-05,2026-06-07,2026-06-10,Bengaluru,Bengaluru,South,FTL,CARR_03,CUST_003,2026-06-10,,23467.73,869,Delivered
SHP001957,2026-05-21,2026-05-22,2026-05-24,Kochi,Ahmedabad,South,LTL,CARR_01,CUST_066,2026-05-24,2026-05-27,10818.44,822,Delivered
SHP003427,2026-04-06,2026-04-07,2026-04-15,Pune,Indore,West,PTL,CARR_09,CUST_037,2026-04-15,2026-04-09,880.8,101,Delivered
SHP000595,2026-04-11,2026-04-12,2026-04-15,Hyderabad,Jaipur,South,FTL,CARR_03,CUST_105,2026-04-15,,8434.55,345,Delivered
SHP004491,2026-02-08,2026-02-08,2026-02-15,Jaipur,Bengaluru,North,LTL,CARR_03,CUST_045,2026-02-15,2026-02-09,7392.15,569,Delivered
SHP001371,2026-05-25,2026-05-26,2026-05-28,Bengaluru,Bhopal,South,LTL,CARR_15,CUST_014,2026-05-28,,7924.39,729,Delivered
SHP001999,2026-03-07,2026-03-09,2026-03-13,Bengaluru,Chennai,South,PTL,CARR_07,CUST_085,2026-03-13,,109982.88,1865,Delayed
SHP003160,2026-06-23,2026-06-26,2026-07-04,Bhubaneswar,Hyderabad,East,FTL,CARR_05,CUST_073,2026-07-04,2026-06-28,61219.36,2490,Delivered
SHP004112,2026-01-03,2026-01-03,2026-01-06,Indore,Surat,Central,LTL,CARR_07,CUST_101,2026-01-06,2026-01-08,209338.21,2012,Delivered
SHP000902,2026-03-24,2026-03-26,2026-04-03,Lucknow,Ahmedabad,North,FTL,CARR_08,CUST_005,2026-04-03,2026-03-25,43415.17,1898,Delivered
SHP004231,2026-01-09,2026-01-09,2026-01-17,Patna,Pune,East,LTL,CARR_08,CUST_106,2026-01-17,2026-01-06,26711.93,2152,Delivered
SHP003156,2026-01-14,2026-01-17,2026-01-20,Lucknow,Patna,North,PTL,CARR_01,CUST_087,2026-01-20,2026-01-21,8320.35,1011,Delayed
SHP000157,2026-06-27,2026-06-30,2026-07-08,Kochi,Patna,South,PTL,CARR_06,CUST_038,2026-07-08,,7900.58,1042,Delivered
SHP002226,2026-05-13,2026-05-15,2026-05-23,Kochi,Hyderabad,South,PTL,CARR_12,CUST_040,2026-05-23,2026-05-16,5943.5,704,Delivered
SHP004168,2026-01-27,2026-01-27,2026-01-30,Kochi,Delhi,South,PTL,CARR_12,CUST_050,2026-01-30,2026-02-01,1368.95,185,Delivered
SHP001065,2026-05-30,2026-06-02,2026-06-05,Mumbai,Kochi,West,LTL,CARR_14,CUST_111,2026-06-05,2026-06-03,25856.29,2388,Delivered
SHP001258,2026-02-19,2026-02-21,2026-02-26,Indore,Indore,Central,LTL,CARR_02,CUST_066,2026-02-26,,21503.99,1942,Cancelled
SHP002221,2026-01-10,2026-01-13,2026-01-20,Kolkata,Chennai,East,LTL,CARR_10,CUST_021,2026-01-20,2026-01-18,17685.18,1436,Delivered
SHP002607,2026-02-10,2026-02-11,2026-02-17,Pune,Delhi,West,LTL,CARR_15,CUST_030,2026-02-17,2026-02-13,22455.81,1928,Delivered
SHP003528,2026-01-12,2026-01-13,2026-01-17,Surat,Delhi,West,LTL,CARR_12,CUST_018,2026-01-17,2026-01-18,25559.77,2014,Delivered
SHP000387,2026-04-16,2026-04-17,2026-04-20,Hyderabad,Bengaluru,South,FTL,CARR_02,CUST_031,2026-04-20,2026-04-24,8698.63,351,Delivered
SHP002222,2026-02-22,2026-02-23,2026-03-02,Kochi,Surat,South,LTL,CARR_05,CUST_024,2026-03-02,,12463.76,1135,In-Transit
SHP001849,2026-02-26,2026-03-01,2026-03-07,Lucknow,Mumbai,North,LTL,CARR_08,CUST_063,2026-03-07,,16281.56,1319,In-Transit
SHP003090,2026-04-17,2026-04-19,2026-04-27,Mumbai,Kochi,West,LTL,CARR_08,CUST_001,2026-04-27,2026-04-23,3995.05,369,Delivered
SHP004313,2026-01-13,2026-01-13,2026-01-20,Kolkata,Bhopal,East,LTL,CARR_14,CUST_055,2026-01-20,2026-01-16,6609.05,615,Delivered
SHP002593,2026-01-18,2026-01-20,2026-01-28,Nagpur,Guwahati,Central,LTL,CARR_04,CUST_060,2026-01-28,2026-01-27,13275.34,1257,Delayed
SHP002591,2026-01-04,2026-01-04,2026-01-07,Bhubaneswar,Kolkata,East,LTL,CARR_08,CUST_113,2026-01-07,2026-01-10,17129.18,1508,Delayed
SHP003211,2026-04-13,2026-04-13,2026-04-21,Delhi,Delhi,North,FTL,CARR_10,CUST_079,2026-04-21,2026-04-15,48887.75,1988,Delivered
SHP000899,2026-06-24,2026-06-24,2026-06-28,Bengaluru,Delhi,South,FTL,CARR_04,CUST_024,2026-06-28,,54012.08,1903,Delivered
SHP004406,2026-03-17,2026-03-20,2026-03-24,Kochi,Bengaluru,South,FTL,CARR_04,CUST_051,2026-03-24,,54551.85,2196,Delivered
SHP001559,2026-03-03,2026-03-06,2026-03-12,Chandigarh,Raipur,North,FTL,CARR_15,CUST_116,2026-03-12,2026-03-16,2506.05,106,Delivered
SHP002676,2026-04-27,,2026-05-03,Pune,Hyderabad,West,FTL,CARR_10,CUST_079,2026-05-03,2026-05-01,11965.61,555,Delivered
SHP003774,2026-04-29,2026-04-29,2026-05-06,Nagpur,Bengaluru,Central,LTL,CARR_04,CUST_113,2026-05-06,2026-05-04,17834.43,1368,Delivered
SHP003091,2026-04-25,2026-04-26,2026-04-30,Lucknow,Raipur,North,FTL,CARR_10,CUST_055,2026-04-30,2026-04-27,10519.57,414,Delivered
SHP001959,2026-01-07,2026-01-09,2026-01-15,Hyderabad,Ahmedabad,South,LTL,CARR_01,CUST_091,2026-01-15,,11412.84,1085,In-Transit
SHP002247,2026-06-20,2026-06-22,2026-06-29,Guwahati,Surat,East,FTL,CARR_14,CUST_106,2026-06-29,2026-06-20,51020.71,1953,Delivered
SHP001743,2026-04-05,2026-04-08,2026-04-15,Chandigarh,Pune,North,LTL,CARR_04,CUST_078,2026-04-15,,23963.06,2147,In-Transit
SHP004393,2026-04-05,2026-04-07,2026-04-12,Patna,Kochi,East,FTL,CARR_15,CUST_093,2026-04-12,,14864.04,691,Cancelled
SHP000587,2026-01-31,2026-01-31,2026-02-07,Raipur,Delhi,Central,FTL,CARR_12,CUST_078,2026-02-07,2026-02-10,18838.47,830,Delivered
SHP001853,2026-05-26,2026-05-28,2026-06-04,Lucknow,Pune,North,FTL,CARR_08,CUST_028,2026-06-04,2026-06-04,15912.43,683,Delivered
SHP001092,2026-06-07,2026-06-10,2026-06-12,Kolkata,Bhopal,East,FTL,CARR_11,CUST_090,2026-06-12,2026-06-13,11199.47,392,Delayed
SHP004057,2026-02-04,2026-02-05,2026-02-09,Chennai,Delhi,South,LTL,CARR_12,CUST_068,2026-02-09,,26335.15,2476,Delivered
SHP004579,2026-01-14,2026-01-15,2026-01-18,Mumbai,Delhi,West,LTL,CARR_05,CUST_066,2026-01-18,2026-01-19,19074.27,1511,Delivered
SHP001168,2026-01-13,2026-01-15,2026-01-20,Surat,Bengaluru,West,FTL,CARR_09,CUST_006,2026-01-20,2026-01-19,60488.87,2241,Delivered
SHP000608,2026-03-22,2026-03-25,2026-03-28,Kochi,Bengaluru,South,PTL,CARR_08,CUST_062,2026-03-28,,2382.75,273,Delivered
SHP000151,2026-01-20,2026-01-22,2026-01-30,Bengaluru,Indore,South,FTL,CARR_07,CUST_030,2026-01-30,,668944.83,2489,Delivered
SHP004364,2026-01-08,2026-01-09,2026-01-15,Hyderabad,Patna,South,PTL,CARR_01,CUST_116,2026-01-15,,20355.87,2408,Delivered
SHP003277,2026-03-30,2026-03-31,2026-04-07,Lucknow,Bhopal,North,PTL,CARR_06,CUST_068,2026-04-07,,6142.11,692,Cancelled
SHP000258,2026-06-15,2026-06-17,2026-06-23,Ahmedabad,Hyderabad,West,LTL,CARR_15,CUST_102,2026-06-23,2026-06-18,24876.88,2323,Delivered
SHP004998,2026-02-15,2026-02-17,2026-02-23,Chandigarh,Bhubaneswar,North,PTL,CARR_15,CUST_041,2026-02-23,,16994.96,1877,In-Transit
SHP001210,2026-03-30,2026-04-02,2026-04-06,Ahmedabad,Lucknow,West,PTL,CARR_07,CUST_114,2026-04-06,2026-04-03,92980.59,1404,Delivered
SHP004972,2026-03-08,2026-03-08,2026-03-14,Indore,Chandigarh,Central,FTL,CARR_15,CUST_106,2026-03-14,2026-03-11,62196.52,2265,Delivered
SHP000551,2026-05-27,2026-05-27,2026-06-01,Lucknow,Patna,North,LTL,CARR_14,CUST_067,2026-06-01,2026-05-30,4581.65,406,Delivered
SHP004498,2026-04-08,2026-04-10,2026-04-15,Delhi,Lucknow,North,FTL,CARR_01,CUST_060,2026-04-15,2026-04-12,35668.61,1242,Delayed
SHP003212,2026-04-21,2026-04-22,2026-04-25,Jaipur,Surat,North,FTL,CARR_03,CUST_096,2026-04-25,2026-04-26,56377.63,2370,Delivered
SHP003912,2026-01-04,2026-01-06,2026-01-08,Kolkata,Jaipur,East,LTL,CARR_09,CUST_095,2026-01-08,2026-01-09,25348.2,1959,Delivered
SHP002879,2026-02-20,2026-02-22,2026-02-26,Kochi,Mumbai,South,LTL,CARR_13,CUST_031,2026-02-26,,24531.02,2264,Delayed
SHP004607,2026-04-13,2026-04-15,2026-04-20,Kolkata,Lucknow,East,FTL,CARR_07,CUST_079,2026-04-20,2026-04-23,465410.59,1713,Delayed
SHP004755,2026-05-23,,2026-06-01,Bhubaneswar,Jaipur,East,FTL,CARR_11,CUST_084,2026-06-01,2026-05-27,40642.76,1503,Delivered
SHP002361,2026-02-08,2026-02-08,2026-02-16,Hyderabad,Mumbai,South,FTL,CARR_09,CUST_089,2026-02-16,,48123.58,2262,Cancelled
SHP000738,2026-03-15,2026-03-16,2026-03-19,Hyderabad,Chennai,South,FTL,CARR_07,CUST_091,2026-03-19,2026-03-21,497097.38,2364,Delivered
SHP001419,2026-02-03,2026-02-05,2026-02-10,Chandigarh,Raipur,North,LTL,CARR_08,CUST_001,2026-02-10,,14448.21,1353,In-Transit
SHP002160,2026-03-24,2026-03-26,2026-03-29,Kochi,Hyderabad,South,PTL,CARR_06,CUST_117,2026-03-29,,566.3,63,Delayed
SHP000554,2026-01-29,2026-01-29,2026-02-05,Surat,Chennai,West,FTL,CARR_05,CUST_012,2026-02-05,,69990.72,2475,In-Transit
SHP004044,2026-04-27,2026-04-28,2026-05-05,Guwahati,Kochi,East,FTL,CARR_11,CUST_096,2026-05-05,2026-04-30,48484.76,2261,Delivered
SHP003654,2026-01-09,2026-01-12,2026-01-15,Delhi,Chennai,North,FTL,CARR_12,CUST_014,2026-01-15,2026-01-16,40946.3,1443,Delivered
SHP004325,2026-06-02,2026-06-05,2026-06-11,Bengaluru,Bhopal,South,LTL,CARR_07,CUST_006,2026-06-11,,120468.09,1058,In-Transit
SHP001056,2026-05-04,2026-05-04,2026-05-07,Jaipur,Kolkata,North,FTL,CARR_06,CUST_044,2026-05-07,2026-05-13,45571.96,1793,Delivered
SHP004909,2026-02-13,2026-02-13,2026-02-15,Delhi,Hyderabad,North,FTL,CARR_09,CUST_072,2026-02-15,2026-02-20,19736.25,734,Delayed
SHP003081,2026-02-09,2026-02-11,2026-02-13,Kochi,Jaipur,South,FTL,CARR_11,CUST_033,2026-02-13,,39495.22,1762,Delivered
SHP003302,2026-03-16,2026-03-18,2026-03-22,Mumbai,Mumbai,West,LTL,CARR_04,CUST_095,2026-03-22,2026-03-21,5875.53,559,Delivered
SHP001689,2026-04-23,2026-04-23,2026-04-25,Lucknow,Bhopal,North,FTL,CARR_05,CUST_080,2026-04-25,2026-04-25,25331.49,930,Delivered
SHP004540,2026-04-22,2026-04-25,2026-05-01,Hyderabad,Pune,South,LTL,CARR_01,CUST_073,2026-05-01,,20614.8,1778,Delivered
SHP002814,2026-06-27,2026-06-28,2026-07-02,Jaipur,Bengaluru,North,LTL,CARR_07,CUST_003,2026-07-02,2026-07-03,180336.11,1584,Delivered
SHP002719,2026-04-18,2026-04-21,2026-04-28,Bhubaneswar,Surat,East,LTL,CARR_08,CUST_048,2026-04-28,,25750.07,1925,In-Transit
SHP001553,2026-05-23,2026-05-24,2026-05-26,Chennai,Chennai,South,LTL,CARR_03,CUST_023,2026-05-26,,25143.52,2245,Delivered
SHP002208,2026-06-21,2026-06-22,2026-06-30,Surat,Hyderabad,West,PTL,CARR_09,CUST_034,2026-06-30,,12673.0,1788,Cancelled
SHP004834,,2026-03-14,2026-03-16,Pune,Lucknow,West,LTL,CARR_15,CUST_054,2026-03-16,,19426.86,1454,In-Transit
SHP000355,2026-06-19,2026-06-19,2026-06-27,Raipur,Ahmedabad,Central,LTL,CARR_04,CUST_023,2026-06-27,2026-06-29,21679.42,2043,Delivered
SHP001796,2026-05-10,2026-05-13,2026-05-16,Bhubaneswar,Nagpur,East,FTL,CARR_10,CUST_048,2026-05-16,2026-05-16,53152.8,2324,Delivered
SHP003396,2026-04-28,2026-04-29,2026-05-07,Bhubaneswar,Raipur,East,LTL,CARR_02,CUST_063,2026-05-07,2026-04-30,24281.36,1984,Delivered
SHP004332,2026-01-10,2026-01-11,2026-01-14,Indore,Kolkata,Central,FTL,CARR_11,CUST_058,2026-01-14,2026-01-16,32881.55,1209,Delivered
SHP001384,2026-03-24,2026-03-27,2026-03-30,Indore,Nagpur,Central,PTL,CARR_09,CUST_022,2026-03-30,2026-04-04,14829.38,1706,Delivered
SHP001367,2026-05-23,2026-05-23,2026-05-26,Pune,Indore,West,LTL,CARR_07,CUST_031,2026-05-26,2026-06-01,233023.98,2355,Delayed
SHP003021,2026-02-22,2026-02-22,2026-02-24,Bhopal,Kochi,Central,FTL,CARR_08,CUST_061,2026-02-24,,44408.79,1558,In-Transit
SHP004483,2026-03-18,2026-03-19,2026-03-25,Kochi,Surat,South,LTL,CARR_08,CUST_027,2026-03-25,,1486.91,116,Delivered
SHP002174,2026-03-03,2026-03-04,2026-03-12,Ahmedabad,Hyderabad,West,PTL,CARR_01,CUST_003,2026-03-12,2026-03-05,13869.1,1567,Delivered
SHP000881,2026-01-24,2026-01-26,2026-01-30,Chandigarh,Bengaluru,North,LTL,CARR_12,CUST_031,2026-01-30,,4463.86,382,In-Transit
SHP002438,2026-02-10,2026-02-10,2026-02-13,Kolkata,Ahmedabad,East,FTL,CARR_12,CUST_059,2026-02-13,2026-02-15,54418.67,2146,Delivered
SHP004454,2026-04-17,2026-04-19,2026-04-26,Bhopal,Surat,Central,PTL,CARR_04,CUST_112,2026-04-26,,8001.94,1014,In-Transit
SHP000990,2026-06-06,2026-06-09,2026-06-13,Guwahati,Chennai,East,PTL,CARR_07,CUST_023,2026-06-13,,107736.26,1115,In-Transit
SHP001420,2026-04-05,2026-04-07,2026-04-10,Ahmedabad,Bhopal,West,LTL,CARR_14,CUST_057,2026-04-10,2026-04-08,22243.53,1688,Delivered
SHP004191,2026-02-17,2026-02-17,2026-02-20,Ahmedabad,Ahmedabad,West,LTL,CARR_01,CUST_037,2026-02-20,2026-02-18,20782.35,1862,Delayed
SHP001334,2026-04-07,2026-04-08,2026-04-11,Bhubaneswar,Hyderabad,East,FTL,CARR_12,CUST_054,2026-04-11,2026-04-10,9627.7,405,Delivered
SHP001282,2026-03-26,2026-03-26,2026-04-03,Jaipur,Indore,North,PTL,CARR_05,CUST_119,2026-04-03,,6992.05,894,In-Transit
SHP000042,2026-06-26,2026-06-29,2026-07-04,Bengaluru,Kochi,South,LTL,CARR_13,CUST_031,2026-07-04,,1264.2,120,Delivered
SHP002197,2026-01-15,2026-01-17,2026-01-24,Jaipur,Kochi,North,LTL,CARR_05,CUST_024,2026-01-24,,18875.62,1476,In-Transit
SHP002554,2026-05-20,2026-05-21,2026-05-26,Bhubaneswar,Kolkata,East,FTL,CARR_15,CUST_044,2026-05-26,,32913.42,1528,Cancelled
SHP000479,2026-04-15,2026-04-15,2026-04-19,Mumbai,Hyderabad,West,PTL,CARR_02,CUST_078,2026-04-19,2026-04-17,17920.59,2391,Delivered
SHP003961,2026-04-29,2026-05-01,2026-05-06,Guwahati,Jaipur,East,FTL,CARR_09,CUST_085,2026-05-06,2026-05-06,54894.46,1953,Delivered
SHP003508,2026-04-10,2026-04-13,2026-04-15,Bengaluru,Surat,South,LTL,CARR_13,CUST_022,2026-04-15,,13040.61,1023,Delivered
SHP003964,2026-06-24,2026-06-24,2026-07-01,Ahmedabad,Bhubaneswar,West,PTL,CARR_07,CUST_092,2026-07-01,2026-06-28,52008.39,548,Delivered
SHP001393,2026-04-03,2026-04-06,2026-04-14,Pune,Surat,West,LTL,CARR_07,CUST_067,2026-04-14,,22592.94,179,In-Transit
SHP002169,2026-03-05,2026-03-08,2026-03-15,Nagpur,Pune,Central,PTL,CARR_10,CUST_016,2026-03-15,2026-03-16,12610.2,1389,Delayed
SHP002548,2026-04-19,2026-04-22,2026-04-26,Bhopal,Lucknow,Central,LTL,CARR_03,CUST_112,2026-04-26,2026-04-29,3473.75,253,Delivered
SHP003792,2026-04-10,2026-04-13,2026-04-21,Chandigarh,Pune,North,PTL,CARR_03,CUST_035,2026-04-21,2026-04-22,6992.93,997,Delayed
SHP002750,2026-05-07,2026-05-07,2026-05-10,Mumbai,Patna,West,LTL,CARR_06,CUST_090,2026-05-10,2026-05-08,22276.98,1776,Delivered
SHP003708,2026-04-04,2026-04-06,2026-04-12,Bhopal,Jaipur,Central,LTL,CARR_07,CUST_004,2026-04-12,2026-04-13,13962.73,148,Delivered
SHP004293,2026-06-04,2026-06-04,2026-06-12,Lucknow,Raipur,North,FTL,CARR_15,CUST_063,2026-06-12,2026-06-13,27715.57,1090,Delivered
SHP003049,2026-01-27,2026-01-28,2026-01-31,Delhi,Pune,North,FTL,CARR_15,CUST_034,2026-01-31,2026-02-05,38204.95,1489,Delivered
SHP000368,2026-05-02,2026-05-04,2026-05-10,Ahmedabad,Pune,West,FTL,CARR_12,CUST_050,2026-05-10,2026-05-07,39050.32,1830,Delayed
SHP004287,2026-04-17,2026-04-18,2026-04-25,Mumbai,Hyderabad,West,LTL,CARR_02,CUST_097,2026-04-25,,24057.5,1922,In-Transit
SHP001837,2026-04-11,2026-04-13,2026-04-21,Raipur,Kochi,Central,FTL,CARR_03,CUST_061,2026-04-21,2026-04-22,28318.8,1204,Delivered
SHP002429,2026-05-17,2026-05-19,2026-05-23,Bhopal,Kochi,Central,LTL,CARR_10,CUST_083,2026-05-23,2026-05-22,32938.23,2415,Delivered
SHP004403,2026-03-05,2026-03-07,2026-03-09,Indore,Lucknow,Central,PTL,CARR_04,CUST_108,2026-03-09,,14047.35,1540,In-Transit
SHP001245,2026-06-06,2026-06-07,2026-06-15,Lucknow,Chennai,North,FTL,CARR_03,CUST_015,2026-06-15,2026-06-04,14527.2,643,Delivered
SHP002038,2026-03-15,2026-03-18,2026-03-26,Pune,Patna,West,LTL,CARR_11,CUST_069,2026-03-26,,20410.25,1649,Cancelled
SHP004662,2026-01-31,2026-02-03,2026-02-06,Pune,Ahmedabad,West,LTL,CARR_06,CUST_018,2026-02-06,2026-02-04,2879.64,240,Delivered
SHP001484,2026-06-06,2026-06-08,2026-06-15,Surat,Ahmedabad,West,LTL,CARR_08,CUST_047,2026-06-15,2026-06-10,13718.29,1314,Delayed
SHP001868,2026-06-18,2026-06-18,2026-06-25,Mumbai,Bhubaneswar,West,LTL,CARR_10,CUST_087,2026-06-25,2026-06-25,9534.86,733,Delivered
SHP002268,2026-01-29,2026-01-30,2026-02-03,Bengaluru,Kochi,South,PTL,CARR_12,CUST_077,2026-02-03,,8504.45,1042,In-Transit
SHP001637,2026-05-07,2026-05-08,2026-05-11,Pune,Kolkata,West,LTL,CARR_09,CUST_047,2026-05-11,2026-05-17,29622.17,2319,Delivered
SHP000380,2026-03-20,2026-03-20,2026-03-26,Bhopal,Chennai,Central,FTL,CARR_11,CUST_007,2026-03-26,2026-03-28,20608.84,749,Delivered
SHP004461,2026-05-16,2026-05-17,2026-05-19,Lucknow,Kochi,North,FTL,CARR_02,CUST_002,2026-05-19,,35668.53,1571,In-Transit
SHP002316,2026-01-31,2026-02-02,2026-02-10,Patna,Raipur,East,FTL,CARR_11,CUST_073,2026-02-10,2026-02-06,1259.1,58,Delivered
SHP002461,2026-04-06,2026-04-09,2026-04-12,Bhopal,Nagpur,Central,FTL,CARR_10,CUST_050,2026-04-12,2026-04-19,18694.11,778,Delayed
SHP002049,2026-03-24,2026-03-25,2026-03-27,Hyderabad,Bhubaneswar,South,LTL,CARR_03,CUST_082,2026-03-27,,4380.31,326,Delayed
SHP004079,2026-03-17,2026-03-17,2026-03-24,Chennai,Kolkata,South,FTL,CARR_07,CUST_106,2026-03-24,,468980.41,1545,Delivered
SHP002510,2026-04-04,2026-04-04,2026-04-11,Bhubaneswar,Delhi,East,LTL,CARR_05,CUST_036,2026-04-11,2026-04-12,7726.35,625,Delivered
SHP004966,2026-05-13,2026-05-15,2026-05-19,Bhopal,Pune,Central,LTL,CARR_13,CUST_013,2026-05-19,2026-05-17,3871.72,312,Delivered
SHP001979,2026-01-08,2026-01-08,2026-01-10,Bhubaneswar,Bhubaneswar,East,LTL,CARR_13,CUST_055,2026-01-10,2026-01-12,4245.11,403,Delayed
SHP000855,2026-02-08,2026-02-09,2026-02-11,Hyderabad,Kolkata,South,PTL,CARR_03,CUST_116,2026-02-11,,20035.56,2230,Delivered
SHP004012,2026-02-06,2026-02-09,2026-02-14,Chandigarh,Mumbai,North,LTL,CARR_14,CUST_041,2026-02-14,2026-02-11,6650.27,552,Delivered
SHP002588,,2026-02-27,2026-03-07,Guwahati,Nagpur,East,LTL,CARR_03,CUST_016,2026-03-07,2026-03-06,25194.1,2318,Delivered
SHP003589,2026-05-27,2026-05-29,2026-06-03,Chandigarh,Bhopal,North,PTL,CARR_10,CUST_009,2026-06-03,2026-06-07,13884.03,2014,Delivered
SHP001804,2026-05-17,2026-05-17,2026-05-20,Chandigarh,Bhopal,North,LTL,CARR_04,CUST_035,2026-05-20,,14869.05,1250,Cancelled
SHP002294,2026-02-24,2026-02-25,2026-03-04,Lucknow,Delhi,North,FTL,CARR_10,CUST_112,2026-03-04,2026-03-02,9150.59,361,Delivered
SHP000249,2026-03-06,2026-03-07,2026-03-15,Surat,Ahmedabad,West,PTL,CARR_01,CUST_002,2026-03-15,2026-03-17,16388.21,1864,Delayed
SHP002498,2026-02-20,2026-02-23,2026-03-03,Guwahati,Ahmedabad,East,LTL,CARR_07,CUST_030,2026-03-03,2026-03-05,80794.38,655,Delivered
SHP000697,2026-03-23,2026-03-25,2026-04-02,Delhi,Raipur,North,LTL,CARR_09,CUST_057,2026-04-02,2026-03-29,27079.61,2406,Delivered
SHP003484,2026-03-16,2026-03-18,2026-03-24,Pune,Nagpur,West,FTL,CARR_11,CUST_017,2026-03-24,2026-03-25,19388.12,709,Delivered
SHP003072,2026-02-02,2026-02-03,2026-02-08,Bhubaneswar,Patna,East,LTL,CARR_07,CUST_095,2026-02-08,2026-02-07,321666.0,2401,Delivered
SHP001342,2026-03-28,2026-03-29,2026-03-31,Delhi,Chandigarh,North,PTL,CARR_06,CUST_029,2026-03-31,2026-03-31,17893.38,1985,Delivered
SHP003646,2026-02-26,2026-02-26,2026-03-02,Chandigarh,Guwahati,North,PTL,CARR_08,CUST_080,2026-03-02,2026-03-01,1926.41,257,Delivered
SHP004118,2026-04-18,2026-04-21,2026-04-24,Surat,Patna,West,FTL,CARR_09,CUST_050,2026-04-24,2026-04-29,49490.96,1797,Delivered
SHP000476,2026-05-27,2026-05-28,2026-06-03,Nagpur,Bhubaneswar,Central,FTL,CARR_13,CUST_105,2026-06-03,2026-06-04,23449.71,1064,Delivered
SHP003177,2026-06-06,2026-06-09,2026-06-15,Ahmedabad,Bhubaneswar,West,LTL,CARR_08,CUST_048,2026-06-15,2026-06-19,22583.38,2028,Delivered
SHP003946,2026-05-19,2026-05-19,2026-05-23,Jaipur,Pune,North,LTL,CARR_02,CUST_003,2026-05-23,2026-05-27,2682.61,196,Delivered
SHP002640,2026-06-06,2026-06-09,2026-06-17,Jaipur,Bengaluru,North,LTL,CARR_10,CUST_042,2026-06-17,2026-06-10,7972.52,668,Delivered
SHP000539,2026-01-02,2026-01-02,2026-01-09,Jaipur,Kochi,North,FTL,CARR_15,CUST_025,2026-01-09,2026-01-11,39448.6,1582,Delayed
SHP000464,2026-04-25,2026-04-28,2026-05-01,Surat,Lucknow,West,LTL,CARR_11,CUST_045,2026-05-01,2026-04-29,15748.84,1229,Delivered
SHP000940,2026-02-08,2026-02-11,2026-02-17,Chennai,Pune,South,LTL,CARR_14,CUST_114,2026-02-17,2026-02-20,15073.26,1095,Delivered
SHP001968,2026-05-27,2026-05-30,2026-06-01,Jaipur,Mumbai,North,PTL,CARR_13,CUST_110,2026-06-01,2026-05-27,13870.32,1788,Delivered
SHP002135,2026-03-02,2026-03-02,2026-03-07,Guwahati,Patna,East,FTL,CARR_07,CUST_026,2026-03-07,2026-03-08,362243.42,1558,Delivered
SHP001480,2026-05-28,2026-05-31,2026-06-08,Lucknow,Raipur,North,PTL,CARR_15,CUST_106,2026-06-08,2026-06-03,8878.45,1167,Delivered
SHP000806,2026-01-31,2026-02-02,2026-02-10,Nagpur,Chandigarh,Central,PTL,CARR_14,CUST_015,2026-02-10,2026-02-05,11101.81,1473,Delivered
SHP003884,2026-04-12,2026-04-13,2026-04-15,Guwahati,Mumbai,East,LTL,CARR_06,CUST_111,2026-04-15,2026-04-19,15880.72,1505,Delivered
SHP002790,2026-03-31,2026-04-03,2026-04-08,Bhubaneswar,Jaipur,East,PTL,CARR_06,CUST_120,2026-04-08,2026-04-08,5869.27,844,Delivered
SHP004010,2026-04-11,2026-04-14,2026-04-18,Surat,Chennai,West,FTL,CARR_10,CUST_055,2026-04-18,2026-04-18,37418.51,1340,Delivered
SHP003382,2026-01-25,2026-01-27,2026-02-04,Kolkata,Ahmedabad,East,FTL,CARR_07,CUST_059,2026-02-04,2026-02-04,163952.5,509,Delivered
SHP004533,2026-05-13,2026-05-13,2026-05-20,Mumbai,Bhopal,West,FTL,CARR_11,CUST_101,2026-05-20,2026-05-18,25412.25,1030,Delivered
SHP004495,2026-03-23,2026-03-25,2026-04-01,Bhubaneswar,Guwahati,East,FTL,CARR_08,CUST_073,2026-04-01,2026-04-04,43864.62,1557,Delivered
SHP002032,2026-05-11,2026-05-14,2026-05-21,Chennai,Bengaluru,South,FTL,CARR_06,CUST_075,2026-05-21,,13126.54,605,In-Transit
SHP001263,2026-03-16,2026-03-16,2026-03-20,Indore,Bengaluru,Central,PTL,CARR_06,CUST_050,2026-03-20,2026-03-25,17169.42,2365,Delivered
SHP000388,2026-03-11,2026-03-12,2026-03-15,Ahmedabad,Kochi,West,LTL,CARR_11,CUST_046,2026-03-15,2026-03-18,2297.24,181,Delivered
SHP004670,2026-01-17,2026-01-19,2026-01-26,Hyderabad,Raipur,South,FTL,CARR_03,CUST_013,2026-01-26,,53518.62,2297,Delayed
SHP003215,2026-02-01,2026-02-03,2026-02-07,Kochi,Hyderabad,South,PTL,CARR_11,CUST_023,2026-02-07,,14791.04,1806,Delivered
SHP004390,2026-03-29,2026-04-01,2026-04-09,Chennai,Guwahati,South,FTL,CARR_11,CUST_021,2026-04-09,,26066.16,1008,Delivered
SHP003386,2026-04-18,2026-04-20,2026-04-24,Kolkata,Chandigarh,East,LTL,CARR_14,CUST_112,2026-04-24,2026-04-29,29854.72,2373,Delivered
SHP004810,2026-02-27,2026-03-01,2026-03-09,Lucknow,Ahmedabad,North,LTL,CARR_12,CUST_108,2026-03-09,,5537.43,434,Cancelled
SHP003639,2026-02-10,2026-02-13,2026-02-16,Kochi,Chennai,South,FTL,CARR_04,CUST_070,2026-02-16,,53766.71,2337,Delivered
SHP003688,2026-06-06,2026-06-08,2026-06-11,Lucknow,Guwahati,North,FTL,CARR_07,CUST_074,2026-06-11,2026-06-17,627984.49,2149,Delivered
SHP000997,2026-01-13,2026-01-13,2026-01-16,Surat,Lucknow,West,LTL,CARR_01,CUST_077,2026-01-16,2026-01-18,18274.9,1597,Delivered
SHP001829,2026-05-03,2026-05-06,2026-05-08,Guwahati,Patna,East,FTL,CARR_08,CUST_091,2026-05-08,2026-05-10,19114.23,869,Delivered
SHP004020,2026-04-22,2026-04-24,2026-04-26,Guwahati,Kochi,East,LTL,CARR_08,CUST_048,2026-04-26,2026-04-26,28384.63,2303,Delivered
SHP002437,2026-01-01,2026-01-04,2026-01-07,Lucknow,Surat,North,LTL,CARR_03,CUST_062,2026-01-07,2026-01-06,23121.11,1884,Delivered
SHP000984,2026-05-31,2026-06-03,2026-06-05,Kolkata,Raipur,East,FTL,CARR_05,CUST_083,2026-06-05,2026-06-07,40715.41,1445,Delivered
SHP000956,2026-03-01,2026-03-03,2026-03-06,Lucknow,Surat,North,PTL,CARR_10,CUST_074,2026-03-06,2026-03-13,14052.68,1890,Delayed
SHP002577,2026-04-01,2026-04-01,2026-04-05,Jaipur,Bengaluru,North,FTL,CARR_13,CUST_085,2026-04-05,2026-04-11,57114.07,2028,Delivered
SHP000234,2026-03-07,2026-03-08,2026-03-12,Pune,Delhi,West,LTL,CARR_02,CUST_116,2026-03-12,2026-03-16,13426.55,1131,Delivered
SHP001623,2026-04-03,2026-04-03,2026-04-10,Jaipur,Raipur,North,FTL,CARR_14,CUST_084,2026-04-10,2026-04-04,18617.77,802,Delivered
SHP004913,2026-06-12,2026-06-13,2026-06-15,Patna,Guwahati,East,LTL,CARR_10,CUST_004,2026-06-15,2026-06-23,9091.63,766,Delivered
SHP001940,2026-06-07,2026-06-09,2026-06-15,Raipur,Mumbai,Central,PTL,CARR_06,CUST_107,2026-06-15,2026-06-16,19013.54,2204,Delivered
SHP004268,2026-04-04,2026-04-04,2026-04-09,Pune,Bengaluru,West,PTL,CARR_08,CUST_114,2026-04-09,2026-04-12,4640.39,665,Delayed
SHP001187,2026-02-27,2026-02-27,2026-03-01,Lucknow,Raipur,North,FTL,CARR_13,CUST_059,2026-03-01,,58368.08,2237,In-Transit
SHP000320,2026-03-20,2026-03-21,2026-03-27,Patna,Bhubaneswar,East,LTL,CARR_01,CUST_099,2026-03-27,2026-03-27,23157.27,1861,Delivered
SHP001412,2026-03-06,2026-03-07,2026-03-09,Bengaluru,Kolkata,South,FTL,CARR_11,CUST_109,2026-03-09,,29659.16,1395,Delayed
SHP001001,2026-05-16,2026-05-16,2026-05-20,Surat,Chennai,West,FTL,CARR_13,CUST_025,2026-05-20,2026-05-23,23352.74,1042,Delivered
SHP000541,2026-03-04,2026-03-07,2026-03-15,Ahmedabad,Lucknow,West,PTL,CARR_12,CUST_032,2026-03-15,2026-03-08,12720.86,1530,Delivered
SHP000588,2026-05-21,2026-05-23,2026-05-27,Guwahati,Chennai,East,FTL,CARR_04,CUST_054,2026-05-27,2026-06-01,38126.49,1549,Delivered
SHP004559,2026-05-05,2026-05-08,2026-05-13,Lucknow,Bhopal,North,PTL,CARR_14,CUST_072,2026-05-13,2026-05-15,16652.94,2211,Delivered
SHP000970,2026-04-14,2026-04-14,2026-04-17,Bhopal,Lucknow,Central,FTL,CARR_13,CUST_047,2026-04-17,2026-04-19,69894.65,2470,Delayed
SHP000831,2026-04-06,2026-04-06,2026-04-08,Kolkata,Bhopal,East,PTL,CARR_01,CUST_088,2026-04-08,2026-04-09,15142.53,2217,Delivered
SHP004776,2026-05-26,2026-05-27,2026-06-04,Indore,Guwahati,Central,LTL,CARR_01,CUST_055,2026-06-04,2026-06-01,28586.07,2140,Delayed
SHP000136,2026-01-05,2026-01-06,2026-01-08,Bengaluru,Lucknow,South,LTL,CARR_15,CUST_114,2026-01-08,,5712.59,463,Delivered
SHP001328,2026-03-09,2026-03-11,2026-03-16,Kochi,Jaipur,South,FTL,CARR_01,CUST_084,2026-03-16,2026-03-12,44321.67,1808,Delivered
SHP001667,2026-04-17,2026-04-17,2026-04-23,Raipur,Bhubaneswar,Central,LTL,CARR_03,CUST_096,2026-04-23,2026-04-24,16096.8,1299,Delivered
SHP003549,2026-02-06,2026-02-06,2026-02-10,Pune,Bhubaneswar,West,LTL,CARR_12,CUST_015,2026-02-10,2026-02-10,19048.26,1411,Delivered
SHP000872,2026-02-10,2026-02-12,2026-02-19,Pune,Surat,West,FTL,CARR_05,CUST_081,2026-02-19,2026-02-17,46687.82,1807,Delivered
SHP003629,2026-02-26,2026-02-26,2026-03-06,Kolkata,Pune,East,FTL,CARR_03,CUST_027,2026-03-06,2026-03-04,22736.24,976,Delivered
SHP004538,2026-05-04,2026-05-04,2026-05-12,Indore,Mumbai,Central,LTL,CARR_08,CUST_087,2026-05-12,2026-05-11,12449.22,1190,Delivered
SHP003169,2026-01-09,2026-01-10,2026-01-12,Hyderabad,Delhi,South,FTL,CARR_11,CUST_067,2026-01-12,,16415.42,681,Delivered
SHP001911,2026-05-26,2026-05-29,2026-06-05,Bhubaneswar,Hyderabad,East,LTL,CARR_01,CUST_109,2026-06-05,2026-05-30,24061.87,1797,Delayed
SHP000840,2026-04-19,2026-04-21,2026-04-28,Chandigarh,Chennai,North,LTL,CARR_05,CUST_113,2026-04-28,2026-04-25,13610.87,1166,Delivered
SHP001380,2026-02-05,2026-02-05,2026-02-12,Kolkata,Kolkata,East,FTL,CARR_12,CUST_099,2026-02-12,2026-02-15,11278.25,480,Delivered
SHP002131,2026-01-20,2026-01-20,2026-01-22,Surat,Lucknow,West,LTL,CARR_06,CUST_060,2026-01-22,2026-01-23,23057.88,2190,Delivered
SHP004732,2026-02-23,2026-02-26,2026-03-03,Patna,Kochi,East,LTL,CARR_05,CUST_041,2026-03-03,2026-03-04,2661.51,204,Delivered
SHP002987,2026-02-21,2026-02-23,2026-03-02,Delhi,Chandigarh,North,FTL,CARR_11,CUST_066,2026-03-02,2026-03-05,49358.89,1797,Delivered
SHP001442,2026-04-10,2026-04-13,2026-04-15,Bengaluru,Chandigarh,South,LTL,CARR_15,CUST_019,2026-04-15,,17266.13,1423,Delivered
SHP002515,2026-01-28,2026-01-30,2026-02-05,Surat,Pune,West,FTL,CARR_03,CUST_069,2026-02-05,,26462.56,1042,In-Transit
SHP003166,2026-02-02,2026-02-03,2026-02-08,Chandigarh,Surat,North,FTL,CARR_02,CUST_086,2026-02-08,2026-02-05,14587.12,613,Delivered
SHP000787,2026-03-22,2026-03-24,2026-03-31,Kolkata,Bengaluru,East,PTL,CARR_12,CUST_092,2026-03-31,2026-04-01,6727.76,929,Delivered
SHP002445,2026-05-07,2026-05-09,2026-05-11,Patna,Indore,East,FTL,CARR_07,CUST_069,2026-05-11,2026-05-14,144000.88,568,Delivered
SHP003573,2026-02-08,2026-02-09,2026-02-14,Hyderabad,Nagpur,South,LTL,CARR_15,CUST_023,2026-02-14,,7025.53,638,Delivered
SHP002451,2026-03-05,2026-03-05,2026-03-11,Chandigarh,Mumbai,North,LTL,CARR_15,CUST_077,2026-03-11,2026-03-06,1409.27,124,Delivered
SHP001634,2026-01-29,2026-01-31,2026-02-07,Bhopal,Lucknow,Central,FTL,CARR_09,CUST_045,2026-02-07,2026-02-01,15666.15,593,Delivered
SHP004897,2026-06-24,2026-06-24,2026-06-26,Hyderabad,Surat,South,FTL,CARR_08,CUST_087,2026-06-26,,11569.92,497,Delivered
SHP001582,2026-01-29,2026-01-30,2026-02-07,Kochi,Guwahati,South,LTL,CARR_06,CUST_110,2026-02-07,,23025.12,1777,In-Transit
SHP002604,2026-01-05,2026-01-07,2026-01-13,Hyderabad,Raipur,South,FTL,CARR_06,CUST_053,2026-01-13,,17477.17,631,Delivered
SHP001248,2026-01-25,2026-01-25,2026-02-01,Chennai,Indore,South,FTL,CARR_07,CUST_025,2026-02-01,,49586.65,240,Delivered
SHP002849,2026-05-29,2026-05-29,2026-05-31,Raipur,Guwahati,Central,PTL,CARR_01,CUST_102,2026-05-31,2026-06-01,15535.88,2039,Delayed
SHP001341,2026-01-14,2026-01-16,2026-01-22,Lucknow,Hyderabad,North,LTL,CARR_10,CUST_097,2026-01-22,2026-01-18,16104.03,1216,Delivered
SHP000029,2026-06-22,2026-06-24,2026-07-02,Jaipur,Indore,North,FTL,CARR_13,CUST_031,2026-07-02,2026-06-28,19337.21,865,Delivered
SHP004775,2026-02-23,2026-02-24,2026-02-26,Jaipur,Lucknow,North,FTL,CARR_13,CUST_010,2026-02-26,2026-03-02,27340.91,1115,Delivered
SHP001679,2026-05-28,2026-05-30,2026-06-03,Mumbai,Guwahati,West,PTL,CARR_01,CUST_079,2026-06-03,2026-06-01,15876.02,2077,Delivered
SHP004322,2026-01-28,2026-01-30,2026-02-06,Bhubaneswar,Kochi,East,FTL,CARR_12,CUST_113,2026-02-06,2026-02-04,37878.23,1624,Delivered
SHP000578,2026-02-20,2026-02-20,2026-02-26,Patna,Ahmedabad,East,FTL,CARR_07,CUST_063,2026-02-26,2026-03-01,192502.21,679,Delivered
SHP003098,2026-02-24,2026-02-26,2026-03-06,Delhi,Mumbai,North,PTL,CARR_07,CUST_048,2026-03-06,2026-03-08,94708.16,1413,Delivered
SHP001838,2026-04-29,2026-04-30,2026-05-02,Nagpur,Guwahati,Central,FTL,CARR_02,CUST_032,2026-05-02,2026-05-08,30699.11,1279,Delivered
SHP002981,2026-06-04,2026-06-06,2026-06-10,Hyderabad,Kolkata,South,FTL,CARR_09,CUST_020,2026-06-10,,10174.21,406,Delivered
SHP000434,2026-02-05,2026-02-06,2026-02-12,Lucknow,Kolkata,North,FTL,CARR_14,CUST_093,2026-02-12,2026-02-08,59290.49,2099,Delivered
SHP002349,2026-02-28,2026-03-03,2026-03-06,Guwahati,Mumbai,East,LTL,CARR_10,CUST_087,2026-03-06,,19601.47,1457,In-Transit
SHP004978,2026-04-10,2026-04-10,2026-04-16,Patna,Bhubaneswar,East,FTL,CARR_02,CUST_061,2026-04-16,2026-04-18,54536.99,2187,Delivered
SHP001598,2026-02-21,2026-02-21,2026-03-01,Raipur,Nagpur,Central,FTL,CARR_14,CUST_100,2026-03-01,2026-02-24,51447.56,2161,Delivered
SHP004323,2026-05-23,2026-05-26,2026-05-31,Delhi,Chennai,North,FTL,CARR_05,CUST_034,2026-05-31,2026-05-30,44631.13,1783,Delivered
SHP002010,2026-06-07,2026-06-07,2026-06-10,Raipur,Chennai,Central,LTL,CARR_06,CUST_093,2026-06-10,2026-06-08,25218.26,2211,Delivered
SHP000220,2026-06-24,2026-06-24,2026-06-27,Chennai,Guwahati,South,LTL,CARR_14,CUST_100,2026-06-27,,9384.36,759,Delivered
SHP003889,2026-05-21,2026-05-21,2026-05-26,Chandigarh,Raipur,North,LTL,CARR_15,CUST_094,2026-05-26,2026-05-22,27270.62,2095,Delivered
SHP002613,2026-01-21,2026-01-21,2026-01-24,Surat,Surat,West,LTL,CARR_12,CUST_079,2026-01-24,,16658.61,1544,Cancelled
SHP000004,2026-04-04,2026-04-05,2026-04-09,Chandigarh,Lucknow,North,FTL,CARR_11,CUST_107,2026-04-09,2026-04-11,23858.89,908,Delivered
SHP000427,2026-03-23,2026-03-26,2026-03-31,Surat,Kolkata,West,LTL,CARR_10,CUST_003,2026-03-31,,16797.76,1370,In-Transit
SHP001872,2026-02-07,2026-02-09,2026-02-16,Kochi,Mumbai,South,FTL,CARR_09,CUST_055,2026-02-16,,53945.73,1946,Delivered
SHP001806,2026-06-03,2026-06-04,2026-06-10,Hyderabad,Patna,South,PTL,CARR_04,CUST_053,2026-06-10,,3375.03,396,Delivered
SHP004808,2026-01-13,2026-01-13,2026-01-20,Kolkata,Chandigarh,East,FTL,CARR_10,CUST_001,2026-01-20,2026-01-15,19520.03,715,Delivered
SHP003894,2026-06-26,2026-06-28,2026-07-02,Mumbai,Lucknow,West,FTL,CARR_06,CUST_042,2026-07-02,2026-07-04,6008.21,252,Delivered
SHP002977,2026-03-21,2026-03-22,2026-03-30,Ahmedabad,Raipur,West,LTL,CARR_03,CUST_091,2026-03-30,2026-03-28,20420.3,1776,Delivered
SHP002216,2026-04-03,2026-04-03,2026-04-07,Guwahati,Lucknow,East,LTL,CARR_07,CUST_018,2026-04-07,2026-04-11,89124.5,874,Delivered
SHP004007,2026-04-09,2026-04-11,2026-04-16,Lucknow,Bengaluru,North,LTL,CARR_11,CUST_092,2026-04-16,2026-04-13,2857.61,275,Delivered
SHP001028,2026-04-25,2026-04-26,2026-05-04,Surat,Ahmedabad,West,FTL,CARR_01,CUST_092,2026-05-04,2026-05-03,45631.54,1736,Delivered
SHP000228,2026-05-03,2026-05-06,2026-05-08,Mumbai,Kochi,West,LTL,CARR_07,CUST_055,2026-05-08,2026-05-07,231732.4,2236,Delivered
SHP001944,2026-02-26,2026-02-28,2026-03-08,Delhi,Pune,North,LTL,CARR_04,CUST_106,2026-03-08,2026-03-06,18585.72,1558,Delivered
SHP003891,2026-03-10,2026-03-10,2026-03-14,Kochi,Hyderabad,South,LTL,CARR_01,CUST_014,2026-03-14,,11937.63,866,Delivered
SHP000242,2026-01-28,2026-01-28,2026-02-02,Jaipur,Bhubaneswar,North,LTL,CARR_06,CUST_090,2026-02-02,,8224.14,625,In-Transit
SHP000658,2026-03-26,2026-03-29,2026-04-03,Raipur,Nagpur,Central,FTL,CARR_11,CUST_045,2026-04-03,2026-04-08,27836.08,1181,Delivered
SHP003264,2026-05-18,2026-05-18,2026-05-22,Kolkata,Pune,East,LTL,CARR_12,CUST_056,2026-05-22,2026-05-25,10157.59,789,Delivered
SHP003711,2026-02-06,2026-02-07,2026-02-11,Delhi,Kochi,North,LTL,CARR_01,CUST_004,2026-02-11,2026-02-11,24314.55,2272,Delivered
SHP003697,2026-06-09,2026-06-10,2026-06-18,Nagpur,Kochi,Central,LTL,CARR_12,CUST_040,2026-06-18,2026-06-19,8504.08,655,Delivered
SHP004476,2026-06-21,2026-06-22,2026-06-27,Mumbai,Nagpur,West,FTL,CARR_02,CUST_059,2026-06-27,2026-06-26,11472.04,511,Delivered
SHP002367,2026-01-02,2026-01-02,2026-01-04,Patna,Nagpur,East,LTL,CARR_15,CUST_022,2026-01-04,2026-01-08,14554.63,1182,Delivered
SHP002543,2026-02-10,2026-02-11,2026-02-14,Delhi,Surat,North,FTL,CARR_14,CUST_002,2026-02-14,2026-02-18,48840.04,2252,Delivered
SHP002179,2026-05-22,2026-05-24,2026-05-28,Mumbai,Surat,West,FTL,CARR_12,CUST_072,2026-05-28,,62382.72,2416,In-Transit
SHP001690,2026-03-25,2026-03-25,2026-03-27,Jaipur,Surat,North,PTL,CARR_07,CUST_056,2026-03-27,2026-03-31,188244.21,2273,Delivered
SHP001492,2026-04-24,2026-04-27,2026-05-03,Pune,Pune,West,LTL,CARR_09,CUST_066,2026-05-03,2026-05-01,1901.97,143,Delayed
SHP001330,2026-06-10,2026-06-11,2026-06-16,Patna,Jaipur,East,LTL,CARR_12,CUST_103,2026-06-16,2026-06-16,7337.37,659,Delivered
SHP000377,2026-06-19,2026-06-20,2026-06-27,Lucknow,Patna,North,FTL,CARR_01,CUST_050,2026-06-27,2026-06-25,46072.28,1647,Delivered
SHP000378,2026-05-06,2026-05-09,2026-05-17,Chennai,Chandigarh,South,FTL,CARR_10,CUST_031,2026-05-17,2026-05-11,59035.06,2264,Delivered
SHP000737,2026-01-23,2026-01-24,2026-01-30,Lucknow,Delhi,North,PTL,CARR_03,CUST_094,2026-01-30,,1140.5,132,In-Transit
SHP002564,2026-04-17,2026-04-20,2026-04-22,Hyderabad,Indore,South,PTL,CARR_15,CUST_040,2026-04-22,,6960.35,885,Delayed
SHP002488,2026-06-10,2026-06-11,2026-06-15,Kochi,Kochi,South,FTL,CARR_03,CUST_062,2026-06-15,,65239.74,2428,Delivered
SHP004272,2026-04-16,2026-04-16,2026-04-22,Indore,Surat,Central,LTL,CARR_02,CUST_053,2026-04-22,,18680.44,1574,In-Transit
SHP003439,2026-02-12,2026-02-13,2026-02-20,Nagpur,Kochi,Central,LTL,CARR_13,CUST_116,2026-02-20,2026-02-17,11312.02,1013,Delivered
SHP003454,2026-01-14,2026-01-17,2026-01-22,Mumbai,Delhi,West,FTL,CARR_01,CUST_023,2026-01-22,2026-01-21,7995.45,320,Delivered
SHP000526,2026-06-18,2026-06-19,2026-06-22,Hyderabad,Surat,South,LTL,CARR_02,CUST_071,2026-06-22,,26017.69,1978,Cancelled
SHP003980,2026-05-31,2026-06-02,2026-06-07,Raipur,Chandigarh,Central,FTL,CARR_08,CUST_012,2026-06-07,,26311.98,1106,Cancelled
SHP000705,2026-03-08,2026-03-08,2026-03-15,Guwahati,Pune,East,PTL,CARR_05,CUST_118,2026-03-15,2026-03-12,8501.84,1191,Delivered
SHP000767,2026-05-18,2026-05-18,2026-05-25,Raipur,Mumbai,Central,LTL,CARR_05,CUST_114,2026-05-25,2026-05-28,28573.54,2237,Delivered
SHP002234,2026-05-23,2026-05-26,2026-06-01,Kolkata,Surat,East,LTL,CARR_01,CUST_057,2026-06-01,2026-06-05,18468.49,1524,Delivered
SHP003207,2026-05-09,2026-05-12,2026-05-16,Bengaluru,Lucknow,South,FTL,CARR_14,CUST_077,2026-05-16,,11506.78,495,Delayed
SHP003366,2026-01-04,2026-01-06,2026-01-13,Pune,Chennai,West,LTL,CARR_04,CUST_063,2026-01-13,2026-01-14,13146.44,1255,Delivered
SHP004908,2026-03-01,2026-03-04,2026-03-09,Jaipur,Kochi,North,FTL,CARR_09,CUST_074,2026-03-09,2026-03-01,37457.15,1339,Delivered
SHP002937,2026-04-30,2026-05-02,2026-05-09,Ahmedabad,Indore,West,FTL,CARR_08,CUST_037,2026-05-09,2026-05-05,10493.23,451,Delivered
SHP004759,2026-04-28,2026-05-01,2026-05-08,Chandigarh,Ahmedabad,North,LTL,CARR_07,CUST_061,2026-05-08,2026-05-08,55119.06,547,Delivered
SHP003046,2026-05-06,2026-05-09,2026-05-13,Mumbai,Delhi,West,LTL,CARR_09,CUST_022,2026-05-13,2026-05-13,22242.77,1874,Delivered
SHP002097,2026-04-06,2026-04-06,2026-04-09,Hyderabad,Bhubaneswar,South,FTL,CARR_14,CUST_014,2026-04-09,,45573.7,2040,Delivered
SHP003479,2026-03-03,2026-03-04,2026-03-12,Jaipur,Delhi,North,PTL,CARR_14,CUST_028,2026-03-12,2026-03-08,11730.33,1651,Delivered
SHP004080,2026-05-10,2026-05-11,2026-05-16,Surat,Hyderabad,West,LTL,CARR_03,CUST_089,2026-05-16,2026-05-21,7584.62,658,Delivered
SHP000968,2026-02-01,2026-02-02,2026-02-05,Kolkata,Jaipur,East,LTL,CARR_06,CUST_114,2026-02-05,2026-02-12,31839.98,2434,Delivered
SHP000818,2026-03-09,2026-03-10,2026-03-16,Hyderabad,Mumbai,South,FTL,CARR_12,CUST_082,2026-03-16,,59822.94,2291,In-Transit
SHP003471,2026-05-30,2026-06-02,2026-06-06,Bhopal,Chennai,Central,FTL,CARR_02,CUST_072,2026-06-06,2026-06-03,4377.44,193,Delivered
SHP003495,2026-01-13,2026-01-16,2026-01-20,Chandigarh,Mumbai,North,LTL,CARR_13,CUST_045,2026-01-20,2026-01-25,7396.03,657,Delivered
SHP000942,2026-05-31,2026-06-02,2026-06-10,Bhubaneswar,Nagpur,East,LTL,CARR_14,CUST_092,2026-06-10,2026-06-12,11609.09,1054,Delivered
SHP000315,2026-01-24,2026-01-27,2026-01-30,Hyderabad,Patna,South,FTL,CARR_13,CUST_039,2026-01-30,,9763.73,366,In-Transit
SHP001147,2026-02-09,2026-02-11,2026-02-18,Kolkata,Bengaluru,East,FTL,CARR_06,CUST_006,2026-02-18,2026-02-20,38975.6,1701,Delivered
SHP001491,2026-05-30,2026-05-30,2026-06-04,Bhopal,Pune,Central,LTL,CARR_02,CUST_046,2026-06-04,2026-06-05,3503.75,287,Delivered
SHP004869,2026-02-11,2026-02-14,2026-02-22,Delhi,Raipur,North,PTL,CARR_04,CUST_005,2026-02-22,2026-02-21,10767.25,1458,Delayed
SHP000498,2026-06-10,2026-06-10,2026-06-15,Chandigarh,Chennai,North,FTL,CARR_02,CUST_081,2026-06-15,2026-06-11,49677.7,1819,Delivered
SHP004418,2026-01-06,2026-01-06,2026-01-11,Guwahati,Raipur,East,FTL,CARR_05,CUST_038,2026-01-11,2026-01-12,62339.12,2443,Delivered
SHP001587,2026-02-08,2026-02-08,2026-02-15,Raipur,Bengaluru,Central,FTL,CARR_03,CUST_114,2026-02-15,2026-02-09,50891.14,2171,Delayed
SHP000963,2026-05-12,2026-05-15,2026-05-18,Kolkata,Guwahati,East,LTL,CARR_07,CUST_014,2026-05-18,2026-05-19,102286.24,828,Delivered
SHP003924,2026-05-05,2026-05-06,2026-05-10,Lucknow,Jaipur,North,PTL,CARR_12,CUST_054,2026-05-10,2026-05-16,4761.51,605,Delivered
SHP003926,2026-03-22,2026-03-23,2026-03-30,Mumbai,Raipur,West,LTL,CARR_14,CUST_009,2026-03-30,2026-03-28,10418.25,758,Delivered
SHP000229,2026-05-09,2026-05-11,2026-05-13,Chandigarh,Hyderabad,North,FTL,CARR_02,CUST_050,2026-05-13,2026-05-14,5566.3,237,Delivered
SHP004965,2026-06-08,2026-06-09,2026-06-14,Indore,Bhopal,Central,PTL,CARR_12,CUST_050,2026-06-14,2026-06-16,12084.97,1643,Delivered
SHP003303,2026-03-02,2026-03-04,2026-03-08,Hyderabad,Jaipur,South,PTL,CARR_09,CUST_056,2026-03-08,,515.04,74,Delivered
SHP004271,2026-04-05,2026-04-06,2026-04-09,Bhopal,Patna,Central,LTL,CARR_02,CUST_065,2026-04-09,,3540.59,261,Cancelled
SHP003839,2026-03-31,2026-04-02,2026-04-04,Mumbai,Nagpur,West,LTL,CARR_09,CUST_022,2026-04-04,,13803.13,1256,In-Transit
SHP001619,2026-06-26,2026-06-26,2026-07-03,Chennai,Surat,South,LTL,CARR_09,CUST_107,2026-07-03,2026-07-06,10004.06,847,Delivered
SHP004154,2026-05-19,2026-05-22,2026-05-29,Kochi,Guwahati,South,PTL,CARR_10,CUST_087,2026-05-29,,5830.65,842,Delivered
SHP002833,2026-02-13,2026-02-14,2026-02-16,Raipur,Bhopal,Central,FTL,CARR_02,CUST_077,2026-02-16,2026-02-18,29900.97,1344,Delivered
SHP002686,2026-06-20,2026-06-23,2026-06-26,Pune,Chennai,West,PTL,CARR_14,CUST_069,2026-06-26,2026-06-26,12662.48,1516,Delivered
SHP001545,2026-05-11,2026-05-13,2026-05-18,Mumbai,Nagpur,West,PTL,CARR_08,CUST_109,2026-05-18,2026-05-21,11133.75,1256,Delivered
SHP001051,2026-02-08,2026-02-08,2026-02-16,Surat,Kolkata,West,FTL,CARR_10,CUST_035,2026-02-16,2026-02-13,8734.66,406,Delivered
SHP002711,2026-06-19,2026-06-21,2026-06-28,Delhi,Chandigarh,North,LTL,CARR_07,CUST_040,2026-06-28,2026-06-30,162693.13,1950,Delivered
SHP001156,2026-03-19,2026-03-19,2026-03-26,Delhi,Ahmedabad,North,PTL,CARR_10,CUST_028,2026-03-26,2026-03-23,17151.43,2421,Delivered
SHP003256,2026-02-20,2026-02-20,2026-02-23,Bhubaneswar,Patna,East,LTL,CARR_14,CUST_038,2026-02-23,2026-02-21,27359.18,2282,Delivered
SHP002142,2026-01-31,2026-01-31,2026-02-08,Delhi,Raipur,North,LTL,CARR_14,CUST_003,2026-02-08,2026-02-10,11204.68,952,Delivered
SHP000655,2026-01-26,2026-01-28,2026-02-02,Indore,Chennai,Central,LTL,CARR_13,CUST_013,2026-02-02,2026-02-03,26448.54,2059,Delayed
SHP001233,2026-06-11,2026-06-12,2026-06-15,Lucknow,Lucknow,North,FTL,CARR_01,CUST_103,2026-06-15,2026-06-22,32885.96,1493,Delayed
SHP003671,2026-05-27,2026-05-27,2026-06-03,Surat,Jaipur,West,LTL,CARR_05,CUST_086,2026-06-03,2026-05-29,14947.51,1117,Delayed
SHP004903,2026-06-09,2026-06-09,2026-06-13,Kochi,Chennai,South,PTL,CARR_03,CUST_076,2026-06-13,,12073.19,1427,Delayed
SHP000830,2026-02-17,2026-02-19,2026-02-22,Bhubaneswar,Kochi,East,PTL,CARR_08,CUST_012,2026-02-22,2026-02-26,7474.74,978,Delivered
SHP001194,2026-04-01,2026-04-02,2026-04-05,Kochi,Hyderabad,South,FTL,CARR_06,CUST_079,2026-04-05,,16606.57,742,Delivered
SHP000111,2026-03-09,2026-03-10,2026-03-15,Delhi,Delhi,North,PTL,CARR_13,CUST_074,2026-03-15,2026-03-20,1391.18,174,Delivered
SHP002153,2026-01-15,2026-01-17,2026-01-22,Hyderabad,Ahmedabad,South,PTL,CARR_11,CUST_083,2026-01-22,,17736.44,2077,In-Transit
SHP003468,2026-04-06,2026-04-06,2026-04-10,Indore,Raipur,Central,FTL,CARR_04,CUST_055,2026-04-10,2026-04-16,11630.04,477,Delivered
SHP003526,2026-01-23,2026-01-24,2026-01-26,Bhubaneswar,Ahmedabad,East,PTL,CARR_14,CUST_087,2026-01-26,2026-01-30,5498.39,780,Delivered
SHP003758,2026-06-04,2026-06-04,2026-06-09,Kochi,Ahmedabad,South,PTL,CARR_02,CUST_065,2026-06-09,,15631.69,2264,Delivered
SHP003265,2026-02-04,2026-02-04,2026-02-10,Nagpur,Surat,Central,FTL,CARR_11,CUST_047,2026-02-10,2026-02-14,46970.64,2191,Delayed
SHP002678,2026-06-21,2026-06-21,2026-06-28,Pune,Mumbai,West,FTL,CARR_04,CUST_009,2026-06-28,2026-06-28,47806.72,1780,Delivered
SHP002837,2026-02-02,2026-02-02,2026-02-10,Guwahati,Bhubaneswar,East,FTL,CARR_12,CUST_009,2026-02-10,2026-02-06,52965.4,2268,Delayed
SHP004880,2026-02-20,2026-02-22,2026-02-27,Pune,Kochi,West,PTL,CARR_05,CUST_118,2026-02-27,2026-02-27,16469.71,2025,Delivered
SHP004924,2026-02-15,2026-02-17,2026-02-23,Bhubaneswar,Delhi,East,PTL,CARR_15,CUST_051,2026-02-23,2026-02-20,13556.74,1504,Delayed
SHP000803,2026-06-11,2026-06-11,2026-06-14,Ahmedabad,Bengaluru,West,LTL,CARR_13,CUST_050,2026-06-14,2026-06-15,1157.18,108,Delivered
SHP001731,2026-04-16,2026-04-18,2026-04-25,Jaipur,Raipur,North,PTL,CARR_09,CUST_096,2026-04-25,2026-04-25,5435.54,661,Delivered
SHP001653,2026-02-20,2026-02-20,2026-02-26,Nagpur,Patna,Central,FTL,CARR_13,CUST_071,2026-02-26,2026-02-27,14592.58,547,Delivered
SHP002899,2026-05-18,2026-05-18,2026-05-20,Bengaluru,Nagpur,South,FTL,CARR_03,CUST_086,2026-05-20,,6070.66,282,Delivered
SHP004141,2026-06-05,2026-06-08,2026-06-10,Nagpur,Bhubaneswar,Central,LTL,CARR_15,CUST_016,2026-06-10,2026-06-17,10277.08,937,Delivered
SHP003602,2026-04-18,2026-04-19,2026-04-27,Chennai,Kolkata,South,LTL,CARR_04,CUST_041,2026-04-27,,13832.82,1230,Delivered
SHP002175,2026-03-12,2026-03-13,2026-03-17,Pune,Guwahati,West,PTL,CARR_03,CUST_045,2026-03-17,2026-03-20,11022.22,1235,Delivered
SHP001171,2026-06-04,2026-06-05,2026-06-12,Bengaluru,Lucknow,South,PTL,CARR_06,CUST_074,2026-06-12,,4865.33,568,In-Transit
SHP002825,2026-05-03,2026-05-06,2026-05-08,Pune,Bhubaneswar,West,FTL,CARR_12,CUST_020,2026-05-08,,32818.31,1418,Cancelled
SHP003470,2026-03-10,2026-03-12,2026-03-18,Bhopal,Raipur,Central,FTL,CARR_02,CUST_001,2026-03-18,2026-03-22,18636.22,700,Delivered
SHP003544,2026-01-22,2026-01-24,2026-01-30,Jaipur,Bhubaneswar,North,LTL,CARR_14,CUST_045,2026-01-30,2026-02-03,21748.67,1902,Delivered
SHP002966,2026-05-24,2026-05-27,2026-05-30,Patna,Hyderabad,East,FTL,CARR_09,CUST_032,2026-05-30,2026-05-28,52884.26,2438,Delivered
SHP004530,2026-02-05,2026-02-08,2026-02-11,Indore,Guwahati,Central,FTL,CARR_08,CUST_025,2026-02-11,2026-02-13,4007.47,153,Delivered
SHP003010,2026-05-24,,2026-05-30,Bhubaneswar,Guwahati,East,PTL,CARR_02,CUST_056,2026-05-30,2026-05-31,1734.29,191,Delivered
SHP003462,2026-01-09,2026-01-12,2026-01-15,Surat,Bengaluru,West,FTL,CARR_08,CUST_041,2026-01-15,2026-01-21,21902.13,837,Delivered
SHP004920,2026-06-11,2026-06-14,2026-06-17,Bhopal,Surat,Central,LTL,CARR_04,CUST_016,2026-06-17,2026-06-21,16137.04,1435,Delivered
SHP001191,2026-01-17,2026-01-17,2026-01-21,Delhi,Patna,North,PTL,CARR_15,CUST_069,2026-01-21,2026-01-23,18234.63,2176,Delivered
SHP003610,2026-01-21,2026-01-24,2026-01-30,Surat,Nagpur,West,LTL,CARR_08,CUST_041,2026-01-30,2026-01-28,791.68,68,Delivered
SHP002994,2026-06-07,2026-06-09,2026-06-17,Bhubaneswar,Patna,East,PTL,CARR_01,CUST_020,2026-06-17,2026-06-18,601.9,80,Delivered
SHP000815,2026-03-10,2026-03-10,2026-03-16,Pune,Raipur,West,FTL,CARR_07,CUST_086,2026-03-16,2026-03-18,573785.07,2366,Delayed
SHP004565,2026-02-23,2026-02-23,2026-02-26,Ahmedabad,Kolkata,West,LTL,CARR_08,CUST_009,2026-02-26,2026-02-27,26580.44,2479,Delivered
SHP002496,2026-01-03,2026-01-03,2026-01-09,Kolkata,Kolkata,East,LTL,CARR_06,CUST_068,2026-01-09,,31188.19,2327,Cancelled
SHP002210,2026-06-06,2026-06-08,2026-06-11,Nagpur,Indore,Central,FTL,CARR_02,CUST_035,2026-06-11,2026-06-09,18557.96,834,Delivered
SHP001032,2026-02-13,2026-02-15,2026-02-18,Kochi,Jaipur,South,FTL,CARR_10,CUST_007,2026-02-18,,39170.06,1670,Delivered
SHP000719,2026-03-13,2026-03-16,2026-03-23,Ahmedabad,Mumbai,West,FTL,CARR_07,CUST_072,2026-03-23,2026-03-21,533282.76,2234,Delayed
SHP002125,2026-06-04,2026-06-04,2026-06-08,Bhopal,Mumbai,Central,FTL,CARR_03,CUST_017,2026-06-08,,36571.01,1481,Cancelled
SHP003916,2026-05-30,2026-06-01,2026-06-03,Bhubaneswar,Jaipur,East,PTL,CARR_07,CUST_066,2026-06-03,2026-06-03,154659.93,2275,Delivered
SHP000054,2026-01-24,2026-01-25,2026-01-30,Nagpur,Hyderabad,Central,LTL,CARR_09,CUST_053,2026-01-30,2026-01-27,6654.36,531,Delivered
SHP001593,2026-05-05,2026-05-08,2026-05-12,Delhi,Ahmedabad,North,FTL,CARR_08,CUST_015,2026-05-12,2026-05-17,4321.01,197,Delayed
SHP003434,2026-04-11,2026-04-14,2026-04-16,Bhopal,Lucknow,Central,FTL,CARR_01,CUST_102,2026-04-16,2026-04-20,42689.94,1700,Delivered
SHP000314,2026-03-22,2026-03-22,2026-03-28,Hyderabad,Jaipur,South,PTL,CARR_04,CUST_110,2026-03-28,,17441.82,2144,Delayed
SHP000260,2026-01-26,2026-01-27,2026-02-01,Lucknow,Bhopal,North,FTL,CARR_02,CUST_033,2026-02-01,2026-02-06,33619.6,1405,Delivered
SHP001473,2026-05-28,2026-05-30,2026-06-01,Hyderabad,Indore,South,LTL,CARR_08,CUST_096,2026-06-01,,16624.02,1379,Delivered
SHP003749,2026-05-14,2026-05-16,2026-05-18,Guwahati,Hyderabad,East,FTL,CARR_15,CUST_053,2026-05-18,2026-05-17,30864.22,1254,Delivered
SHP000589,2026-01-12,2026-01-12,2026-01-19,Bhopal,Hyderabad,Central,LTL,CARR_03,CUST_038,2026-01-19,2026-01-16,20105.95,1678,Delivered
SHP003502,2026-03-29,2026-03-31,2026-04-08,Jaipur,Kochi,North,FTL,CARR_02,CUST_009,2026-04-08,2026-04-03,11576.84,524,Delayed
SHP001630,2026-05-13,,2026-05-18,Surat,Kochi,West,PTL,CARR_14,CUST_039,2026-05-18,,1507.16,170,In-Transit
SHP004590,2026-06-15,2026-06-15,2026-06-21,Patna,Mumbai,East,LTL,CARR_08,CUST_062,2026-06-21,2026-06-20,23368.06,2010,Delivered
SHP002766,2026-02-01,2026-02-03,2026-02-07,Kolkata,Jaipur,East,LTL,CARR_04,CUST_083,2026-02-07,,984.55,72,In-Transit
SHP000887,2026-03-06,2026-03-07,2026-03-09,Bhubaneswar,Mumbai,East,LTL,CARR_04,CUST_073,2026-03-09,,13512.49,1319,Cancelled
SHP000185,2026-01-31,2026-01-31,2026-02-08,Patna,Patna,East,LTL,CARR_14,CUST_035,2026-02-08,2026-02-06,20211.87,1808,Delivered
SHP004694,2026-05-24,2026-05-24,2026-05-30,Hyderabad,Delhi,South,LTL,CARR_11,CUST_021,2026-05-30,2026-05-30,17699.16,1369,Delivered
SHP001317,2026-05-21,2026-05-24,2026-06-01,Kolkata,Chennai,East,FTL,CARR_01,CUST_003,2026-06-01,2026-05-28,33374.44,1244,Delayed
SHP001576,2026-06-12,2026-06-14,2026-06-18,Jaipur,Nagpur,North,FTL,CARR_03,CUST_049,2026-06-18,2026-06-23,39992.18,1746,Delivered
SHP004245,2026-05-16,2026-05-19,2026-05-27,Patna,Kochi,East,LTL,CARR_13,CUST_097,2026-05-27,2026-05-20,1635.59,160,Delivered
SHP004327,2026-04-25,2026-04-25,2026-04-29,Mumbai,Lucknow,West,LTL,CARR_11,CUST_042,2026-04-29,2026-05-01,16258.87,1403,Delayed
SHP002047,2026-06-24,2026-06-27,2026-07-05,Bhopal,Bhopal,Central,LTL,CARR_01,CUST_103,2026-07-05,2026-06-30,14258.36,1322,Delivered
SHP002817,2026-04-10,2026-04-10,2026-04-13,Guwahati,Bhubaneswar,East,FTL,CARR_13,CUST_096,2026-04-13,,48921.73,1893,Cancelled
SHP000816,2026-06-04,2026-06-07,2026-06-14,Delhi,Chandigarh,North,FTL,CARR_11,CUST_091,2026-06-14,,5081.07,213,In-Transit
SHP004369,2026-01-16,2026-01-19,2026-01-26,Pune,Raipur,West,FTL,CARR_14,CUST_010,2026-01-26,2026-01-28,10255.0,455,Delivered
SHP002580,,2026-02-12,2026-02-14,Indore,Nagpur,Central,PTL,CARR_03,CUST_100,2026-02-14,2026-02-16,6140.61,809,Delivered
SHP001487,2026-06-14,2026-06-14,2026-06-16,Lucknow,Pune,North,PTL,CARR_04,CUST_085,2026-06-16,,20006.45,2219,In-Transit
SHP002546,2026-02-07,2026-02-09,2026-02-16,Chennai,Guwahati,South,LTL,CARR_10,CUST_017,2026-02-16,2026-02-11,31724.44,2303,Delivered
SHP002727,2026-02-25,2026-02-28,2026-03-08,Indore,Delhi,Central,PTL,CARR_04,CUST_110,2026-03-08,2026-03-08,5724.73,670,Delivered
SHP003496,2026-02-17,2026-02-18,2026-02-23,Patna,Jaipur,East,FTL,CARR_06,CUST_011,2026-02-23,2026-02-27,46089.07,1619,Delivered
SHP000558,2026-02-10,2026-02-10,2026-02-15,Chandigarh,Surat,North,FTL,CARR_14,CUST_085,2026-02-15,2026-02-19,34966.98,1432,Delivered
SHP002092,2026-04-22,2026-04-22,2026-04-25,Chandigarh,Bengaluru,North,LTL,CARR_15,CUST_048,2026-04-25,,22161.85,1783,In-Transit
SHP000289,2026-06-11,2026-06-13,2026-06-17,Kochi,Chandigarh,South,LTL,CARR_03,CUST_115,2026-06-17,,13164.92,1077,Delivered
SHP003274,2026-04-20,,2026-04-29,Raipur,Pune,Central,FTL,CARR_03,CUST_090,2026-04-29,2026-04-29,10660.92,396,Delivered
SHP003911,2026-04-14,2026-04-16,2026-04-21,Chennai,Hyderabad,South,FTL,CARR_02,CUST_073,2026-04-21,,32769.0,1205,Cancelled
SHP001766,2026-04-18,,2026-04-23,Ahmedabad,Surat,West,FTL,CARR_10,CUST_002,2026-04-23,2026-04-28,52414.66,2276,Delivered
SHP004348,2026-03-07,2026-03-08,2026-03-10,Chennai,Surat,South,FTL,CARR_05,CUST_071,2026-03-10,,29309.0,1224,Delivered
SHP004564,2026-06-04,2026-06-06,2026-06-12,Kolkata,Delhi,East,LTL,CARR_10,CUST_031,2026-06-12,2026-06-07,28117.25,2406,Delivered
SHP000208,2026-05-22,,2026-05-28,Delhi,Patna,North,PTL,CARR_07,CUST_090,2026-05-28,2026-05-29,68770.67,1022,Delivered
SHP001429,2026-02-02,2026-02-02,2026-02-07,Mumbai,Indore,West,LTL,CARR_10,CUST_052,2026-02-07,2026-02-08,23878.08,2237,Delivered
SHP004542,2026-02-19,2026-02-20,2026-02-28,Kolkata,Patna,East,FTL,CARR_15,CUST_081,2026-02-28,2026-02-27,5635.42,201,Delivered
SHP004546,2026-06-26,2026-06-26,2026-06-29,Guwahati,Raipur,East,FTL,CARR_08,CUST_016,2026-06-29,2026-07-06,30040.08,1357,Delivered
SHP003564,2026-06-29,2026-06-29,2026-07-06,Bengaluru,Lucknow,South,PTL,CARR_08,CUST_034,2026-07-06,,16288.76,1995,Delivered
SHP003203,2026-05-21,2026-05-21,2026-05-25,Chennai,Jaipur,South,FTL,CARR_05,CUST_021,2026-05-25,,56435.42,2283,In-Transit
SHP004274,2026-03-22,2026-03-22,2026-03-27,Chandigarh,Kolkata,North,LTL,CARR_09,CUST_054,2026-03-27,2026-03-30,28571.05,2083,Delayed
SHP000584,2026-04-15,2026-04-17,2026-04-20,Mumbai,Nagpur,West,FTL,CARR_01,CUST_049,2026-04-20,2026-04-21,34859.38,1426,Delivered
SHP002404,2026-04-10,2026-04-13,2026-04-21,Chandigarh,Delhi,North,LTL,CARR_12,CUST_013,2026-04-21,2026-04-17,18652.83,1587,Delayed
SHP003486,2026-02-04,2026-02-07,2026-02-11,Mumbai,Hyderabad,West,FTL,CARR_05,CUST_044,2026-02-11,2026-02-16,47779.13,2003,Delivered
SHP004738,2026-06-16,2026-06-19,2026-06-21,Patna,Raipur,East,FTL,CARR_09,CUST_080,2026-06-21,2026-06-28,10706.66,473,Delivered
SHP000962,2026-06-08,2026-06-08,2026-06-11,Pune,Indore,West,LTL,CARR_15,CUST_117,2026-06-11,2026-06-10,7396.22,647,Delivered
SHP004198,2026-01-10,2026-01-13,2026-01-15,Bhubaneswar,Guwahati,East,PTL,CARR_03,CUST_007,2026-01-15,2026-01-17,13159.81,1618,Delivered
SHP003324,2026-06-08,2026-06-11,2026-06-17,Mumbai,Kolkata,West,FTL,CARR_02,CUST_107,2026-06-17,2026-06-19,46262.98,1854,Delivered
SHP003666,2026-06-19,2026-06-21,2026-06-23,Bengaluru,Jaipur,South,FTL,CARR_03,CUST_028,2026-06-23,,18769.58,818,Cancelled
SHP003399,2026-04-20,2026-04-23,2026-04-25,Delhi,Jaipur,North,FTL,CARR_02,CUST_045,2026-04-25,2026-04-27,42270.88,1583,Delayed
SHP004108,2026-05-04,2026-05-07,2026-05-13,Pune,Hyderabad,West,FTL,CARR_15,CUST_119,2026-05-13,2026-05-14,14925.87,577,Delivered
SHP002816,2026-01-13,2026-01-13,2026-01-18,Nagpur,Guwahati,Central,LTL,CARR_07,CUST_093,2026-01-18,2026-01-22,133720.17,1361,Delivered
SHP001365,2026-04-19,2026-04-19,2026-04-24,Patna,Ahmedabad,East,LTL,CARR_02,CUST_008,2026-04-24,,26119.2,1952,In-Transit
SHP004111,2026-04-19,2026-04-19,2026-04-21,Ahmedabad,Nagpur,West,FTL,CARR_02,CUST_067,2026-04-21,2026-04-28,47269.98,1969,Delivered
SHP003338,2026-01-04,2026-01-06,2026-01-10,Hyderabad,Patna,South,LTL,CARR_12,CUST_051,2026-01-10,,1904.84,157,Delivered
SHP003623,2026-06-25,2026-06-26,2026-07-04,Chennai,Bhubaneswar,South,LTL,CARR_15,CUST_074,2026-07-04,,9817.02,762,Delayed
SHP004526,2026-06-06,2026-06-07,2026-06-09,Bhopal,Raipur,Central,FTL,CARR_05,CUST_119,2026-06-09,2026-06-08,61301.21,2300,Delayed
SHP002436,2026-06-29,2026-06-29,2026-07-01,Kochi,Delhi,South,LTL,CARR_15,CUST_029,2026-07-01,,7976.65,696,Delayed
SHP001413,2026-02-22,2026-02-22,2026-03-01,Nagpur,Ahmedabad,Central,FTL,CARR_15,CUST_007,2026-03-01,2026-03-03,48536.51,2259,Delivered
SHP002759,2026-01-18,2026-01-21,2026-01-28,Jaipur,Bengaluru,North,PTL,CARR_01,CUST_116,2026-01-28,2026-01-31,6808.67,790,Delivered
SHP004456,2026-04-16,2026-04-19,2026-04-24,Chandigarh,Kolkata,North,LTL,CARR_08,CUST_055,2026-04-24,2026-04-28,5770.65,465,Delivered
SHP001956,2026-02-17,2026-02-17,2026-02-25,Lucknow,Kolkata,North,PTL,CARR_10,CUST_081,2026-02-25,2026-02-22,12623.45,1582,Delivered
SHP002328,2026-04-11,2026-04-11,2026-04-15,Lucknow,Hyderabad,North,FTL,CARR_08,CUST_117,2026-04-15,2026-04-19,10483.16,385,Delivered
SHP004859,2026-03-01,2026-03-03,2026-03-09,Bhubaneswar,Chandigarh,East,PTL,CARR_08,CUST_104,2026-03-09,2026-03-04,7003.4,785,Delivered
SHP001277,2026-02-11,2026-02-14,2026-02-16,Surat,Lucknow,West,LTL,CARR_07,CUST_120,2026-02-16,2026-02-24,163660.68,1321,Delivered
SHP001459,2026-03-16,2026-03-18,2026-03-21,Raipur,Chennai,Central,FTL,CARR_14,CUST_052,2026-03-21,2026-03-19,66067.34,2346,Delivered
SHP002947,2026-03-12,2026-03-13,2026-03-15,Chandigarh,Delhi,North,LTL,CARR_11,CUST_109,2026-03-15,2026-03-15,17012.19,1475,Delivered
SHP000281,2026-03-29,2026-03-29,2026-04-02,Kochi,Bhopal,South,LTL,CARR_09,CUST_038,2026-04-02,,29575.88,2253,Delivered
SHP004026,2026-06-04,2026-06-04,2026-06-10,Bengaluru,Bhopal,South,FTL,CARR_13,CUST_084,2026-06-10,,48825.23,1781,Delivered
SHP003276,2026-01-30,,2026-02-10,Bhubaneswar,Kochi,East,LTL,CARR_11,CUST_002,2026-02-10,2026-02-11,3636.14,338,Delayed
SHP003440,2026-01-11,2026-01-11,2026-01-13,Guwahati,Raipur,East,PTL,CARR_07,CUST_011,2026-01-13,2026-01-12,139928.02,1489,Delivered
SHP001255,2026-06-28,2026-07-01,2026-07-06,Pune,Chandigarh,West,LTL,CARR_07,CUST_048,2026-07-06,,87461.67,749,Cancelled
SHP003847,2026-05-10,2026-05-10,2026-05-12,Jaipur,Chennai,North,LTL,CARR_11,CUST_052,2026-05-12,2026-05-20,1376.92,107,Delivered
SHP004052,2026-01-02,2026-01-02,2026-01-08,Kolkata,Bhubaneswar,East,FTL,CARR_05,CUST_024,2026-01-08,2026-01-05,63839.79,2385,Delivered
SHP000205,2026-01-18,2026-01-20,2026-01-28,Jaipur,Mumbai,North,FTL,CARR_04,CUST_089,2026-01-28,2026-01-25,13113.33,492,Delivered
SHP004475,2026-01-07,2026-01-07,2026-01-15,Chennai,Bhopal,South,FTL,CARR_09,CUST_113,2026-01-15,,25051.87,961,Delivered
SHP001894,2026-04-26,2026-04-28,2026-04-30,Pune,Ahmedabad,West,FTL,CARR_04,CUST_039,2026-04-30,,35467.52,1651,In-Transit
SHP002778,2026-03-08,2026-03-11,2026-03-19,Guwahati,Guwahati,East,PTL,CARR_08,CUST_049,2026-03-19,2026-03-20,11623.0,1506,Delivered
SHP000384,2026-06-10,2026-06-12,2026-06-17,Bengaluru,Nagpur,South,LTL,CARR_10,CUST_012,2026-06-17,2026-06-18,830.13,68,Delivered
SHP002000,2026-03-29,2026-03-30,2026-04-03,Kolkata,Pune,East,FTL,CARR_07,CUST_066,2026-04-03,2026-04-02,469753.82,1954,Delivered
SHP000695,2026-01-12,2026-01-14,2026-01-20,Ahmedabad,Ahmedabad,West,LTL,CARR_03,CUST_048,2026-01-20,2026-01-17,1629.7,154,Delivered
SHP003966,2026-06-09,2026-06-11,2026-06-19,Surat,Jaipur,West,LTL,CARR_11,CUST_016,2026-06-19,2026-06-13,11416.24,981,Delivered
SHP000475,2026-03-18,2026-03-18,2026-03-22,Indore,Delhi,Central,LTL,CARR_02,CUST_058,2026-03-22,2026-03-26,13322.08,1017,Delayed
SHP004146,2026-05-26,2026-05-29,2026-06-01,Indore,Kochi,Central,FTL,CARR_05,CUST_036,2026-06-01,2026-05-31,16881.84,701,Delivered
SHP001500,2026-06-13,2026-06-15,2026-06-19,Raipur,Bhopal,Central,PTL,CARR_03,CUST_030,2026-06-19,2026-06-20,14421.35,1796,Delivered
SHP001340,2026-01-30,2026-01-31,2026-02-08,Kolkata,Chandigarh,East,FTL,CARR_15,CUST_061,2026-02-08,2026-02-02,55942.17,2083,Delivered
SHP001177,2026-03-20,2026-03-21,2026-03-27,Kolkata,Surat,East,FTL,CARR_04,CUST_088,2026-03-27,2026-03-25,41866.54,1757,Delivered
SHP002470,2026-05-31,2026-06-01,2026-06-08,Jaipur,Ahmedabad,North,PTL,CARR_11,CUST_089,2026-06-08,2026-06-07,18356.64,2110,Delivered
SHP003518,2026-05-23,2026-05-23,2026-05-26,Surat,Lucknow,West,PTL,CARR_06,CUST_101,2026-05-26,2026-05-25,9114.46,1186,Delivered
SHP002042,2026-03-29,2026-03-30,2026-04-07,Bengaluru,Hyderabad,South,FTL,CARR_03,CUST_026,2026-04-07,,45292.92,1648,Delivered
SHP001654,2026-04-30,2026-05-02,2026-05-07,Bhopal,Pune,Central,LTL,CARR_10,CUST_002,2026-05-07,2026-05-10,21986.86,2024,Delivered
SHP003191,2026-06-30,2026-07-02,2026-07-09,Bhubaneswar,Guwahati,East,FTL,CARR_01,CUST_021,2026-07-09,2026-07-05,10812.8,392,Delivered
SHP003892,2026-02-24,2026-02-27,2026-03-03,Guwahati,Hyderabad,East,FTL,CARR_06,CUST_105,2026-03-03,,46276.36,2168,In-Transit
SHP004368,2026-03-12,2026-03-13,2026-03-18,Kolkata,Bengaluru,East,LTL,CARR_15,CUST_099,2026-03-18,,25996.13,1885,In-Transit
SHP001733,2026-06-06,2026-06-09,2026-06-13,Guwahati,Surat,East,LTL,CARR_09,CUST_003,2026-06-13,2026-06-14,25370.64,2309,Delayed
SHP003294,,2026-04-15,2026-04-22,Bhopal,Kolkata,Central,PTL,CARR_05,CUST_055,2026-04-22,2026-04-25,18909.61,2482,Delivered
SHP001710,2026-05-10,2026-05-13,2026-05-21,Kolkata,Chandigarh,East,PTL,CARR_04,CUST_101,2026-05-21,2026-05-17,13890.96,1513,Delivered
SHP002916,2026-02-03,2026-02-04,2026-02-10,Jaipur,Hyderabad,North,PTL,CARR_02,CUST_061,2026-02-10,,10688.22,1548,In-Transit
SHP004699,2026-05-03,2026-05-04,2026-05-06,Hyderabad,Ahmedabad,South,PTL,CARR_15,CUST_068,2026-05-06,,17618.52,2306,In-Transit
SHP002926,2026-05-06,2026-05-06,2026-05-10,Nagpur,Patna,Central,FTL,CARR_11,CUST_076,2026-05-10,2026-05-10,26753.4,993,Delivered
SHP001934,2026-03-17,2026-03-20,2026-03-23,Delhi,Hyderabad,North,PTL,CARR_09,CUST_037,2026-03-23,2026-03-30,15157.52,1778,Delivered
SHP004819,2026-03-05,2026-03-05,2026-03-07,Kochi,Kolkata,South,FTL,CARR_11,CUST_120,2026-03-07,2026-03-15,52650.23,2229,Delivered
SHP003856,2026-06-16,2026-06-18,2026-06-21,Surat,Chandigarh,West,FTL,CARR_12,CUST_117,2026-06-21,2026-06-26,51976.31,2425,Delivered
SHP004767,2026-06-26,2026-06-29,2026-07-06,Bhopal,Indore,Central,FTL,CARR_02,CUST_064,2026-07-06,2026-07-04,10842.64,444,Delivered
SHP000304,2026-01-23,2026-01-24,2026-01-29,Delhi,Raipur,North,LTL,CARR_03,CUST_048,2026-01-29,2026-01-27,5371.83,424,Delivered
SHP000910,2026-01-18,2026-01-21,2026-01-23,Bhopal,Chennai,Central,PTL,CARR_03,CUST_111,2026-01-23,2026-01-30,17038.61,2368,Delivered
SHP000420,2026-05-08,2026-05-10,2026-05-16,Hyderabad,Kochi,South,FTL,CARR_14,CUST_055,2026-05-16,,31445.21,1168,In-Transit
SHP003100,2026-05-25,2026-05-25,2026-05-28,Nagpur,Indore,Central,PTL,CARR_02,CUST_040,2026-05-28,2026-05-30,2610.33,341,Delivered
SHP002163,2026-02-13,2026-02-14,2026-02-21,Bengaluru,Kolkata,South,LTL,CARR_01,CUST_117,2026-02-21,,5822.27,487,Delivered
SHP003121,2026-05-24,2026-05-25,2026-05-29,Chennai,Bhubaneswar,South,LTL,CARR_12,CUST_045,2026-05-29,,22787.8,1679,Delivered
SHP002228,2026-03-24,2026-03-27,2026-03-30,Bhubaneswar,Chennai,East,LTL,CARR_11,CUST_090,2026-03-30,,11064.49,1010,In-Transit
SHP003389,2026-05-02,2026-05-02,2026-05-09,Mumbai,Pune,West,FTL,CARR_08,CUST_086,2026-05-09,2026-05-10,45477.78,1924,Delivered
SHP001640,2026-01-26,2026-01-27,2026-01-29,Ahmedabad,Pune,West,LTL,CARR_05,CUST_114,2026-01-29,2026-02-03,23967.86,2154,Delivered
SHP002883,2026-03-06,2026-03-06,2026-03-08,Bhopal,Ahmedabad,Central,FTL,CARR_10,CUST_117,2026-03-08,,17967.02,837,In-Transit
SHP002301,2026-01-31,2026-02-01,2026-02-03,Surat,Chennai,West,LTL,CARR_10,CUST_004,2026-02-03,,16179.36,1528,In-Transit
SHP000924,2026-06-07,2026-06-10,2026-06-16,Surat,Indore,West,FTL,CARR_08,CUST_065,2026-06-16,2026-06-18,21426.06,891,Delivered
SHP002415,2026-06-13,2026-06-15,2026-06-19,Kolkata,Chennai,East,PTL,CARR_09,CUST_053,2026-06-19,2026-06-17,18137.12,2329,Delivered
SHP002695,2026-05-07,2026-05-09,2026-05-16,Raipur,Bhubaneswar,Central,LTL,CARR_15,CUST_072,2026-05-16,,8507.91,817,In-Transit
SHP003383,2026-05-06,2026-05-07,2026-05-10,Jaipur,Nagpur,North,LTL,CARR_10,CUST_055,2026-05-10,2026-05-14,19579.68,1530,Delivered
SHP000960,2026-03-21,2026-03-21,2026-03-24,Pune,Hyderabad,West,FTL,CARR_15,CUST_037,2026-03-24,2026-03-23,15123.31,547,Delivered
SHP004612,2026-05-14,2026-05-15,2026-05-23,Ahmedabad,Kochi,West,FTL,CARR_02,CUST_100,2026-05-23,2026-05-18,37746.88,1520,Delivered
SHP003073,2026-06-20,2026-06-23,2026-06-30,Bhopal,Indore,Central,LTL,CARR_02,CUST_081,2026-06-30,,21633.03,2102,In-Transit
SHP004301,2026-05-25,2026-05-25,2026-05-30,Mumbai,Hyderabad,West,LTL,CARR_04,CUST_028,2026-05-30,2026-06-04,26525.79,2418,Delivered
SHP004576,2026-02-28,2026-03-02,2026-03-10,Jaipur,Surat,North,FTL,CARR_13,CUST_115,2026-03-10,2026-03-08,11256.35,394,Delivered
SHP004103,2026-04-09,2026-04-09,2026-04-15,Lucknow,Delhi,North,LTL,CARR_11,CUST_074,2026-04-15,2026-04-18,21799.8,1836,Delivered
SHP004346,2026-05-30,2026-05-31,2026-06-03,Chandigarh,Chennai,North,LTL,CARR_07,CUST_039,2026-06-03,,211685.05,1861,In-Transit
SHP000537,2026-03-11,2026-03-14,2026-03-18,Nagpur,Bhubaneswar,Central,LTL,CARR_11,CUST_026,2026-03-18,2026-03-16,19432.0,1681,Delivered
SHP000911,2026-04-12,2026-04-12,2026-04-19,Guwahati,Lucknow,East,FTL,CARR_06,CUST_100,2026-04-19,2026-04-16,38205.7,1580,Delivered
SHP004273,2026-04-13,2026-04-15,2026-04-22,Lucknow,Kochi,North,LTL,CARR_12,CUST_056,2026-04-22,2026-04-21,26656.39,1988,Delivered
SHP004090,2026-04-21,2026-04-23,2026-04-30,Pune,Bhubaneswar,West,LTL,CARR_02,CUST_059,2026-04-30,2026-05-02,9412.5,803,Delivered
SHP000406,2026-04-07,2026-04-07,2026-04-12,Guwahati,Indore,East,FTL,CARR_10,CUST_097,2026-04-12,2026-04-08,28475.5,1169,Delivered
SHP003220,2026-03-23,2026-03-26,2026-03-30,Nagpur,Bengaluru,Central,LTL,CARR_02,CUST_012,2026-03-30,2026-04-04,18155.78,1328,Delivered
SHP001043,2026-06-14,2026-06-16,2026-06-18,Hyderabad,Nagpur,South,LTL,CARR_12,CUST_005,2026-06-18,,21053.22,1682,Delivered
SHP003083,2026-03-25,,2026-04-01,Bhopal,Hyderabad,Central,LTL,CARR_02,CUST_059,2026-04-01,2026-03-26,9529.02,773,Delivered
SHP000061,2026-04-28,2026-04-30,2026-05-08,Pune,Pune,West,FTL,CARR_11,CUST_033,2026-05-08,2026-05-01,54757.73,1955,Delivered
SHP001406,2026-06-15,2026-06-18,2026-06-24,Nagpur,Bengaluru,Central,LTL,CARR_01,CUST_034,2026-06-24,2026-06-20,21442.75,1694,Delivered
SHP002172,2026-03-06,2026-03-07,2026-03-13,Bengaluru,Hyderabad,South,FTL,CARR_14,CUST_097,2026-03-13,,43859.85,1786,Delivered
SHP002077,,2026-06-14,2026-06-16,Hyderabad,Ahmedabad,South,PTL,CARR_11,CUST_005,2026-06-16,,11386.12,1543,Delivered
SHP001607,2026-03-28,2026-03-31,2026-04-08,Ahmedabad,Nagpur,West,LTL,CARR_14,CUST_060,2026-04-08,2026-04-09,9697.03,882,Delivered
SHP003450,2026-03-13,2026-03-14,2026-03-16,Hyderabad,Bhubaneswar,South,LTL,CARR_07,CUST_120,2026-03-16,,254644.75,1754,Delayed
SHP004360,2026-02-19,2026-02-21,2026-02-27,Jaipur,Ahmedabad,North,PTL,CARR_02,CUST_024,2026-02-27,2026-03-01,5877.11,646,Delivered
SHP000295,2026-03-11,2026-03-14,2026-03-21,Bhubaneswar,Surat,East,PTL,CARR_09,CUST_120,2026-03-21,2026-03-17,16313.8,2258,Delivered
SHP000148,,2026-06-25,2026-06-27,Guwahati,Pune,East,PTL,CARR_04,CUST_039,2026-06-27,2026-06-26,13184.5,1710,Delivered
SHP004753,2026-03-22,2026-03-22,2026-03-27,Surat,Nagpur,West,FTL,CARR_09,CUST_046,2026-03-27,2026-03-25,7128.74,266,Delivered
SHP000607,2026-02-28,2026-03-03,2026-03-07,Surat,Ahmedabad,West,PTL,CARR_09,CUST_040,2026-03-07,2026-03-06,3429.98,426,Delayed
SHP000011,2026-04-23,,2026-04-29,Nagpur,Guwahati,Central,PTL,CARR_11,CUST_048,2026-04-29,2026-04-28,6745.05,970,Delivered
SHP004642,2026-05-12,2026-05-12,2026-05-20,Lucknow,Ahmedabad,North,FTL,CARR_09,CUST_115,2026-05-20,2026-05-18,40730.12,1571,Delivered
SHP001551,,2026-06-18,2026-06-22,Kolkata,Bengaluru,East,PTL,CARR_07,CUST_066,2026-06-22,,18772.62,215,In-Transit
SHP001899,2026-06-21,2026-06-23,2026-06-27,Ahmedabad,Chennai,West,LTL,CARR_06,CUST_089,2026-06-27,2026-06-25,20392.38,1895,Delivered
SHP004349,2026-05-09,2026-05-11,2026-05-17,Patna,Indore,East,PTL,CARR_06,CUST_070,2026-05-17,,3869.99,452,Cancelled
SHP003683,2026-04-22,2026-04-25,2026-05-03,Bengaluru,Kolkata,South,LTL,CARR_01,CUST_071,2026-05-03,,2970.37,266,Delivered
SHP001253,2026-06-11,2026-06-13,2026-06-16,Surat,Mumbai,West,LTL,CARR_07,CUST_097,2026-06-16,2026-06-23,10990.84,75,Delivered
SHP001980,2026-03-10,2026-03-11,2026-03-18,Chennai,Raipur,South,LTL,CARR_08,CUST_117,2026-03-18,,24106.64,1872,In-Transit
SHP003281,2026-05-28,2026-05-29,2026-06-01,Delhi,Pune,North,PTL,CARR_11,CUST_049,2026-06-01,2026-06-07,2484.5,333,Delivered
SHP004164,2026-03-07,2026-03-10,2026-03-16,Delhi,Jaipur,North,FTL,CARR_05,CUST_016,2026-03-16,2026-03-19,14800.82,545,Delivered
SHP004437,2026-03-23,2026-03-24,2026-04-01,Ahmedabad,Bhubaneswar,West,LTL,CARR_12,CUST_058,2026-04-01,2026-04-01,1192.67,89,Delivered
SHP003407,2026-05-14,2026-05-17,2026-05-24,Raipur,Lucknow,Central,LTL,CARR_09,CUST_102,2026-05-24,2026-05-14,15498.08,1208,Delivered
SHP000400,2026-06-27,2026-06-28,2026-07-01,Chennai,Indore,South,FTL,CARR_03,CUST_108,2026-07-01,,11382.96,528,Delivered
SHP001681,2026-05-28,2026-05-29,2026-06-05,Hyderabad,Ahmedabad,South,LTL,CARR_03,CUST_096,2026-06-05,,8458.02,764,Delivered
SHP001601,2026-05-04,2026-05-07,2026-05-09,Delhi,Indore,North,FTL,CARR_03,CUST_089,2026-05-09,2026-05-11,6415.71,301,Delayed
SHP001454,2026-05-15,2026-05-18,2026-05-20,Lucknow,Mumbai,North,FTL,CARR_01,CUST_045,2026-05-20,2026-05-28,35080.82,1579,Delivered
SHP000772,2026-05-31,2026-06-02,2026-06-06,Raipur,Pune,Central,PTL,CARR_11,CUST_020,2026-06-06,2026-06-11,14185.42,1598,Delivered
SHP004741,2026-05-31,2026-06-03,2026-06-05,Mumbai,Raipur,West,LTL,CARR_03,CUST_017,2026-06-05,2026-06-07,19872.43,1731,Delivered
SHP004424,2026-02-24,2026-02-25,2026-03-01,Nagpur,Surat,Central,LTL,CARR_05,CUST_072,2026-03-01,2026-03-07,22344.92,2178,Delivered
SHP003659,2026-03-01,2026-03-03,2026-03-10,Bhopal,Bengaluru,Central,FTL,CARR_06,CUST_116,2026-03-10,,2275.58,84,Cancelled
SHP001574,2026-01-23,2026-01-25,2026-01-31,Mumbai,Bengaluru,West,LTL,CARR_03,CUST_071,2026-01-31,2026-02-02,3207.71,275,Delivered
SHP003821,2026-05-03,2026-05-04,2026-05-12,Kochi,Raipur,South,LTL,CARR_07,CUST_119,2026-05-12,,304560.18,2115,Delivered
SHP000793,2026-03-11,2026-03-12,2026-03-20,Bhubaneswar,Chennai,East,FTL,CARR_03,CUST_055,2026-03-20,,32289.36,1505,Cancelled
SHP002955,2026-03-04,2026-03-07,2026-03-15,Chandigarh,Surat,North,FTL,CARR_03,CUST_062,2026-03-15,2026-03-17,45786.19,1662,Delayed
SHP003945,2026-01-15,2026-01-17,2026-01-24,Kochi,Kolkata,South,LTL,CARR_07,CUST_075,2026-01-24,,43230.18,400,Delivered
SHP004892,2026-01-04,2026-01-05,2026-01-13,Indore,Pune,Central,PTL,CARR_02,CUST_110,2026-01-13,2026-01-06,10110.29,1256,Delivered
SHP003516,2026-03-31,2026-04-01,2026-04-09,Raipur,Hyderabad,Central,FTL,CARR_02,CUST_054,2026-04-09,2026-04-10,52560.32,1920,Delayed
SHP001716,2026-04-13,2026-04-13,2026-04-16,Pune,Kolkata,West,PTL,CARR_05,CUST_093,2026-04-16,2026-04-17,2985.86,393,Delivered
SHP001435,2026-05-18,2026-05-20,2026-05-24,Indore,Lucknow,Central,LTL,CARR_11,CUST_022,2026-05-24,2026-05-22,17255.24,1490,Delayed
SHP000452,2026-01-21,2026-01-24,2026-01-29,Ahmedabad,Bhopal,West,PTL,CARR_03,CUST_004,2026-01-29,2026-02-01,9484.68,1153,Delivered
SHP002581,2026-06-29,2026-06-29,2026-07-01,Hyderabad,Mumbai,South,LTL,CARR_12,CUST_059,2026-07-01,,9255.63,826,Delivered
SHP003263,2026-02-20,2026-02-23,2026-03-01,Chennai,Nagpur,South,FTL,CARR_04,CUST_093,2026-03-01,,49032.14,2148,Delivered
SHP004613,2026-06-01,2026-06-02,2026-06-04,Patna,Patna,East,FTL,CARR_12,CUST_053,2026-06-04,2026-06-09,30074.75,1116,Delivered
SHP002229,2026-06-08,2026-06-08,2026-06-11,Raipur,Kolkata,Central,LTL,CARR_08,CUST_102,2026-06-11,2026-06-12,8763.36,855,Delayed
SHP004479,2026-05-28,2026-05-30,2026-06-02,Bengaluru,Jaipur,South,LTL,CARR_04,CUST_029,2026-06-02,,10458.11,824,In-Transit
SHP002278,2026-01-12,2026-01-12,2026-01-20,Ahmedabad,Bengaluru,West,FTL,CARR_14,CUST_061,2026-01-20,2026-01-16,45792.65,2043,Delivered
SHP002037,2026-03-12,2026-03-12,2026-03-15,Indore,Bhopal,Central,LTL,CARR_03,CUST_078,2026-03-15,2026-03-17,1293.21,115,Delivered
SHP003511,2026-04-29,2026-04-29,2026-05-07,Surat,Bhubaneswar,West,PTL,CARR_04,CUST_033,2026-05-07,2026-05-02,13911.46,1730,Delivered
SHP000079,2026-06-08,2026-06-08,2026-06-12,Bhubaneswar,Bhopal,East,PTL,CARR_03,CUST_021,2026-06-12,2026-06-10,15636.45,1864,Delivered
SHP001539,2026-06-26,2026-06-28,2026-07-05,Kolkata,Kolkata,East,PTL,CARR_09,CUST_103,2026-07-05,,2763.98,304,Cancelled
SHP003026,2026-05-12,2026-05-13,2026-05-17,Surat,Delhi,West,FTL,CARR_14,CUST_040,2026-05-17,,5251.33,204,In-Transit
SHP003733,2026-01-24,2026-01-26,2026-02-02,Jaipur,Kolkata,North,PTL,CARR_12,CUST_088,2026-02-02,2026-01-30,17426.09,2164,Delivered
SHP001338,2026-04-13,2026-04-13,2026-04-19,Kolkata,Chennai,East,PTL,CARR_02,CUST_091,2026-04-19,,17291.92,2212,Cancelled
SHP004900,2026-04-13,2026-04-15,2026-04-19,Bengaluru,Bengaluru,South,FTL,CARR_07,CUST_092,2026-04-19,,82804.44,336,Delayed
SHP002262,2026-05-16,2026-05-18,2026-05-26,Kolkata,Patna,East,FTL,CARR_15,CUST_037,2026-05-26,2026-05-15,31759.09,1469,Delivered
SHP001421,2026-04-13,2026-04-16,2026-04-19,Guwahati,Pune,East,LTL,CARR_05,CUST_092,2026-04-19,2026-04-19,6287.64,570,Delivered
SHP004097,2026-01-16,2026-01-16,2026-01-23,Bhopal,Guwahati,Central,PTL,CARR_04,CUST_084,2026-01-23,2026-01-26,9750.77,1370,Delivered
SHP001502,2026-02-07,2026-02-10,2026-02-12,Ahmedabad,Pune,West,LTL,CARR_12,CUST_086,2026-02-12,2026-02-14,24801.46,2135,Delivered
SHP002645,2026-04-23,2026-04-26,2026-05-01,Jaipur,Delhi,North,FTL,CARR_02,CUST_030,2026-05-01,2026-04-29,49474.39,2138,Delivered
SHP000184,2026-02-14,2026-02-14,2026-02-21,Mumbai,Mumbai,West,FTL,CARR_12,CUST_085,2026-02-21,2026-02-15,16224.88,612,Delivered
SHP002646,2026-01-02,2026-01-05,2026-01-12,Lucknow,Bhopal,North,FTL,CARR_14,CUST_117,2026-01-12,2026-01-12,49291.69,2257,Delivered
SHP002167,2026-05-28,2026-05-29,2026-05-31,Chandigarh,Indore,North,LTL,CARR_07,CUST_116,2026-05-31,2026-06-08,155649.33,1215,Delivered
SHP000652,2026-06-27,2026-06-29,2026-07-02,Surat,Mumbai,West,FTL,CARR_14,CUST_113,2026-07-02,2026-07-07,20357.22,750,Delivered
SHP002961,2026-01-03,2026-01-05,2026-01-07,Lucknow,Surat,North,LTL,CARR_08,CUST_055,2026-01-07,2026-01-11,27615.71,2205,Delivered
SHP002901,2026-04-02,2026-04-04,2026-04-08,Nagpur,Raipur,Central,FTL,CARR_08,CUST_047,2026-04-08,2026-04-07,51967.51,2134,Delivered
SHP001525,2026-02-25,,2026-03-05,Hyderabad,Guwahati,South,LTL,CARR_06,CUST_017,2026-03-05,,19019.65,1687,In-Transit
SHP003057,2026-02-25,2026-02-25,2026-03-02,Chennai,Lucknow,South,PTL,CARR_15,CUST_037,2026-03-02,,13853.47,1923,Delivered
SHP002406,2026-04-17,2026-04-17,2026-04-20,Jaipur,Raipur,North,FTL,CARR_07,CUST_094,2026-04-20,2026-04-18,422032.14,1645,Delivered
SHP000773,2026-02-08,2026-02-10,2026-02-18,Mumbai,Jaipur,West,FTL,CARR_04,CUST_029,2026-02-18,2026-02-20,14081.36,539,Delivered
SHP001327,2026-01-14,2026-01-14,2026-01-20,Nagpur,Bengaluru,Central,FTL,CARR_07,CUST_004,2026-01-20,2026-01-17,257872.03,1042,Delivered
SHP000332,2026-01-11,2026-01-14,2026-01-22,Surat,Chandigarh,West,LTL,CARR_07,CUST_095,2026-01-22,2026-01-23,26657.01,251,Delayed
SHP004463,2026-06-08,2026-06-08,2026-06-13,Indore,Jaipur,Central,FTL,CARR_05,CUST_050,2026-06-13,2026-06-14,54488.95,2422,Delivered
SHP001680,2026-06-25,2026-06-25,2026-07-03,Jaipur,Patna,North,FTL,CARR_06,CUST_012,2026-07-03,2026-07-04,18902.85,783,Delivered
SHP003416,2026-03-31,2026-03-31,2026-04-02,Hyderabad,Guwahati,South,PTL,CARR_09,CUST_036,2026-04-02,,12444.08,1604,In-Transit
SHP003189,2026-05-13,2026-05-16,2026-05-18,Kolkata,Lucknow,East,PTL,CARR_07,CUST_079,2026-05-18,2026-05-18,34462.45,500,Delivered
SHP002399,2026-05-20,2026-05-23,2026-05-28,Bhubaneswar,Bhopal,East,FTL,CARR_08,CUST_075,2026-05-28,,11246.88,460,In-Transit
SHP001231,2026-03-07,2026-03-08,2026-03-13,Indore,Surat,Central,LTL,CARR_05,CUST_092,2026-03-13,2026-03-12,13329.98,1070,Delivered
SHP004821,2026-06-05,2026-06-08,2026-06-16,Bhopal,Lucknow,Central,PTL,CARR_01,CUST_088,2026-06-16,2026-06-11,13725.45,1859,Delivered
SHP000356,2026-04-08,2026-04-10,2026-04-17,Guwahati,Delhi,East,LTL,CARR_10,CUST_099,2026-04-17,,3168.3,301,In-Transit
SHP003225,2026-06-22,2026-06-24,2026-06-30,Surat,Mumbai,West,PTL,CARR_10,CUST_083,2026-06-30,2026-06-25,13000.85,1528,Delivered
SHP002412,2026-03-27,2026-03-27,2026-04-04,Mumbai,Chandigarh,West,LTL,CARR_07,CUST_022,2026-04-04,2026-04-02,30058.03,283,Delivered
SHP002823,2026-05-20,2026-05-23,2026-05-29,Kolkata,Kochi,East,FTL,CARR_05,CUST_099,2026-05-29,,58954.16,2438,Cancelled
SHP002931,2026-02-17,2026-02-18,2026-02-26,Bengaluru,Guwahati,South,FTL,CARR_03,CUST_022,2026-02-26,,21885.09,963,In-Transit
SHP003917,2026-03-24,2026-03-24,2026-03-30,Raipur,Hyderabad,Central,LTL,CARR_01,CUST_072,2026-03-30,2026-03-29,22669.93,1703,Delivered
SHP001471,2026-05-16,2026-05-18,2026-05-22,Surat,Chennai,West,PTL,CARR_14,CUST_076,2026-05-22,2026-05-26,6649.57,757,Delayed
SHP004940,2026-06-20,2026-06-22,2026-06-26,Lucknow,Delhi,North,PTL,CARR_08,CUST_039,2026-06-26,2026-06-25,10801.38,1296,Delivered
SHP003047,2026-06-13,2026-06-13,2026-06-18,Kochi,Chennai,South,LTL,CARR_11,CUST_014,2026-06-18,,23653.89,2079,Delivered
SHP001388,2026-05-03,2026-05-05,2026-05-07,Bhubaneswar,Jaipur,East,LTL,CARR_03,CUST_009,2026-05-07,2026-05-06,12387.46,998,Delivered
SHP001583,2026-06-25,2026-06-27,2026-06-29,Kolkata,Raipur,East,LTL,CARR_04,CUST_033,2026-06-29,2026-06-30,7191.33,586,Delivered
SHP001359,2026-04-05,2026-04-06,2026-04-08,Raipur,Nagpur,Central,FTL,CARR_12,CUST_043,2026-04-08,2026-04-11,39927.48,1470,Delivered
SHP000555,2026-04-10,2026-04-13,2026-04-21,Mumbai,Kolkata,West,LTL,CARR_04,CUST_109,2026-04-21,2026-04-19,20194.8,1545,Delayed
SHP004017,2026-01-19,2026-01-22,2026-01-26,Mumbai,Bhubaneswar,West,FTL,CARR_02,CUST_071,2026-01-26,,8052.84,283,In-Transit
SHP004465,2026-04-04,2026-04-07,2026-04-12,Chandigarh,Surat,North,LTL,CARR_09,CUST_083,2026-04-12,2026-04-16,27557.51,2379,Delivered
SHP001272,2026-02-24,2026-02-26,2026-03-02,Ahmedabad,Guwahati,West,FTL,CARR_06,CUST_082,2026-03-02,,51298.08,1845,In-Transit
SHP000109,2026-03-19,2026-03-20,2026-03-24,Kochi,Bhopal,South,PTL,CARR_09,CUST_020,2026-03-24,2026-03-23,7424.43,973,Delayed
SHP002034,2026-02-01,2026-02-04,2026-02-12,Chandigarh,Chandigarh,North,LTL,CARR_01,CUST_067,2026-02-12,2026-02-09,6414.07,472,Delayed
SHP001150,2026-04-04,2026-04-07,2026-04-10,Lucknow,Guwahati,North,LTL,CARR_06,CUST_011,2026-04-10,,25646.55,2362,Cancelled
SHP001176,2026-02-09,2026-02-09,2026-02-15,Surat,Mumbai,West,FTL,CARR_12,CUST_051,2026-02-15,2026-02-19,39830.46,1662,Delivered
SHP002279,2026-06-13,2026-06-15,2026-06-17,Patna,Patna,East,LTL,CARR_03,CUST_078,2026-06-17,2026-06-16,15929.39,1301,Delayed
SHP003576,2026-06-19,2026-06-21,2026-06-25,Kochi,Patna,South,FTL,CARR_05,CUST_045,2026-06-25,,41778.06,1879,Delivered
SHP000183,2026-03-25,2026-03-28,2026-04-04,Jaipur,Chandigarh,North,PTL,CARR_03,CUST_069,2026-04-04,2026-04-07,2414.21,320,Delivered
SHP003857,2026-06-04,2026-06-06,2026-06-09,Nagpur,Hyderabad,Central,PTL,CARR_06,CUST_086,2026-06-09,2026-06-08,6102.39,831,Delayed
SHP001348,2026-06-16,2026-06-18,2026-06-22,Delhi,Mumbai,North,FTL,CARR_06,CUST_006,2026-06-22,2026-06-21,24319.87,917,Delivered
SHP000306,2026-03-31,2026-04-02,2026-04-06,Ahmedabad,Raipur,West,FTL,CARR_03,CUST_070,2026-04-06,2026-04-10,52112.43,2321,Delivered
SHP003449,2026-06-11,2026-06-14,2026-06-16,Pune,Jaipur,West,LTL,CARR_03,CUST_065,2026-06-16,2026-06-24,27404.68,2163,Delivered
SHP003681,2026-04-26,2026-04-28,2026-04-30,Kochi,Delhi,South,FTL,CARR_04,CUST_045,2026-04-30,,59386.94,2329,Delivered
SHP004213,2026-01-20,2026-01-20,2026-01-24,Kochi,Indore,South,FTL,CARR_10,CUST_026,2026-01-24,,20622.98,933,Cancelled
SHP002495,2026-06-25,2026-06-25,2026-07-01,Bengaluru,Delhi,South,PTL,CARR_06,CUST_093,2026-07-01,,2269.82,251,Delivered
SHP000068,2026-05-19,2026-05-22,2026-05-29,Nagpur,Surat,Central,FTL,CARR_12,CUST_090,2026-05-29,2026-06-01,19021.39,682,Delivered
SHP004873,2026-06-15,2026-06-16,2026-06-23,Indore,Indore,Central,FTL,CARR_12,CUST_078,2026-06-23,2026-06-26,26620.81,968,Delivered
SHP003960,2026-04-24,2026-04-25,2026-05-03,Nagpur,Nagpur,Central,LTL,CARR_03,CUST_116,2026-05-03,2026-05-04,8896.08,660,Delivered
SHP004016,2026-04-07,2026-04-07,2026-04-13,Mumbai,Indore,West,LTL,CARR_14,CUST_009,2026-04-13,2026-04-16,11243.2,880,Delivered
SHP004329,2026-02-02,2026-02-05,2026-02-13,Kolkata,Guwahati,East,FTL,CARR_04,CUST_106,2026-02-13,2026-02-12,15971.46,598,Delivered
SHP003394,2026-02-20,2026-02-22,2026-03-02,Pune,Guwahati,West,LTL,CARR_11,CUST_094,2026-03-02,2026-03-02,8857.94,807,Delivered
SHP003066,2026-02-13,2026-02-16,2026-02-24,Delhi,Ahmedabad,North,FTL,CARR_06,CUST_078,2026-02-24,2026-02-19,53087.73,2432,Delivered
SHP003808,2026-05-11,2026-05-12,2026-05-15,Patna,Bhopal,East,FTL,CARR_09,CUST_081,2026-05-15,2026-05-15,43479.27,1584,Delivered
SHP002637,2026-06-12,2026-06-12,2026-06-20,Pune,Pune,West,FTL,CARR_10,CUST_062,2026-06-20,2026-06-14,1604.74,73,Delayed
SHP003037,2026-04-26,2026-04-27,2026-05-02,Guwahati,Surat,East,LTL,CARR_12,CUST_067,2026-05-02,,29106.53,2473,In-Transit
SHP003594,2026-01-16,2026-01-19,2026-01-22,Hyderabad,Ahmedabad,South,LTL,CARR_08,CUST_037,2026-01-22,,14119.97,1113,Delivered
SHP003170,2026-02-10,2026-02-12,2026-02-20,Patna,Patna,East,PTL,CARR_03,CUST_074,2026-02-20,,12636.89,1661,In-Transit
SHP000969,2026-01-26,2026-01-29,2026-02-02,Bhopal,Indore,Central,PTL,CARR_11,CUST_039,2026-02-02,2026-01-30,12437.95,1771,Delivered
SHP001821,2026-01-15,2026-01-17,2026-01-23,Lucknow,Mumbai,North,FTL,CARR_05,CUST_020,2026-01-23,2026-01-27,40711.9,1628,Delivered
SHP004772,2026-02-08,2026-02-10,2026-02-16,Raipur,Jaipur,Central,FTL,CARR_01,CUST_050,2026-02-16,2026-02-19,48054.75,1921,Delayed
SHP002011,2026-03-17,2026-03-18,2026-03-25,Bhubaneswar,Raipur,East,FTL,CARR_11,CUST_057,2026-03-25,2026-03-28,40132.14,1748,Delivered
SHP001190,,2026-04-27,2026-05-02,Raipur,Patna,Central,FTL,CARR_08,CUST_060,2026-05-02,2026-05-07,44530.09,1689,Delivered
SHP000455,2026-05-02,2026-05-04,2026-05-10,Kolkata,Patna,East,LTL,CARR_15,CUST_050,2026-05-10,2026-05-14,18755.19,1782,Delivered
SHP003568,2026-03-19,2026-03-21,2026-03-24,Raipur,Lucknow,Central,PTL,CARR_04,CUST_027,2026-03-24,2026-03-27,19118.39,2434,Delivered
SHP002265,2026-03-28,2026-03-30,2026-04-05,Mumbai,Pune,West,LTL,CARR_08,CUST_029,2026-04-05,2026-04-04,5472.5,487,Delayed
SHP003588,2026-06-11,2026-06-11,2026-06-14,Chennai,Raipur,South,FTL,CARR_10,CUST_013,2026-06-14,,4128.22,177,Delivered
SHP003798,,2026-01-10,2026-01-14,Mumbai,Guwahati,West,FTL,CARR_01,CUST_113,2026-01-14,2026-01-13,54484.68,1946,Delayed
SHP002800,2026-03-23,2026-03-24,2026-03-30,Bhopal,Guwahati,Central,LTL,CARR_04,CUST_076,2026-03-30,2026-03-31,27765.77,2165,Delivered
SHP004336,2026-02-06,2026-02-09,2026-02-12,Kolkata,Surat,East,FTL,CARR_05,CUST_066,2026-02-12,2026-02-18,42789.35,1918,Delivered
SHP000916,2026-05-14,2026-05-15,2026-05-22,Patna,Bhubaneswar,East,FTL,CARR_08,CUST_075,2026-05-22,2026-05-17,32367.06,1243,Delivered
SHP002986,2026-01-16,2026-01-19,2026-01-23,Pune,Ahmedabad,West,LTL,CARR_08,CUST_026,2026-01-23,2026-01-21,17015.43,1651,Delivered
SHP000269,2026-02-04,2026-02-04,2026-02-07,Mumbai,Bengaluru,West,FTL,CARR_10,CUST_021,2026-02-07,2026-02-14,6276.82,279,Delayed
SHP002466,2026-03-05,2026-03-08,2026-03-11,Delhi,Kolkata,North,LTL,CARR_09,CUST_033,2026-03-11,2026-03-17,17079.69,1664,Delivered
SHP001823,2026-03-13,2026-03-16,2026-03-21,Chennai,Mumbai,South,LTL,CARR_04,CUST_005,2026-03-21,2026-03-18,12746.39,1045,Delivered
SHP002785,2026-02-12,2026-02-15,2026-02-18,Pune,Raipur,West,FTL,CARR_07,CUST_030,2026-02-18,2026-02-19,319889.1,1133,Delivered
SHP004367,2026-01-11,2026-01-13,2026-01-15,Bengaluru,Ahmedabad,South,FTL,CARR_15,CUST_110,2026-01-15,,61040.21,2238,Delivered
SHP001933,2026-02-16,2026-02-19,2026-02-26,Chennai,Mumbai,South,LTL,CARR_10,CUST_056,2026-02-26,,4291.98,312,Delivered
SHP004547,2026-06-24,2026-06-27,2026-06-29,Kolkata,Bhopal,East,LTL,CARR_04,CUST_103,2026-06-29,2026-07-04,10672.32,938,Delivered
SHP004059,2026-01-16,2026-01-16,2026-01-19,Kolkata,Chennai,East,LTL,CARR_10,CUST_048,2026-01-19,,11407.9,1052,Cancelled
SHP001070,2026-05-11,2026-05-12,2026-05-18,Delhi,Patna,North,LTL,CARR_11,CUST_112,2026-05-18,2026-05-13,11513.59,854,Delivered
SHP003441,2026-05-11,2026-05-11,2026-05-13,Pune,Nagpur,West,LTL,CARR_04,CUST_039,2026-05-13,2026-05-16,6682.15,575,Delivered
SHP001998,2026-01-11,2026-01-12,2026-01-16,Indore,Surat,Central,LTL,CARR_01,CUST_110,2026-01-16,2026-01-17,7647.02,592,Delivered
SHP001201,2026-02-01,2026-02-03,2026-02-05,Bengaluru,Ahmedabad,South,FTL,CARR_09,CUST_040,2026-02-05,,7854.06,343,Delivered
SHP004073,2026-03-07,2026-03-08,2026-03-16,Ahmedabad,Indore,West,FTL,CARR_14,CUST_061,2026-03-16,2026-03-18,41493.64,1465,Delivered
SHP001013,2026-02-19,2026-02-19,2026-02-22,Delhi,Kochi,North,LTL,CARR_01,CUST_006,2026-02-22,2026-02-28,17745.76,1529,Delayed
SHP002995,2026-03-07,2026-03-08,2026-03-11,Bhopal,Raipur,Central,LTL,CARR_15,CUST_115,2026-03-11,2026-03-16,15409.69,1308,Delivered
SHP000715,2026-04-03,2026-04-04,2026-04-12,Bhubaneswar,Bhopal,East,LTL,CARR_09,CUST_027,2026-04-12,2026-04-07,26084.02,2244,Delivered
SHP003781,2026-04-12,2026-04-12,2026-04-20,Indore,Indore,Central,LTL,CARR_14,CUST_001,2026-04-20,2026-04-15,20138.76,1639,Delayed
SHP002354,2026-02-26,2026-02-27,2026-03-03,Bhubaneswar,Lucknow,East,FTL,CARR_15,CUST_010,2026-03-03,2026-03-09,50133.17,1751,Delivered
SHP000149,2026-02-28,2026-03-01,2026-03-06,Surat,Kolkata,West,PTL,CARR_15,CUST_006,2026-03-06,2026-03-11,8017.63,1160,Delivered
SHP004996,2026-04-02,2026-04-03,2026-04-06,Mumbai,Kochi,West,FTL,CARR_06,CUST_072,2026-04-06,2026-04-08,32017.73,1271,Delivered
SHP003053,2026-05-27,2026-05-29,2026-06-05,Delhi,Nagpur,North,PTL,CARR_02,CUST_095,2026-06-05,2026-06-05,7381.31,849,Delivered
SHP000663,2026-03-22,2026-03-24,2026-03-28,Kochi,Mumbai,South,FTL,CARR_08,CUST_089,2026-03-28,,44573.21,1801,Delayed
SHP002471,2026-01-14,2026-01-15,2026-01-19,Chennai,Indore,South,FTL,CARR_11,CUST_082,2026-01-19,,37553.94,1718,Delivered
SHP002180,2026-01-03,2026-01-05,2026-01-09,Raipur,Pune,Central,LTL,CARR_04,CUST_070,2026-01-09,,4314.92,348,Cancelled
SHP003213,2026-02-16,2026-02-18,2026-02-25,Hyderabad,Patna,South,LTL,CARR_14,CUST_085,2026-02-25,,10581.34,894,Cancelled
SHP002957,2026-02-04,2026-02-06,2026-02-12,Bhopal,Lucknow,Central,FTL,CARR_12,CUST_115,2026-02-12,2026-02-07,25035.98,963,Delivered
SHP003803,2026-04-11,2026-04-12,2026-04-19,Hyderabad,Mumbai,South,PTL,CARR_07,CUST_045,2026-04-19,,130803.1,1767,Delivered
SHP000486,2026-03-18,2026-03-21,2026-03-25,Pune,Jaipur,West,FTL,CARR_12,CUST_008,2026-03-25,2026-03-23,15411.13,633,Delivered
SHP002818,2026-02-11,2026-02-11,2026-02-15,Jaipur,Patna,North,PTL,CARR_02,CUST_088,2026-02-15,2026-02-15,10440.18,1375,Delivered
SHP003591,2026-02-14,2026-02-15,2026-02-18,Delhi,Raipur,North,FTL,CARR_09,CUST_039,2026-02-18,2026-02-16,18498.97,710,Delivered
SHP000485,2026-03-07,2026-03-07,2026-03-09,Pune,Mumbai,West,PTL,CARR_06,CUST_049,2026-03-09,2026-03-09,16344.91,2269,Delivered
SHP002909,2026-04-25,2026-04-25,2026-05-03,Raipur,Patna,Central,LTL,CARR_15,CUST_089,2026-05-03,2026-04-26,14874.92,1365,Delivered
SHP003417,2026-05-09,2026-05-12,2026-05-16,Lucknow,Kochi,North,FTL,CARR_12,CUST_043,2026-05-16,2026-05-15,30904.3,1147,Delivered
SHP001736,2026-03-23,2026-03-23,2026-03-31,Ahmedabad,Patna,West,FTL,CARR_07,CUST_046,2026-03-31,2026-03-29,365470.1,1835,Delivered
SHP000386,2026-02-15,2026-02-16,2026-02-21,Guwahati,Delhi,East,LTL,CARR_15,CUST_069,2026-02-21,2026-02-17,22923.9,2159,Delayed
SHP004771,2026-02-14,2026-02-17,2026-02-19,Raipur,Patna,Central,LTL,CARR_05,CUST_014,2026-02-19,2026-02-18,9734.27,711,Delivered
SHP000681,2026-02-20,2026-02-23,2026-03-01,Surat,Patna,West,FTL,CARR_01,CUST_004,2026-03-01,,43801.49,2024,In-Transit
SHP001594,2026-01-24,2026-01-24,2026-01-30,Lucknow,Nagpur,North,LTL,CARR_02,CUST_056,2026-01-30,,19279.94,1644,In-Transit
SHP000550,2026-05-05,2026-05-08,2026-05-16,Jaipur,Jaipur,North,LTL,CARR_04,CUST_078,2026-05-16,2026-05-18,4386.88,383,Delayed
SHP004661,2026-05-12,2026-05-12,2026-05-14,Delhi,Bengaluru,North,FTL,CARR_01,CUST_018,2026-05-14,2026-05-14,11589.8,465,Delivered
SHP003999,2026-05-28,2026-05-30,2026-06-06,Bhubaneswar,Jaipur,East,LTL,CARR_11,CUST_038,2026-06-06,2026-05-31,1569.59,131,Delayed
SHP003817,2026-02-18,2026-02-18,2026-02-26,Pune,Bhopal,West,FTL,CARR_07,CUST_011,2026-02-26,,301322.86,978,Cancelled
SHP001122,2026-06-29,2026-06-29,2026-07-01,Patna,Kolkata,East,FTL,CARR_15,CUST_111,2026-07-01,2026-07-08,41078.95,1673,Delivered
SHP001948,2026-03-29,2026-04-01,2026-04-03,Ahmedabad,Surat,West,FTL,CARR_07,CUST_108,2026-04-03,2026-04-11,328609.03,1266,Delivered
SHP002027,2026-05-04,2026-05-04,2026-05-06,Surat,Lucknow,West,LTL,CARR_08,CUST_010,2026-05-06,2026-05-13,16413.83,1324,Delivered
SHP003087,2026-05-23,2026-05-26,2026-06-02,Bhopal,Hyderabad,Central,FTL,CARR_02,CUST_087,2026-06-02,2026-06-05,12358.1,459,Delivered
SHP002919,2026-05-11,2026-05-13,2026-05-19,Chennai,Bhubaneswar,South,PTL,CARR_07,CUST_031,2026-05-19,,21462.16,309,Delivered
SHP001991,2026-05-06,2026-05-07,2026-05-13,Ahmedabad,Patna,West,LTL,CARR_05,CUST_112,2026-05-13,2026-05-16,19552.53,1428,Delivered
SHP003262,2026-03-22,2026-03-25,2026-03-27,Bengaluru,Mumbai,South,FTL,CARR_03,CUST_033,2026-03-27,,50575.63,1933,Delivered
SHP002266,2026-02-02,2026-02-04,2026-02-09,Patna,Nagpur,East,LTL,CARR_10,CUST_096,2026-02-09,2026-02-07,3404.61,258,Delayed
SHP004449,2026-02-16,2026-02-16,2026-02-20,Surat,Kochi,West,LTL,CARR_07,CUST_016,2026-02-20,,239366.08,2071,Cancelled
SHP001347,2026-05-28,2026-05-30,2026-06-01,Ahmedabad,Lucknow,West,LTL,CARR_02,CUST_032,2026-06-01,2026-06-02,14224.06,1368,Delivered
SHP004531,2026-03-18,2026-03-21,2026-03-26,Kolkata,Delhi,East,LTL,CARR_12,CUST_120,2026-03-26,,30254.07,2449,In-Transit
SHP001978,2026-03-01,2026-03-04,2026-03-06,Pune,Ahmedabad,West,PTL,CARR_13,CUST_109,2026-03-06,2026-03-12,9986.04,1143,Delivered
SHP004226,2026-06-03,2026-06-06,2026-06-10,Delhi,Kolkata,North,FTL,CARR_07,CUST_007,2026-06-10,2026-06-15,475004.35,2357,Delayed
SHP003844,2026-02-12,2026-02-15,2026-02-17,Mumbai,Chennai,West,LTL,CARR_02,CUST_005,2026-02-17,2026-02-18,1418.53,117,Delivered
SHP003517,2026-06-29,2026-06-30,2026-07-07,Lucknow,Surat,North,LTL,CARR_08,CUST_046,2026-07-07,2026-07-05,13763.19,1268,Delayed
SHP000480,2026-01-13,2026-01-15,2026-01-18,Guwahati,Chandigarh,East,FTL,CARR_10,CUST_054,2026-01-18,2026-01-20,21887.36,799,Delivered
SHP002157,2026-06-01,,2026-06-10,Delhi,Jaipur,North,FTL,CARR_08,CUST_100,2026-06-10,,20047.49,840,Cancelled
SHP004537,2026-04-29,2026-05-02,2026-05-10,Mumbai,Indore,West,LTL,CARR_12,CUST_039,2026-05-10,2026-05-05,12286.31,1021,Delivered
SHP003633,2026-01-26,2026-01-28,2026-01-31,Indore,Bhubaneswar,Central,LTL,CARR_10,CUST_073,2026-01-31,2026-02-03,3453.1,338,Delivered
SHP001650,2026-02-24,2026-02-26,2026-02-28,Pune,Raipur,West,LTL,CARR_01,CUST_114,2026-02-28,2026-03-04,9205.64,746,Delivered
SHP003284,2026-01-18,2026-01-19,2026-01-26,Nagpur,Raipur,Central,FTL,CARR_05,CUST_059,2026-01-26,2026-01-27,6865.3,260,Delivered
SHP003559,2026-06-26,2026-06-27,2026-06-29,Indore,Jaipur,Central,LTL,CARR_14,CUST_052,2026-06-29,,27530.66,2433,In-Transit
SHP001115,2026-01-04,2026-01-06,2026-01-09,Chandigarh,Indore,North,LTL,CARR_13,CUST_115,2026-01-09,,22490.49,1723,Cancelled
SHP003388,2026-01-29,2026-01-30,2026-02-04,Kochi,Bhopal,South,LTL,CARR_13,CUST_074,2026-02-04,,13829.93,1142,Delivered
SHP003721,2026-01-06,2026-01-06,2026-01-09,Raipur,Chandigarh,Central,PTL,CARR_03,CUST_033,2026-01-09,2026-01-07,10883.98,1331,Delivered
SHP004703,2026-01-29,2026-01-29,2026-01-31,Hyderabad,Hyderabad,South,LTL,CARR_08,CUST_096,2026-01-31,,22718.44,1953,In-Transit
SHP001626,2026-02-20,2026-02-20,2026-02-28,Lucknow,Bengaluru,North,FTL,CARR_08,CUST_082,2026-02-28,2026-02-23,30425.31,1121,Delayed
SHP001096,2026-01-12,2026-01-14,2026-01-21,Surat,Raipur,West,LTL,CARR_01,CUST_035,2026-01-21,,5921.77,532,In-Transit
SHP002891,2026-06-05,2026-06-05,2026-06-07,Nagpur,Guwahati,Central,LTL,CARR_11,CUST_067,2026-06-07,2026-06-12,1822.22,159,Delayed
SHP003572,2026-06-11,2026-06-13,2026-06-15,Lucknow,Pune,North,LTL,CARR_07,CUST_041,2026-06-15,2026-06-17,82807.44,653,Delivered
SHP001751,2026-05-09,2026-05-09,2026-05-14,Jaipur,Ahmedabad,North,PTL,CARR_06,CUST_119,2026-05-14,2026-05-16,1656.94,231,Delayed
SHP001537,2026-01-29,2026-01-29,2026-02-03,Mumbai,Pune,West,FTL,CARR_04,CUST_077,2026-02-03,,11036.55,490,In-Transit
SHP001833,2026-01-28,2026-01-31,2026-02-06,Nagpur,Lucknow,Central,LTL,CARR_12,CUST_036,2026-02-06,2026-02-10,19715.47,1740,Delivered
SHP001408,2026-01-24,2026-01-27,2026-02-02,Kochi,Patna,South,LTL,CARR_04,CUST_060,2026-02-02,,23451.99,1782,Delivered
SHP004004,2026-06-19,2026-06-22,2026-06-28,Bhubaneswar,Mumbai,East,LTL,CARR_11,CUST_092,2026-06-28,2026-07-01,27369.65,2402,Delivered
SHP002761,2026-02-10,2026-02-10,2026-02-14,Kochi,Lucknow,South,LTL,CARR_15,CUST_063,2026-02-14,,3151.09,248,Delivered
SHP000139,2026-04-17,2026-04-20,2026-04-24,Mumbai,Guwahati,West,LTL,CARR_06,CUST_090,2026-04-24,2026-04-23,17281.39,1591,Delivered
SHP004638,2026-03-19,2026-03-19,2026-03-26,Jaipur,Ahmedabad,North,PTL,CARR_13,CUST_112,2026-03-26,2026-03-29,829.04,112,Delivered
SHP004687,2026-05-02,2026-05-04,2026-05-12,Indore,Raipur,Central,FTL,CARR_11,CUST_081,2026-05-12,2026-05-07,21493.84,935,Delayed
SHP002106,2026-01-17,2026-01-19,2026-01-21,Kochi,Kochi,South,FTL,CARR_04,CUST_104,2026-01-21,2026-01-25,20453.65,877,Delivered
SHP000031,2026-02-04,2026-02-07,2026-02-13,Raipur,Chandigarh,Central,PTL,CARR_02,CUST_059,2026-02-13,,18813.05,2488,In-Transit
SHP000080,2026-05-05,2026-05-07,2026-05-10,Jaipur,Mumbai,North,FTL,CARR_11,CUST_076,2026-05-10,2026-05-08,47760.42,1668,Delivered
SHP001572,2026-05-17,2026-05-17,2026-05-21,Chennai,Lucknow,South,LTL,CARR_08,CUST_060,2026-05-21,,17909.54,1593,In-Transit
SHP003198,2026-04-30,2026-05-03,2026-05-07,Kochi,Chennai,South,PTL,CARR_13,CUST_023,2026-05-07,,9493.56,1102,Delivered
SHP000373,2026-03-09,2026-03-10,2026-03-12,Kolkata,Surat,East,FTL,CARR_01,CUST_034,2026-03-12,2026-03-18,59021.45,2064,Delivered
SHP001807,2026-04-28,2026-04-29,2026-05-04,Patna,Pune,East,FTL,CARR_12,CUST_015,2026-05-04,2026-05-02,37129.45,1322,Delivered
SHP001126,2026-06-03,2026-06-06,2026-06-09,Hyderabad,Pune,South,FTL,CARR_02,CUST_111,2026-06-09,,25488.77,1146,Delivered
SHP000748,2026-03-19,2026-03-22,2026-03-26,Mumbai,Chennai,West,LTL,CARR_01,CUST_028,2026-03-26,2026-03-24,20376.05,1623,Delivered
SHP002207,2026-04-13,2026-04-14,2026-04-22,Chandigarh,Lucknow,North,FTL,CARR_02,CUST_032,2026-04-22,2026-04-15,4431.42,185,Delivered
SHP004649,2026-06-19,2026-06-22,2026-06-28,Bhubaneswar,Ahmedabad,East,FTL,CARR_06,CUST_108,2026-06-28,2026-07-02,27903.95,971,Delivered
SHP002550,2026-06-20,2026-06-23,2026-06-28,Nagpur,Delhi,Central,FTL,CARR_13,CUST_095,2026-06-28,2026-06-26,5271.98,212,Delivered
SHP003348,2026-03-22,,2026-03-27,Pune,Guwahati,West,FTL,CARR_08,CUST_059,2026-03-27,2026-03-20,17095.66,772,Delivered
SHP000178,2026-02-05,2026-02-08,2026-02-15,Mumbai,Delhi,West,FTL,CARR_15,CUST_039,2026-02-15,2026-02-11,13819.56,635,Delivered
SHP004462,2026-05-17,2026-05-20,2026-05-28,Bhopal,Jaipur,Central,LTL,CARR_01,CUST_066,2026-05-28,,31810.55,2334,In-Transit
SHP003059,2026-06-17,2026-06-19,2026-06-26,Bengaluru,Delhi,South,FTL,CARR_04,CUST_005,2026-06-26,,54311.29,2427,Delivered
SHP000093,2026-05-04,2026-05-06,2026-05-08,Chennai,Nagpur,South,PTL,CARR_01,CUST_083,2026-05-08,,19126.97,2163,Delivered
SHP002390,2026-04-04,2026-04-04,2026-04-12,Patna,Mumbai,East,LTL,CARR_14,CUST_067,2026-04-12,2026-04-06,5768.41,509,Delivered
SHP000076,2026-04-19,2026-04-19,2026-04-25,Indore,Lucknow,Central,FTL,CARR_11,CUST_097,2026-04-25,2026-04-24,31746.28,1329,Delivered
SHP002343,2026-03-18,2026-03-20,2026-03-25,Surat,Kolkata,West,FTL,CARR_02,CUST_096,2026-03-25,2026-03-29,41246.75,1839,Delayed
SHP002575,2026-01-25,2026-01-28,2026-02-05,Raipur,Kochi,Central,LTL,CARR_08,CUST_005,2026-02-05,2026-02-06,16412.74,1525,Delayed
SHP004119,2026-05-04,2026-05-06,2026-05-13,Hyderabad,Guwahati,South,FTL,CARR_15,CUST_036,2026-05-13,,11755.95,464,Delivered
SHP003142,2026-03-04,2026-03-07,2026-03-14,Chandigarh,Surat,North,LTL,CARR_07,CUST_031,2026-03-14,2026-03-17,31289.07,217,Delivered
SHP004419,2026-03-20,2026-03-23,2026-03-27,Kochi,Bhopal,South,FTL,CARR_11,CUST_060,2026-03-27,,5223.17,215,In-Transit
SHP002355,2026-02-07,2026-02-10,2026-02-15,Hyderabad,Surat,South,FTL,CARR_03,CUST_011,2026-02-15,,33752.67,1327,In-Transit
SHP003707,2026-01-25,2026-01-25,2026-01-30,Hyderabad,Nagpur,South,FTL,CARR_07,CUST_045,2026-01-30,,594998.89,2333,Delayed
SHP000702,2026-05-03,2026-05-04,2026-05-11,Guwahati,Surat,East,LTL,CARR_07,CUST_038,2026-05-11,2026-05-07,390701.27,2464,Delivered
SHP001638,2026-01-21,2026-01-24,2026-01-28,Mumbai,Bhopal,West,LTL,CARR_06,CUST_013,2026-01-28,2026-01-29,17146.95,1514,Delivered
SHP001698,2026-04-02,2026-04-05,2026-04-10,Lucknow,Bengaluru,North,PTL,CARR_05,CUST_036,2026-04-10,2026-04-13,6382.73,758,Delayed
SHP004867,2026-03-29,2026-03-31,2026-04-03,Jaipur,Ahmedabad,North,FTL,CARR_14,CUST_022,2026-04-03,2026-04-03,53521.01,2102,Delivered
SHP004134,2026-03-10,2026-03-10,2026-03-17,Lucknow,Chennai,North,LTL,CARR_08,CUST_067,2026-03-17,2026-03-19,20323.26,1946,Delivered
SHP001295,2026-03-13,2026-03-16,2026-03-24,Kolkata,Nagpur,East,FTL,CARR_09,CUST_098,2026-03-24,2026-03-21,36594.87,1360,Delivered
SHP000211,2026-05-22,2026-05-22,2026-05-30,Delhi,Guwahati,North,PTL,CARR_10,CUST_030,2026-05-30,2026-05-29,17092.33,2190,Delivered
SHP001581,,2026-03-15,2026-03-23,Guwahati,Indore,East,LTL,CARR_03,CUST_022,2026-03-23,2026-03-21,5570.7,542,Delivered
SHP002634,2026-01-26,2026-01-28,2026-02-02,Kochi,Chandigarh,South,LTL,CARR_08,CUST_068,2026-02-02,,12544.98,959,Delivered
SHP000853,2026-03-04,2026-03-05,2026-03-09,Nagpur,Pune,Central,FTL,CARR_06,CUST_060,2026-03-09,,59498.33,2223,Cancelled
SHP000052,,2026-05-21,2026-05-23,Hyderabad,Surat,South,FTL,CARR_07,CUST_105,2026-05-23,,262080.76,1338,In-Transit
SHP001290,2026-01-30,2026-01-30,2026-02-03,Kochi,Nagpur,South,FTL,CARR_13,CUST_113,2026-02-03,,25600.06,1058,Delivered
SHP004233,2026-06-12,2026-06-14,2026-06-17,Chennai,Ahmedabad,South,FTL,CARR_02,CUST_034,2026-06-17,,1726.17,72,Cancelled
SHP003307,2026-01-10,2026-01-13,2026-01-19,Patna,Raipur,East,PTL,CARR_07,CUST_071,2026-01-19,,108198.21,1664,Cancelled
SHP002403,2026-03-14,2026-03-17,2026-03-23,Chennai,Ahmedabad,South,LTL,CARR_09,CUST_106,2026-03-23,2026-03-22,4740.15,380,Delivered
SHP003691,2026-06-22,2026-06-23,2026-06-25,Kochi,Nagpur,South,LTL,CARR_09,CUST_002,2026-06-25,,20547.37,1964,Delivered
SHP003113,2026-01-03,2026-01-03,2026-01-10,Bengaluru,Ahmedabad,South,LTL,CARR_05,CUST_042,2026-01-10,,1833.41,146,Delivered
SHP000656,2026-06-02,2026-06-05,2026-06-09,Jaipur,Bhubaneswar,North,PTL,CARR_13,CUST_085,2026-06-09,2026-06-07,18608.38,2177,Delivered
SHP000284,2026-02-22,2026-02-23,2026-03-03,Kochi,Chennai,South,LTL,CARR_14,CUST_034,2026-03-03,,14161.98,1072,Delivered
SHP001753,2026-06-27,2026-06-28,2026-06-30,Jaipur,Surat,North,LTL,CARR_13,CUST_106,2026-06-30,2026-07-03,26661.55,2327,Delivered
SHP001061,2026-06-21,2026-06-24,2026-07-01,Bengaluru,Patna,South,LTL,CARR_09,CUST_105,2026-07-01,,25655.44,2318,Delivered
SHP000413,2026-02-02,2026-02-03,2026-02-07,Patna,Kolkata,East,LTL,CARR_02,CUST_029,2026-02-07,2026-02-07,6167.91,563,Delayed
SHP004438,2026-04-11,2026-04-12,2026-04-17,Kochi,Kochi,South,FTL,CARR_02,CUST_009,2026-04-17,,5816.09,252,Delivered
SHP002295,2026-02-11,2026-02-11,2026-02-13,Pune,Patna,West,LTL,CARR_01,CUST_114,2026-02-13,2026-02-15,5344.47,454,Delivered
SHP002863,2026-04-20,2026-04-20,2026-04-23,Jaipur,Bhopal,North,LTL,CARR_12,CUST_066,2026-04-23,2026-04-22,18659.85,1554,Delivered
SHP000698,2026-04-03,2026-04-03,2026-04-09,Ahmedabad,Chandigarh,West,LTL,CARR_15,CUST_053,2026-04-09,2026-04-09,22217.89,2121,Delivered
SHP000012,2026-03-02,2026-03-04,2026-03-07,Chandigarh,Delhi,North,PTL,CARR_02,CUST_066,2026-03-07,2026-03-12,16071.42,2258,Delayed
SHP003896,2026-03-12,2026-03-12,2026-03-16,Bhopal,Chandigarh,Central,LTL,CARR_07,CUST_115,2026-03-16,2026-03-16,333821.24,2462,Delayed
SHP003259,2026-05-29,2026-05-30,2026-06-06,Bhubaneswar,Surat,East,PTL,CARR_04,CUST_001,2026-06-06,2026-06-04,13213.92,1764,Delivered
SHP001798,2026-02-03,2026-02-05,2026-02-11,Surat,Raipur,West,LTL,CARR_01,CUST_080,2026-02-11,,6064.34,585,Cancelled
SHP000648,2026-06-08,2026-06-09,2026-06-12,Bhopal,Chennai,Central,PTL,CARR_07,CUST_058,2026-06-12,2026-06-16,21395.33,331,Delivered
SHP004680,2026-05-02,2026-05-04,2026-05-09,Pune,Chennai,West,LTL,CARR_13,CUST_118,2026-05-09,2026-05-07,23838.1,1770,Delayed
SHP002493,2026-02-15,2026-02-16,2026-02-20,Pune,Chandigarh,West,LTL,CARR_09,CUST_100,2026-02-20,2026-02-20,7755.15,638,Delivered
SHP002192,2026-04-23,2026-04-25,2026-04-28,Raipur,Raipur,Central,LTL,CARR_08,CUST_095,2026-04-28,2026-04-27,25027.84,2098,Delivered
SHP004139,2026-04-11,2026-04-12,2026-04-14,Surat,Bengaluru,West,FTL,CARR_10,CUST_065,2026-04-14,2026-04-21,9696.06,382,Delivered
SHP003258,2026-04-14,2026-04-17,2026-04-24,Bengaluru,Chennai,South,FTL,CARR_09,CUST_110,2026-04-24,2026-04-18,22226.12,897,Delivered
SHP000950,2026-02-09,2026-02-09,2026-02-11,Hyderabad,Patna,South,FTL,CARR_03,CUST_091,2026-02-11,2026-02-11,68337.92,2457,Delivered
SHP003035,2026-02-05,2026-02-07,2026-02-10,Guwahati,Hyderabad,East,FTL,CARR_04,CUST_008,2026-02-10,2026-02-09,2435.5,114,Delivered
SHP002245,2026-06-04,2026-06-07,2026-06-12,Indore,Bengaluru,Central,FTL,CARR_12,CUST_094,2026-06-12,2026-06-10,23856.28,898,Delivered
SHP000724,2026-04-22,2026-04-24,2026-04-30,Raipur,Kochi,Central,FTL,CARR_05,CUST_016,2026-04-30,2026-04-29,35432.66,1370,Delivered
SHP003931,2026-01-24,2026-01-27,2026-01-30,Patna,Kolkata,East,FTL,CARR_05,CUST_060,2026-01-30,,39156.6,1634,In-Transit
SHP003705,2026-04-30,2026-05-03,2026-05-11,Pune,Ahmedabad,West,FTL,CARR_02,CUST_071,2026-05-11,2026-05-10,58406.97,2261,Delivered
SHP003350,2026-06-12,2026-06-12,2026-06-19,Ahmedabad,Delhi,West,FTL,CARR_03,CUST_064,2026-06-19,2026-06-16,29440.04,1153,Delivered
SHP001616,2026-02-21,2026-02-24,2026-03-02,Patna,Bengaluru,East,PTL,CARR_07,CUST_064,2026-03-02,2026-03-06,94900.12,1238,Delivered
SHP004206,2026-06-11,2026-06-12,2026-06-17,Patna,Chennai,East,LTL,CARR_07,CUST_006,2026-06-17,2026-06-18,282444.28,1991,Delivered
SHP004028,2026-05-23,2026-05-26,2026-05-28,Raipur,Surat,Central,LTL,CARR_08,CUST_053,2026-05-28,2026-06-05,8740.77,780,Delivered
SHP005000,2026-03-01,2026-03-01,2026-03-07,Bhopal,Kochi,Central,FTL,CARR_15,CUST_037,2026-03-07,2026-03-08,39975.53,1418,Delivered
SHP001913,2026-01-14,2026-01-17,2026-01-20,Guwahati,Guwahati,East,LTL,CARR_13,CUST_112,2026-01-20,2026-01-19,25860.96,2155,Delivered
SHP004595,2026-06-11,2026-06-14,2026-06-20,Pune,Indore,West,FTL,CARR_14,CUST_097,2026-06-20,,19003.82,747,In-Transit
SHP001588,2026-05-28,2026-05-31,2026-06-08,Nagpur,Chennai,Central,LTL,CARR_08,CUST_087,2026-06-08,2026-06-01,23066.64,2136,Delayed
SHP001280,2026-04-05,2026-04-08,2026-04-15,Raipur,Indore,Central,LTL,CARR_09,CUST_117,2026-04-15,2026-04-14,27353.84,2388,Delivered
SHP000870,2026-05-01,2026-05-02,2026-05-06,Pune,Chennai,West,FTL,CARR_01,CUST_051,2026-05-06,2026-05-07,18414.84,860,Delivered
SHP003031,2026-02-01,2026-02-01,2026-02-07,Delhi,Raipur,North,FTL,CARR_05,CUST_119,2026-02-07,2026-02-07,10546.01,375,Delayed
SHP000490,2026-01-12,2026-01-13,2026-01-19,Guwahati,Patna,East,LTL,CARR_09,CUST_037,2026-01-19,2026-01-22,3790.85,336,Delivered
SHP001054,2026-03-23,2026-03-25,2026-03-31,Bhubaneswar,Raipur,East,PTL,CARR_13,CUST_111,2026-03-31,2026-03-28,4345.33,577,Delivered
SHP003687,2026-04-21,2026-04-22,2026-04-28,Raipur,Jaipur,Central,LTL,CARR_15,CUST_109,2026-04-28,2026-05-02,14353.21,1197,Delivered
SHP002556,2026-01-22,2026-01-24,2026-01-26,Guwahati,Raipur,East,FTL,CARR_02,CUST_007,2026-01-26,2026-01-31,11745.87,421,Delivered
SHP001187,2026-02-27,2026-02-27,2026-03-01,Lucknow,Raipur,North,FTL,CARR_13,CUST_059,2026-03-01,,58368.08,2237,In-Transit
SHP001515,2026-03-01,2026-03-01,2026-03-05,Nagpur,Bhopal,Central,FTL,CARR_13,CUST_031,2026-03-05,,28420.04,1180,In-Transit
SHP000175,2026-02-10,2026-02-13,2026-02-15,Delhi,Lucknow,North,FTL,CARR_15,CUST_110,2026-02-15,2026-02-21,41026.83,1802,Delivered
SHP003800,2026-05-18,2026-05-21,2026-05-29,Patna,Ahmedabad,East,LTL,CARR_02,CUST_023,2026-05-29,,5169.63,484,In-Transit
SHP000051,2026-03-13,2026-03-14,2026-03-19,Kolkata,Kochi,East,LTL,CARR_08,CUST_118,2026-03-19,2026-03-24,28253.27,2064,Delivered
SHP003765,2026-02-27,2026-03-02,2026-03-07,Bhubaneswar,Bhopal,East,LTL,CARR_11,CUST_014,2026-03-07,2026-03-07,30873.68,2263,Delivered
SHP003899,2026-04-10,2026-04-13,2026-04-17,Delhi,Kochi,North,LTL,CARR_13,CUST_004,2026-04-17,,28072.86,2434,In-Transit
SHP004911,2026-03-04,,2026-03-11,Mumbai,Raipur,West,PTL,CARR_15,CUST_054,2026-03-11,2026-03-08,7655.05,851,Delivered
SHP003455,2026-01-16,2026-01-16,2026-01-24,Bhopal,Indore,Central,LTL,CARR_01,CUST_003,2026-01-24,2026-01-17,4617.2,419,Delivered
SHP002612,2026-05-25,2026-05-25,2026-05-30,Jaipur,Hyderabad,North,PTL,CARR_06,CUST_015,2026-05-30,,4314.59,552,Cancelled
SHP002070,2026-01-07,2026-01-10,2026-01-16,Bhopal,Guwahati,Central,FTL,CARR_11,CUST_119,2026-01-16,2026-01-18,57711.38,2394,Delivered
SHP002405,2026-03-26,2026-03-29,2026-04-06,Bhubaneswar,Jaipur,East,LTL,CARR_09,CUST_082,2026-04-06,2026-04-08,17186.29,1599,Delayed
SHP002786,2026-01-28,2026-01-30,2026-02-06,Jaipur,Surat,North,LTL,CARR_11,CUST_104,2026-02-06,2026-02-01,11377.35,1006,Delivered
SHP001845,2026-02-28,2026-03-03,2026-03-07,Raipur,Chandigarh,Central,FTL,CARR_02,CUST_091,2026-03-07,2026-03-13,9374.48,414,Delivered
SHP004919,2026-02-07,2026-02-09,2026-02-16,Bhubaneswar,Patna,East,LTL,CARR_05,CUST_046,2026-02-16,2026-02-12,3362.13,293,Delivered
SHP003570,2026-06-25,2026-06-27,2026-07-03,Kochi,Indore,South,LTL,CARR_05,CUST_014,2026-07-03,,3077.48,276,Delivered
SHP002474,2026-05-10,2026-05-13,2026-05-17,Kochi,Surat,South,FTL,CARR_11,CUST_026,2026-05-17,,66682.73,2354,Cancelled
SHP002827,2026-01-01,2026-01-04,2026-01-06,Bhopal,Jaipur,Central,LTL,CARR_08,CUST_059,2026-01-06,2026-01-10,5281.17,485,Delivered
SHP001786,2026-01-08,2026-01-11,2026-01-15,Nagpur,Bhubaneswar,Central,FTL,CARR_13,CUST_052,2026-01-15,2026-01-21,25770.67,978,Delivered
SHP000964,2026-01-11,2026-01-11,2026-01-14,Surat,Ahmedabad,West,LTL,CARR_04,CUST_116,2026-01-14,2026-01-19,796.6,65,Delivered
SHP001034,2026-05-31,2026-06-01,2026-06-08,Delhi,Bengaluru,North,PTL,CARR_15,CUST_106,2026-06-08,2026-06-03,6253.23,842,Delayed
SHP003793,2026-06-09,2026-06-12,2026-06-17,Chandigarh,Chennai,North,LTL,CARR_11,CUST_026,2026-06-17,2026-06-22,17806.89,1299,Delivered
SHP000618,2026-01-30,2026-02-01,2026-02-03,Bhubaneswar,Raipur,East,FTL,CARR_12,CUST_061,2026-02-03,2026-02-09,51158.01,2282,Delivered
SHP001447,2026-05-16,2026-05-16,2026-05-20,Pune,Mumbai,West,FTL,CARR_03,CUST_094,2026-05-20,2026-05-15,2126.16,82,Delivered
SHP002983,2026-03-27,2026-03-27,2026-04-04,Lucknow,Raipur,North,LTL,CARR_14,CUST_043,2026-04-04,,14846.32,1364,In-Transit
SHP000534,2026-03-13,2026-03-15,2026-03-21,Bengaluru,Kochi,South,LTL,CARR_06,CUST_018,2026-03-21,,21920.16,1749,Delivered
SHP002387,2026-02-17,2026-02-18,2026-02-21,Ahmedabad,Jaipur,West,LTL,CARR_13,CUST_117,2026-02-21,2026-02-19,18034.11,1760,Delivered
SHP004585,2026-04-17,2026-04-17,2026-04-24,Pune,Kochi,West,LTL,CARR_02,CUST_030,2026-04-24,2026-04-23,11170.73,960,Delivered
SHP003663,2026-02-23,2026-02-25,2026-03-05,Bhubaneswar,Chennai,East,LTL,CARR_04,CUST_044,2026-03-05,2026-03-07,20430.54,1918,Delivered
SHP002964,2026-03-02,2026-03-03,2026-03-08,Patna,Surat,East,LTL,CARR_10,CUST_002,2026-03-08,,20863.15,1862,Cancelled
SHP000404,,2026-06-04,2026-06-09,Raipur,Lucknow,Central,FTL,CARR_06,CUST_078,2026-06-09,2026-06-10,17435.92,655,Delivered
SHP000272,2026-01-31,2026-01-31,2026-02-07,Chandigarh,Mumbai,North,PTL,CARR_09,CUST_065,2026-02-07,2026-01-28,5226.46,583,Delivered
SHP000494,2026-05-07,2026-05-09,2026-05-13,Patna,Jaipur,East,PTL,CARR_04,CUST_030,2026-05-13,2026-05-10,18551.65,2068,Delivered
SHP002465,2026-04-19,2026-04-22,2026-04-29,Lucknow,Surat,North,PTL,CARR_11,CUST_007,2026-04-29,2026-04-30,8738.49,1102,Delivered
SHP003732,2026-06-07,2026-06-08,2026-06-12,Kolkata,Kochi,East,FTL,CARR_09,CUST_042,2026-06-12,2026-06-13,66049.2,2342,Delivered
SHP000525,,2026-01-07,2026-01-12,Surat,Hyderabad,West,FTL,CARR_01,CUST_060,2026-01-12,,39112.7,1457,Cancelled
SHP000322,2026-06-28,2026-06-28,2026-07-04,Indore,Raipur,Central,LTL,CARR_03,CUST_089,2026-07-04,2026-07-05,22856.87,2207,Delivered
SHP001954,2026-03-29,2026-03-31,2026-04-07,Bhubaneswar,Indore,East,PTL,CARR_01,CUST_115,2026-04-07,2026-04-04,11636.71,1634,Delivered
SHP001067,2026-03-09,2026-03-12,2026-03-20,Guwahati,Chandigarh,East,FTL,CARR_15,CUST_006,2026-03-20,2026-03-22,49198.35,1957,Delivered
SHP002116,2026-04-22,2026-04-25,2026-05-02,Hyderabad,Bengaluru,South,PTL,CARR_06,CUST_104,2026-05-02,2026-04-30,4653.03,640,Delivered
SHP003893,2026-02-22,2026-02-23,2026-02-25,Indore,Raipur,Central,FTL,CARR_01,CUST_005,2026-02-25,2026-02-27,15252.26,715,Delayed
SHP002514,2026-06-08,2026-06-10,2026-06-18,Ahmedabad,Raipur,West,FTL,CARR_09,CUST_028,2026-06-18,2026-06-11,51118.47,1907,Delayed
SHP002890,2026-06-06,2026-06-07,2026-06-10,Raipur,Bhubaneswar,Central,FTL,CARR_02,CUST_007,2026-06-10,2026-06-11,36488.91,1522,Delivered
SHP003405,2026-04-11,2026-04-12,2026-04-19,Hyderabad,Delhi,South,LTL,CARR_08,CUST_068,2026-04-19,,3668.83,328,Delivered
SHP003530,2026-01-17,2026-01-17,2026-01-21,Hyderabad,Lucknow,South,LTL,CARR_03,CUST_118,2026-01-21,,8135.91,596,Delivered
SHP001319,2026-03-28,2026-03-30,2026-04-07,Raipur,Bhopal,Central,FTL,CARR_09,CUST_102,2026-04-07,,10931.91,386,Cancelled
SHP002283,2026-04-16,2026-04-17,2026-04-19,Hyderabad,Pune,South,LTL,CARR_11,CUST_039,2026-04-19,,13748.73,1157,Delivered
SHP000159,2026-06-03,2026-06-06,2026-06-11,Hyderabad,Kochi,South,LTL,CARR_02,CUST_058,2026-06-11,,26909.28,2238,Delayed
SHP000615,2026-04-13,2026-04-16,2026-04-23,Bengaluru,Raipur,South,FTL,CARR_14,CUST_037,2026-04-23,,14193.49,578,Delivered
SHP004641,2026-02-20,2026-02-22,2026-03-02,Surat,Ahmedabad,West,FTL,CARR_15,CUST_053,2026-03-02,,18004.97,694,In-Transit
SHP000311,2026-03-05,2026-03-06,2026-03-13,Delhi,Kochi,North,FTL,CARR_09,CUST_085,2026-03-13,2026-03-15,56914.03,2336,Delivered
SHP000227,2026-06-11,2026-06-12,2026-06-19,Pune,Patna,West,LTL,CARR_08,CUST_043,2026-06-19,2026-06-18,2932.27,287,Delivered
SHP001996,2026-06-27,2026-06-30,2026-07-07,Nagpur,Bhubaneswar,Central,LTL,CARR_11,CUST_089,2026-07-07,,15754.62,1297,Cancelled
SHP003435,2026-03-31,2026-03-31,2026-04-07,Chandigarh,Pune,North,FTL,CARR_01,CUST_031,2026-04-07,2026-04-03,36397.17,1300,Delivered
SHP000366,2026-05-05,2026-05-06,2026-05-14,Kochi,Patna,South,FTL,CARR_12,CUST_031,2026-05-14,,4406.95,185,Delivered
SHP002701,2026-05-01,2026-05-01,2026-05-09,Hyderabad,Bhopal,South,FTL,CARR_11,CUST_047,2026-05-09,,59418.14,2215,Delivered
SHP000099,2026-06-25,2026-06-28,2026-07-05,Jaipur,Indore,North,PTL,CARR_03,CUST_107,2026-07-05,2026-07-06,6963.09,796,Delivered
SHP000820,2026-02-10,2026-02-11,2026-02-13,Guwahati,Bhubaneswar,East,PTL,CARR_15,CUST_047,2026-02-13,2026-02-17,3671.28,506,Delivered
SHP001106,2026-06-28,2026-07-01,2026-07-07,Guwahati,Nagpur,East,LTL,CARR_10,CUST_051,2026-07-07,2026-07-06,19721.86,1611,Delivered
SHP001955,2026-03-22,2026-03-23,2026-03-26,Kolkata,Nagpur,East,LTL,CARR_03,CUST_089,2026-03-26,2026-03-29,4104.98,302,Delayed
SHP002664,2026-03-26,2026-03-29,2026-04-04,Ahmedabad,Jaipur,West,LTL,CARR_06,CUST_009,2026-04-04,,10111.26,921,In-Transit
SHP000612,2026-02-11,2026-02-13,2026-02-21,Delhi,Chennai,North,PTL,CARR_11,CUST_019,2026-02-21,2026-02-21,4469.21,587,Delivered
SHP002532,2026-06-02,2026-06-04,2026-06-08,Bhubaneswar,Patna,East,LTL,CARR_13,CUST_054,2026-06-08,,5067.92,403,Cancelled
SHP004791,2026-06-28,2026-06-30,2026-07-07,Bhopal,Surat,Central,FTL,CARR_14,CUST_013,2026-07-07,2026-07-01,47738.27,1950,Delivered
SHP004453,2026-06-26,2026-06-29,2026-07-07,Jaipur,Chandigarh,North,FTL,CARR_01,CUST_025,2026-07-07,,29139.86,1333,In-Transit
SHP001889,2026-02-12,,2026-02-21,Raipur,Delhi,Central,PTL,CARR_11,CUST_119,2026-02-21,2026-02-15,6482.23,890,Delivered
SHP002724,2026-04-10,2026-04-10,2026-04-15,Indore,Surat,Central,FTL,CARR_15,CUST_080,2026-04-15,,30008.22,1160,Cancelled
SHP004188,2026-02-03,2026-02-06,2026-02-12,Ahmedabad,Patna,West,LTL,CARR_02,CUST_016,2026-02-12,2026-02-16,9454.49,782,Delivered
SHP002298,2026-04-03,2026-04-04,2026-04-10,Ahmedabad,Bengaluru,West,FTL,CARR_11,CUST_002,2026-04-10,2026-04-06,51083.05,2187,Delivered
SHP001286,2026-03-05,2026-03-06,2026-03-11,Delhi,Nagpur,North,LTL,CARR_02,CUST_002,2026-03-11,,13985.15,1309,Cancelled
SHP001002,2026-04-18,2026-04-19,2026-04-26,Hyderabad,Ahmedabad,South,FTL,CARR_04,CUST_113,2026-04-26,2026-04-25,54202.41,2214,Delivered
SHP004162,2026-03-29,2026-03-29,2026-03-31,Jaipur,Jaipur,North,FTL,CARR_14,CUST_021,2026-03-31,2026-03-31,20525.51,732,Delivered
SHP003197,2026-01-31,2026-02-01,2026-02-03,Indore,Guwahati,Central,FTL,CARR_08,CUST_092,2026-02-03,2026-02-09,33210.58,1461,Delivered
SHP004587,2026-03-11,2026-03-12,2026-03-20,Chandigarh,Bengaluru,North,FTL,CARR_11,CUST_011,2026-03-20,2026-03-14,37455.16,1489,Delivered
SHP003392,2026-05-27,2026-05-27,2026-05-30,Raipur,Ahmedabad,Central,PTL,CARR_02,CUST_029,2026-05-30,2026-06-06,17411.48,2202,Delivered
SHP002559,2026-01-02,2026-01-04,2026-01-12,Indore,Delhi,Central,LTL,CARR_12,CUST_002,2026-01-12,2026-01-11,24262.61,1856,Delivered
SHP002079,2026-04-14,2026-04-15,2026-04-22,Patna,Nagpur,East,FTL,CARR_09,CUST_048,2026-04-22,2026-04-18,12593.62,545,Delivered
SHP000447,2026-03-28,2026-03-31,2026-04-02,Bhopal,Nagpur,Central,FTL,CARR_09,CUST_064,2026-04-02,2026-04-03,35852.26,1349,Delivered
SHP002619,2026-05-23,2026-05-26,2026-06-02,Nagpur,Surat,Central,LTL,CARR_11,CUST_065,2026-06-02,2026-05-27,28566.25,2324,Delivered
SHP003794,2026-02-12,2026-02-13,2026-02-16,Kochi,Hyderabad,South,PTL,CARR_10,CUST_092,2026-02-16,2026-02-15,7088.98,994,Delayed
SHP000725,2026-03-26,2026-03-27,2026-04-02,Hyderabad,Indore,South,LTL,CARR_04,CUST_120,2026-04-02,,20368.36,1990,Delivered
SHP001826,2026-06-03,2026-06-05,2026-06-12,Chandigarh,Lucknow,North,LTL,CARR_15,CUST_067,2026-06-12,2026-06-07,12535.61,1095,Delivered
SHP003233,2026-03-26,2026-03-28,2026-04-04,Lucknow,Bengaluru,North,LTL,CARR_08,CUST_013,2026-04-04,2026-04-06,9876.59,845,Delivered
SHP002928,2026-03-12,2026-03-12,2026-03-15,Surat,Indore,West,FTL,CARR_02,CUST_116,2026-03-15,2026-03-21,1329.29,51,Delivered
SHP002784,2026-05-22,2026-05-24,2026-05-26,Jaipur,Kochi,North,LTL,CARR_08,CUST_027,2026-05-26,2026-05-28,17391.24,1350,Delivered
SHP000327,2026-02-10,2026-02-12,2026-02-18,Nagpur,Pune,Central,LTL,CARR_10,CUST_118,2026-02-18,2026-02-14,30402.22,2233,Delivered
SHP001754,2026-02-18,2026-02-21,2026-02-23,Ahmedabad,Guwahati,West,FTL,CARR_08,CUST_004,2026-02-23,2026-02-23,9089.92,368,Delivered
SHP002442,2026-03-01,2026-03-02,2026-03-05,Surat,Ahmedabad,West,FTL,CARR_01,CUST_042,2026-03-05,2026-03-07,13641.52,516,Delivered
SHP002933,2026-02-17,2026-02-18,2026-02-26,Bhubaneswar,Chandigarh,East,FTL,CARR_15,CUST_021,2026-02-26,2026-02-23,37784.72,1564,Delivered
SHP004627,2026-02-05,2026-02-07,2026-02-09,Guwahati,Delhi,East,PTL,CARR_07,CUST_024,2026-02-09,2026-02-08,155130.54,1899,Delivered
SHP002555,2026-06-11,2026-06-11,2026-06-19,Bhopal,Bengaluru,Central,LTL,CARR_03,CUST_013,2026-06-19,2026-06-10,21135.35,1535,Delivered
SHP000965,2026-05-14,2026-05-14,2026-05-17,Jaipur,Mumbai,North,FTL,CARR_02,CUST_077,2026-05-17,2026-05-24,49640.65,1989,Delayed
SHP001992,2026-01-31,2026-02-01,2026-02-04,Guwahati,Mumbai,East,FTL,CARR_09,CUST_072,2026-02-04,2026-02-07,17960.68,756,Delivered
SHP000441,2026-03-08,2026-03-09,2026-03-17,Kochi,Guwahati,South,LTL,CARR_12,CUST_018,2026-03-17,,18191.92,1391,Delivered
SHP003271,2026-05-22,2026-05-24,2026-05-30,Kochi,Indore,South,FTL,CARR_08,CUST_018,2026-05-30,,37853.1,1503,Cancelled
SHP004247,2026-01-15,2026-01-16,2026-01-23,Mumbai,Pune,West,FTL,CARR_08,CUST_053,2026-01-23,2026-01-17,44915.04,2090,Delivered
SHP001885,2026-05-17,2026-05-17,2026-05-19,Nagpur,Mumbai,Central,FTL,CARR_08,CUST_036,2026-05-19,2026-05-21,30673.48,1093,Delivered
SHP003063,2026-04-04,2026-04-06,2026-04-08,Chandigarh,Raipur,North,LTL,CARR_11,CUST_084,2026-04-08,,31640.97,2454,In-Transit
SHP003874,2026-05-23,2026-05-23,2026-05-25,Bhopal,Kochi,Central,FTL,CARR_04,CUST_048,2026-05-25,,27863.44,1268,In-Transit
SHP000948,2026-01-28,2026-01-30,2026-02-03,Delhi,Chennai,North,PTL,CARR_14,CUST_063,2026-02-03,2026-02-09,15366.38,2204,Delivered
SHP001434,2026-01-02,2026-01-05,2026-01-09,Raipur,Chennai,Central,FTL,CARR_02,CUST_119,2026-01-09,2026-01-12,9803.12,362,Delivered
SHP003051,2026-05-10,2026-05-11,2026-05-13,Ahmedabad,Hyderabad,West,FTL,CARR_05,CUST_020,2026-05-13,2026-05-09,17918.53,807,Delivered
SHP002237,2026-02-21,2026-02-24,2026-02-26,Guwahati,Jaipur,East,FTL,CARR_11,CUST_076,2026-02-26,2026-03-02,58759.73,2134,Delivered
SHP001445,2026-04-15,2026-04-16,2026-04-20,Hyderabad,Surat,South,PTL,CARR_07,CUST_017,2026-04-20,,148705.0,2410,Delivered
SHP003969,2026-06-22,2026-06-25,2026-07-03,Chandigarh,Indore,North,FTL,CARR_02,CUST_082,2026-07-03,2026-06-30,35858.24,1312,Delayed
SHP002782,2026-06-13,2026-06-16,2026-06-24,Chandigarh,Indore,North,FTL,CARR_12,CUST_056,2026-06-24,2026-06-24,43550.53,1695,Delivered
SHP004409,2026-06-22,2026-06-25,2026-06-27,Raipur,Jaipur,Central,LTL,CARR_15,CUST_109,2026-06-27,,1598.0,133,In-Transit
SHP002450,2026-06-03,2026-06-05,2026-06-10,Raipur,Jaipur,Central,FTL,CARR_14,CUST_072,2026-06-10,,32694.34,1287,In-Transit
SHP004600,2026-06-19,2026-06-21,2026-06-26,Hyderabad,Ahmedabad,South,FTL,CARR_09,CUST_065,2026-06-26,,30399.9,1308,Delivered
SHP004560,2026-01-18,2026-01-18,2026-01-26,Hyderabad,Ahmedabad,South,FTL,CARR_01,CUST_100,2026-01-26,,5390.34,237,In-Transit
SHP001865,2026-04-13,2026-04-16,2026-04-19,Patna,Nagpur,East,PTL,CARR_11,CUST_104,2026-04-19,2026-04-18,14361.61,1608,Delivered
SHP001158,2026-01-16,2026-01-19,2026-01-25,Indore,Bengaluru,Central,FTL,CARR_02,CUST_005,2026-01-25,2026-01-27,51555.09,2415,Delivered
SHP000844,2026-02-18,2026-02-19,2026-02-21,Kochi,Bhopal,South,LTL,CARR_09,CUST_099,2026-02-21,2026-02-25,24387.51,2379,Delivered
SHP000163,2026-04-20,2026-04-23,2026-05-01,Chennai,Nagpur,South,LTL,CARR_06,CUST_072,2026-05-01,,21306.34,1709,Delivered
SHP003550,2026-01-16,2026-01-19,2026-01-26,Kochi,Guwahati,South,LTL,CARR_04,CUST_060,2026-01-26,,18814.22,1394,Delivered
SHP004879,2026-04-12,2026-04-14,2026-04-18,Delhi,Kochi,North,FTL,CARR_11,CUST_031,2026-04-18,,48469.69,2000,In-Transit
SHP002490,2026-01-27,2026-01-28,2026-02-02,Chandigarh,Nagpur,North,FTL,CARR_12,CUST_106,2026-02-02,2026-01-31,54552.29,2136,Delivered
SHP002162,2026-01-13,2026-01-14,2026-01-20,Bhubaneswar,Mumbai,East,LTL,CARR_01,CUST_054,2026-01-20,2026-01-24,3790.63,365,Delivered
SHP001570,2026-02-17,2026-02-19,2026-02-21,Mumbai,Bhopal,West,FTL,CARR_11,CUST_003,2026-02-21,,35598.27,1593,Cancelled
SHP004668,2026-03-15,2026-03-17,2026-03-23,Guwahati,Raipur,East,PTL,CARR_02,CUST_001,2026-03-23,2026-03-24,16805.46,2321,Delayed
SHP001649,2026-01-21,2026-01-23,2026-01-25,Lucknow,Bhubaneswar,North,PTL,CARR_12,CUST_080,2026-01-25,2026-01-27,8136.67,1091,Delivered
SHP001677,2026-03-02,2026-03-05,2026-03-09,Chandigarh,Lucknow,North,LTL,CARR_04,CUST_024,2026-03-09,2026-03-11,1148.74,109,Delivered
SHP003128,2026-03-17,2026-03-20,2026-03-26,Pune,Surat,West,FTL,CARR_12,CUST_013,2026-03-26,2026-03-25,51431.17,1980,Delivered
SHP000267,2026-02-27,2026-03-02,2026-03-10,Surat,Kolkata,West,LTL,CARR_07,CUST_117,2026-03-10,2026-03-08,173616.65,1463,Delivered
SHP003729,2026-01-25,2026-01-28,2026-01-31,Nagpur,Chennai,Central,LTL,CARR_09,CUST_072,2026-01-31,2026-01-30,24122.24,1922,Delivered
SHP002288,2026-01-26,2026-01-28,2026-01-31,Patna,Delhi,East,LTL,CARR_04,CUST_075,2026-01-31,2026-01-31,4725.97,349,Delivered
SHP003194,2026-04-19,2026-04-22,2026-04-26,Bengaluru,Bengaluru,South,LTL,CARR_07,CUST_058,2026-04-26,,253126.63,2171,In-Transit
SHP003895,2026-03-17,2026-03-19,2026-03-24,Mumbai,Patna,West,FTL,CARR_07,CUST_018,2026-03-24,,557781.64,2075,Cancelled
SHP004241,2026-01-13,2026-01-16,2026-01-22,Chandigarh,Chandigarh,North,FTL,CARR_04,CUST_026,2026-01-22,2026-01-24,3253.39,122,Delivered
SHP003252,2026-01-23,2026-01-26,2026-01-28,Kochi,Patna,South,FTL,CARR_06,CUST_115,2026-01-28,,54287.82,2058,Delivered
SHP003139,2026-02-22,2026-02-24,2026-02-28,Raipur,Bhopal,Central,FTL,CARR_13,CUST_061,2026-02-28,2026-03-06,21571.84,847,Delayed
SHP002887,2026-05-19,2026-05-19,2026-05-25,Bengaluru,Bengaluru,South,LTL,CARR_01,CUST_110,2026-05-25,,10132.42,746,Delivered
SHP000920,2026-01-03,2026-01-03,2026-01-09,Lucknow,Bengaluru,North,PTL,CARR_10,CUST_008,2026-01-09,2026-01-09,8866.23,1185,Delivered
SHP000991,2026-01-14,2026-01-15,2026-01-23,Raipur,Delhi,Central,LTL,CARR_03,CUST_116,2026-01-23,2026-01-24,6266.93,513,Delivered
SHP004370,2026-04-15,2026-04-16,2026-04-18,Bhubaneswar,Nagpur,East,FTL,CARR_10,CUST_009,2026-04-18,2026-04-24,32498.8,1253,Delivered
SHP000958,2026-05-08,2026-05-09,2026-05-16,Raipur,Jaipur,Central,LTL,CARR_11,CUST_007,2026-05-16,2026-05-18,25975.8,2312,Delivered
SHP004069,2026-06-17,2026-06-18,2026-06-22,Indore,Kolkata,Central,FTL,CARR_13,CUST_056,2026-06-22,2026-06-21,52557.04,2264,Delivered
SHP002710,2026-04-09,2026-04-09,2026-04-17,Bengaluru,Hyderabad,South,PTL,CARR_06,CUST_115,2026-04-17,,15322.81,1782,Cancelled
SHP001501,2026-02-25,2026-02-26,2026-03-02,Kochi,Ahmedabad,South,PTL,CARR_02,CUST_056,2026-03-02,,14759.29,2015,Delivered
SHP002149,2026-05-28,2026-05-28,2026-06-02,Chandigarh,Lucknow,North,PTL,CARR_07,CUST_082,2026-06-02,2026-05-31,121677.86,2060,Delivered
SHP002630,2026-03-04,2026-03-07,2026-03-12,Nagpur,Bhubaneswar,Central,LTL,CARR_12,CUST_066,2026-03-12,,29883.93,2337,In-Transit
SHP001884,2026-01-30,2026-02-01,2026-02-09,Hyderabad,Hyderabad,South,FTL,CARR_02,CUST_012,2026-02-09,,32606.54,1379,Delivered
SHP004956,2026-05-13,2026-05-14,2026-05-16,Bhubaneswar,Bhopal,East,PTL,CARR_05,CUST_085,2026-05-16,2026-05-16,8288.71,936,Delivered
SHP000981,2026-04-19,2026-04-21,2026-04-27,Kolkata,Pune,East,FTL,CARR_12,CUST_040,2026-04-27,2026-04-26,22512.83,867,Delivered
SHP000132,2026-05-11,2026-05-14,2026-05-19,Raipur,Chandigarh,Central,LTL,CARR_08,CUST_012,2026-05-19,2026-05-15,7108.14,590,Delivered
SHP002382,2026-04-25,2026-04-28,2026-05-03,Bhopal,Chennai,Central,FTL,CARR_09,CUST_091,2026-05-03,2026-05-06,38997.96,1812,Delivered
SHP003364,,2026-02-16,2026-02-24,Bhubaneswar,Jaipur,East,FTL,CARR_14,CUST_112,2026-02-24,2026-02-18,55541.85,2469,Delivered
SHP001276,2026-05-12,2026-05-12,2026-05-18,Patna,Patna,East,LTL,CARR_13,CUST_101,2026-05-18,2026-05-14,31434.72,2362,Delivered
SHP004006,2026-03-14,2026-03-16,2026-03-19,Indore,Ahmedabad,Central,PTL,CARR_12,CUST_002,2026-03-19,,7593.47,1107,In-Transit
SHP001180,2026-06-18,2026-06-21,2026-06-24,Pune,Hyderabad,West,PTL,CARR_12,CUST_011,2026-06-24,,7109.1,873,In-Transit
SHP003304,2026-03-04,2026-03-07,2026-03-15,Ahmedabad,Bhopal,West,FTL,CARR_06,CUST_028,2026-03-15,,16778.01,784,In-Transit
SHP001010,2026-03-21,2026-03-21,2026-03-29,Kochi,Bhubaneswar,South,FTL,CARR_01,CUST_010,2026-03-29,,57402.44,2204,Delivered
SHP004931,2026-05-04,2026-05-07,2026-05-11,Bhopal,Bhubaneswar,Central,PTL,CARR_03,CUST_071,2026-05-11,2026-05-16,3679.93,457,Delivered
SHP003172,2026-04-09,2026-04-10,2026-04-15,Kochi,Hyderabad,South,LTL,CARR_08,CUST_111,2026-04-15,,23473.73,2023,Delivered
SHP000783,2026-06-30,2026-07-01,2026-07-08,Ahmedabad,Kochi,West,LTL,CARR_01,CUST_105,2026-07-08,2026-07-05,12364.87,1098,Delivered
SHP002666,2026-02-01,2026-02-02,2026-02-05,Kochi,Lucknow,South,FTL,CARR_05,CUST_107,2026-02-05,,32748.1,1266,Delivered
SHP001591,2026-05-11,2026-05-11,2026-05-15,Bhopal,Bhopal,Central,FTL,CARR_09,CUST_094,2026-05-15,2026-05-16,7142.39,329,Delivered
SHP003509,2026-04-25,2026-04-25,2026-05-01,Lucknow,Kolkata,North,LTL,CARR_01,CUST_049,2026-05-01,2026-04-26,5635.53,478,Delivered
SHP001734,2026-01-21,2026-01-24,2026-01-28,Ahmedabad,Bengaluru,West,FTL,CARR_11,CUST_026,2026-01-28,2026-01-30,36046.85,1400,Delivered
SHP000835,2026-06-17,2026-06-19,2026-06-25,Lucknow,Bhopal,North,PTL,CARR_02,CUST_085,2026-06-25,2026-06-28,20407.13,2405,Delivered
SHP002939,2026-06-17,2026-06-19,2026-06-22,Delhi,Jaipur,North,FTL,CARR_07,CUST_023,2026-06-22,2026-06-21,456449.16,1781,Delayed
SHP001417,2026-03-06,2026-03-08,2026-03-15,Hyderabad,Raipur,South,LTL,CARR_03,CUST_083,2026-03-15,,27336.89,2034,Delivered
SHP002812,2026-06-12,2026-06-13,2026-06-15,Bhubaneswar,Guwahati,East,FTL,CARR_07,CUST_028,2026-06-15,2026-06-22,26457.97,94,Delivered
SHP001780,2026-05-30,2026-06-01,2026-06-08,Jaipur,Patna,North,LTL,CARR_08,CUST_077,2026-06-08,2026-06-11,16676.52,1274,Delivered
SHP001686,2026-06-11,2026-06-11,2026-06-17,Indore,Indore,Central,PTL,CARR_15,CUST_062,2026-06-17,2026-06-15,15707.34,1798,Delivered
SHP003822,2026-02-14,2026-02-16,2026-02-21,Kochi,Bengaluru,South,LTL,CARR_13,CUST_067,2026-02-21,,29185.09,2432,Delivered
SHP000845,2026-02-27,2026-02-28,2026-03-04,Lucknow,Pune,North,PTL,CARR_09,CUST_009,2026-03-04,2026-03-04,12671.79,1847,Delivered
SHP003584,2026-05-06,2026-05-06,2026-05-08,Bhopal,Mumbai,Central,LTL,CARR_08,CUST_081,2026-05-08,2026-05-10,9986.32,728,Delayed
SHP004202,2026-04-11,2026-04-11,2026-04-14,Pune,Jaipur,West,FTL,CARR_03,CUST_018,2026-04-14,2026-04-18,28203.25,1306,Delivered
SHP002767,2026-06-14,2026-06-15,2026-06-17,Bhubaneswar,Indore,East,FTL,CARR_12,CUST_037,2026-06-17,2026-06-16,46419.68,2106,Delivered
SHP000651,2026-01-30,2026-01-30,2026-02-05,Raipur,Delhi,Central,LTL,CARR_02,CUST_029,2026-02-05,2026-01-31,12607.9,1140,Delivered
SHP001811,2026-03-05,2026-03-07,2026-03-11,Mumbai,Bhubaneswar,West,FTL,CARR_09,CUST_063,2026-03-11,2026-03-13,7051.12,265,Delivered
SHP000435,2026-03-22,2026-03-24,2026-03-31,Guwahati,Chandigarh,East,LTL,CARR_13,CUST_104,2026-03-31,,21577.4,1647,In-Transit
SHP001524,2026-05-28,2026-05-28,2026-05-31,Delhi,Hyderabad,North,LTL,CARR_04,CUST_029,2026-05-31,2026-06-01,8781.38,763,Delivered
SHP001674,2026-05-29,2026-06-01,2026-06-08,Kolkata,Raipur,East,LTL,CARR_05,CUST_047,2026-06-08,2026-06-04,16002.46,1186,Delivered
SHP001103,2026-03-09,2026-03-09,2026-03-11,Chandigarh,Bhubaneswar,North,LTL,CARR_08,CUST_019,2026-03-11,2026-03-19,20487.95,1806,Delivered
SHP001504,2026-02-23,2026-02-25,2026-03-05,Patna,Raipur,East,LTL,CARR_01,CUST_060,2026-03-05,2026-03-02,21514.12,1624,Delivered
SHP004987,2026-05-20,2026-05-20,2026-05-23,Bhopal,Surat,Central,PTL,CARR_15,CUST_002,2026-05-23,2026-05-22,15067.48,2132,Delayed
SHP003664,2026-02-26,,2026-03-03,Chennai,Hyderabad,South,PTL,CARR_14,CUST_100,2026-03-03,,6259.41,795,Delivered
SHP000337,2026-03-04,2026-03-06,2026-03-13,Surat,Surat,West,FTL,CARR_10,CUST_001,2026-03-13,2026-03-16,63926.32,2333,Delivered
SHP001971,2026-03-04,2026-03-07,2026-03-13,Ahmedabad,Patna,West,LTL,CARR_11,CUST_022,2026-03-13,2026-03-13,939.09,71,Delivered
SHP000848,2026-03-30,2026-04-02,2026-04-05,Guwahati,Pune,East,LTL,CARR_10,CUST_033,2026-04-05,2026-04-10,23170.66,1910,Delivered
SHP000331,2026-04-08,2026-04-10,2026-04-16,Guwahati,Kochi,East,LTL,CARR_01,CUST_078,2026-04-16,2026-04-17,29511.78,2392,Delivered
SHP000627,2026-04-29,2026-05-02,2026-05-04,Raipur,Chandigarh,Central,PTL,CARR_02,CUST_045,2026-05-04,2026-05-09,13744.8,1584,Delivered
SHP000299,2026-02-16,2026-02-17,2026-02-19,Bhubaneswar,Indore,East,LTL,CARR_14,CUST_009,2026-02-19,2026-02-22,23791.63,1915,Delivered
SHP004285,2026-05-27,2026-05-29,2026-06-02,Delhi,Chandigarh,North,PTL,CARR_11,CUST_032,2026-06-02,2026-05-31,4914.16,584,Delivered
SHP000214,2026-05-30,2026-05-30,2026-06-05,Lucknow,Lucknow,North,FTL,CARR_10,CUST_076,2026-06-05,,12567.25,463,Cancelled
SHP003178,2026-03-25,2026-03-28,2026-04-01,Jaipur,Kochi,North,LTL,CARR_13,CUST_062,2026-04-01,2026-04-06,33574.74,2446,Delayed
SHP000505,2026-01-11,2026-01-14,2026-01-16,Bhubaneswar,Ahmedabad,East,FTL,CARR_08,CUST_113,2026-01-16,2026-01-18,25470.54,963,Delivered
SHP003459,2026-02-03,2026-02-06,2026-02-11,Bhopal,Nagpur,Central,FTL,CARR_09,CUST_114,2026-02-11,2026-02-12,13922.58,546,Delivered
SHP001719,2026-01-22,2026-01-22,2026-01-27,Ahmedabad,Patna,West,FTL,CARR_05,CUST_088,2026-01-27,,13447.52,478,In-Transit
SHP004997,2026-02-24,2026-02-27,2026-03-02,Indore,Surat,Central,PTL,CARR_03,CUST_085,2026-03-02,2026-03-02,16857.74,2409,Delivered
SHP002990,2026-06-12,2026-06-13,2026-06-18,Bhubaneswar,Kolkata,East,FTL,CARR_05,CUST_075,2026-06-18,2026-06-23,39603.1,1529,Delivered
SHP003669,2026-05-29,2026-05-31,2026-06-06,Kochi,Surat,South,FTL,CARR_14,CUST_041,2026-06-06,,19855.5,906,Delivered
SHP001527,2026-01-24,2026-01-26,2026-01-31,Indore,Kochi,Central,PTL,CARR_06,CUST_052,2026-01-31,2026-01-29,13111.83,1705,Delivered
SHP001165,2026-02-17,2026-02-17,2026-02-22,Pune,Chandigarh,West,LTL,CARR_06,CUST_067,2026-02-22,2026-02-22,26097.08,1947,Delivered
SHP002275,2026-01-28,2026-01-31,2026-02-06,Pune,Kolkata,West,PTL,CARR_09,CUST_047,2026-02-06,,12511.3,1633,In-Transit
SHP001720,2026-02-01,2026-02-04,2026-02-07,Delhi,Nagpur,North,FTL,CARR_05,CUST_018,2026-02-07,2026-02-13,48252.36,1759,Delayed
SHP002202,2026-04-07,2026-04-10,2026-04-16,Patna,Lucknow,East,FTL,CARR_05,CUST_108,2026-04-16,2026-04-19,53065.87,2027,Delivered
SHP003101,2026-05-07,2026-05-09,2026-05-13,Surat,Hyderabad,West,PTL,CARR_09,CUST_047,2026-05-13,2026-05-10,1288.84,142,Delivered
SHP000711,2026-04-02,2026-04-05,2026-04-07,Hyderabad,Surat,South,LTL,CARR_07,CUST_077,2026-04-07,,115603.18,946,In-Transit
SHP003415,2026-04-27,2026-04-29,2026-05-03,Jaipur,Surat,North,FTL,CARR_10,CUST_101,2026-05-03,2026-05-08,34746.91,1421,Delivered
SHP002156,2026-03-25,2026-03-25,2026-03-31,Surat,Mumbai,West,PTL,CARR_09,CUST_041,2026-03-31,2026-04-01,8559.01,1165,Delayed
SHP000119,2026-03-20,2026-03-20,2026-03-25,Mumbai,Bhubaneswar,West,LTL,CARR_07,CUST_075,2026-03-25,,173161.3,1137,In-Transit
SHP000164,2026-02-22,2026-02-24,2026-03-02,Kochi,Raipur,South,FTL,CARR_12,CUST_028,2026-03-02,,12696.76,466,Delivered
SHP004351,2026-04-20,2026-04-20,2026-04-25,Nagpur,Bengaluru,Central,PTL,CARR_02,CUST_110,2026-04-25,2026-04-28,4746.41,620,Delivered
SHP000158,2026-02-23,2026-02-26,2026-03-06,Chennai,Bhopal,South,PTL,CARR_08,CUST_091,2026-03-06,,2918.92,333,In-Transit
SHP003603,2026-06-28,2026-06-29,2026-07-01,Indore,Delhi,Central,PTL,CARR_06,CUST_114,2026-07-01,2026-06-30,8394.32,1136,Delivered
SHP000842,2026-05-26,2026-05-28,2026-06-05,Hyderabad,Ahmedabad,South,LTL,CARR_05,CUST_110,2026-06-05,,6264.08,539,Delayed
SHP003476,2026-06-25,2026-06-27,2026-07-01,Hyderabad,Guwahati,South,FTL,CARR_10,CUST_009,2026-07-01,,3829.58,150,Delivered
SHP004269,2026-03-13,2026-03-13,2026-03-21,Kolkata,Guwahati,East,FTL,CARR_06,CUST_030,2026-03-21,2026-03-14,16278.53,664,Delayed
SHP000347,2026-05-15,2026-05-17,2026-05-20,Bhopal,Pune,Central,FTL,CARR_15,CUST_062,2026-05-20,2026-05-23,12392.05,452,Delayed
SHP004002,2026-02-24,2026-02-27,2026-03-02,Mumbai,Mumbai,West,FTL,CARR_11,CUST_061,2026-03-02,2026-03-02,49408.77,2302,Delivered
SHP002858,2026-04-05,2026-04-08,2026-04-13,Ahmedabad,Surat,West,LTL,CARR_09,CUST_081,2026-04-13,2026-04-14,25455.23,2477,Delivered
SHP004655,2026-05-31,2026-06-02,2026-06-05,Bengaluru,Chennai,South,LTL,CARR_02,CUST_020,2026-06-05,,29461.45,2396,Delivered
SHP003064,2026-04-16,2026-04-17,2026-04-22,Kochi,Mumbai,South,FTL,CARR_04,CUST_042,2026-04-22,,23311.21,815,Delivered
SHP000345,2026-06-10,2026-06-11,2026-06-17,Kolkata,Hyderabad,East,PTL,CARR_06,CUST_049,2026-06-17,2026-06-21,11925.77,1645,Delivered
SHP001644,2026-04-03,2026-04-05,2026-04-10,Nagpur,Bengaluru,Central,FTL,CARR_03,CUST_061,2026-04-10,2026-04-13,44389.27,1961,Delivered
SHP004608,2026-06-04,2026-06-07,2026-06-09,Bengaluru,Indore,South,PTL,CARR_09,CUST_027,2026-06-09,,1633.22,211,Delivered
SHP002972,2026-01-24,2026-01-26,2026-02-01,Hyderabad,Ahmedabad,South,LTL,CARR_10,CUST_019,2026-02-01,2026-02-02,27884.73,2127,Delayed
SHP001671,2026-03-29,2026-03-29,2026-04-06,Patna,Nagpur,East,FTL,CARR_06,CUST_100,2026-04-06,2026-04-06,25365.6,1165,Delivered
SHP000575,2026-05-16,2026-05-16,2026-05-21,Bengaluru,Ahmedabad,South,FTL,CARR_12,CUST_085,2026-05-21,,19468.6,740,Delayed
SHP001666,2026-04-21,2026-04-21,2026-04-24,Bhopal,Bhopal,Central,PTL,CARR_15,CUST_002,2026-04-24,2026-04-29,10364.5,1333,Delivered
SHP000472,2026-06-29,2026-07-01,2026-07-05,Bengaluru,Indore,South,LTL,CARR_15,CUST_088,2026-07-05,,1080.53,82,Delayed
SHP004541,2026-02-14,2026-02-17,2026-02-23,Surat,Chandigarh,West,PTL,CARR_14,CUST_093,2026-02-23,2026-02-22,17437.85,2489,Delivered
SHP001339,2026-02-21,2026-02-21,2026-02-26,Raipur,Delhi,Central,FTL,CARR_01,CUST_090,2026-02-26,2026-03-03,63296.54,2305,Delivered
SHP003959,2026-04-28,2026-04-30,2026-05-05,Pune,Raipur,West,FTL,CARR_09,CUST_074,2026-05-05,2026-05-05,3187.37,144,Delivered
SHP003442,2026-01-05,2026-01-08,2026-01-13,Jaipur,Bhubaneswar,North,LTL,CARR_01,CUST_084,2026-01-13,2026-01-14,17030.01,1436,Delivered
SHP002261,2026-03-24,2026-03-25,2026-03-27,Chandigarh,Patna,North,LTL,CARR_07,CUST_017,2026-03-27,2026-04-03,99545.3,1182,Delivered
SHP002551,2026-02-28,2026-02-28,2026-03-03,Indore,Pune,Central,FTL,CARR_03,CUST_060,2026-03-03,,17361.27,675,Cancelled
SHP000757,2026-03-11,2026-03-11,2026-03-14,Kolkata,Raipur,East,PTL,CARR_11,CUST_037,2026-03-14,2026-03-18,1093.29,126,Delivered
SHP001404,2026-03-26,2026-03-27,2026-04-04,Delhi,Raipur,North,LTL,CARR_09,CUST_056,2026-04-04,,17675.68,1399,In-Transit
SHP000661,2026-04-21,2026-04-21,2026-04-24,Patna,Jaipur,East,FTL,CARR_12,CUST_026,2026-04-24,2026-04-26,4488.59,181,Delivered
SHP004095,2026-03-22,2026-03-25,2026-04-02,Jaipur,Bhopal,North,LTL,CARR_15,CUST_001,2026-04-02,2026-03-30,29431.8,2436,Delivered
SHP001908,2026-01-19,2026-01-20,2026-01-25,Chandigarh,Chennai,North,LTL,CARR_11,CUST_110,2026-01-25,,6893.19,650,Cancelled
SHP001119,2026-01-22,2026-01-25,2026-02-02,Ahmedabad,Raipur,West,LTL,CARR_10,CUST_094,2026-02-02,2026-02-02,21757.62,1680,Delivered
SHP000348,2026-06-25,2026-06-25,2026-06-30,Surat,Bhopal,West,FTL,CARR_15,CUST_006,2026-06-30,,5241.54,238,In-Transit
SHP002424,2026-04-26,2026-04-29,2026-05-03,Ahmedabad,Guwahati,West,FTL,CARR_14,CUST_084,2026-05-03,2026-04-30,69853.5,2460,Delivered
SHP000177,2026-04-24,2026-04-24,2026-05-01,Kochi,Chandigarh,South,LTL,CARR_09,CUST_088,2026-05-01,,19147.3,1457,Delayed
SHP004562,2026-03-31,2026-04-01,2026-04-04,Bhubaneswar,Pune,East,LTL,CARR_14,CUST_022,2026-04-04,2026-04-02,14408.25,1145,Delivered
SHP004728,2026-04-04,2026-04-04,2026-04-09,Bhubaneswar,Nagpur,East,FTL,CARR_05,CUST_015,2026-04-09,2026-04-12,26517.27,1057,Delivered
SHP004995,2026-03-26,2026-03-29,2026-04-06,Kolkata,Kochi,East,LTL,CARR_14,CUST_103,2026-04-06,,8891.05,756,Cancelled
SHP004938,2026-06-11,2026-06-14,2026-06-16,Ahmedabad,Bengaluru,West,LTL,CARR_03,CUST_120,2026-06-16,,33387.12,2457,In-Transit
SHP002201,2026-05-09,2026-05-12,2026-05-20,Guwahati,Mumbai,East,FTL,CARR_01,CUST_016,2026-05-20,2026-05-20,2436.09,106,Delivered
SHP000060,2026-04-06,2026-04-09,2026-04-12,Kolkata,Jaipur,East,LTL,CARR_05,CUST_046,2026-04-12,2026-04-12,25995.53,2225,Delivered
SHP003300,2026-05-20,2026-05-22,2026-05-30,Lucknow,Nagpur,North,PTL,CARR_06,CUST_067,2026-05-30,2026-05-31,9805.18,1169,Delivered
SHP003552,2026-06-02,2026-06-04,2026-06-06,Indore,Bhubaneswar,Central,FTL,CARR_07,CUST_106,2026-06-06,,479719.12,1494,In-Transit
SHP002717,2026-04-26,2026-04-27,2026-05-02,Delhi,Chandigarh,North,FTL,CARR_09,CUST_056,2026-05-02,2026-04-28,38491.71,1504,Delivered
SHP002124,2026-05-06,2026-05-06,2026-05-09,Kochi,Surat,South,LTL,CARR_04,CUST_024,2026-05-09,,9820.56,898,Delivered
SHP000977,2026-03-15,2026-03-16,2026-03-20,Lucknow,Indore,North,FTL,CARR_02,CUST_113,2026-03-20,2026-03-21,18945.76,775,Delivered
SHP004654,2026-04-06,2026-04-07,2026-04-11,Kolkata,Bengaluru,East,FTL,CARR_07,CUST_119,2026-04-11,2026-04-15,71283.67,276,Delivered
SHP004883,2026-03-26,2026-03-26,2026-04-03,Jaipur,Kochi,North,FTL,CARR_15,CUST_088,2026-04-03,2026-04-01,37986.57,1606,Delivered
SHP001831,2026-01-10,2026-01-11,2026-01-19,Jaipur,Kolkata,North,LTL,CARR_12,CUST_093,2026-01-19,2026-01-21,24233.79,2081,Delivered
SHP004611,2026-06-26,2026-06-28,2026-07-02,Delhi,Patna,North,FTL,CARR_04,CUST_039,2026-07-02,2026-07-07,19053.7,803,Delivered
SHP004623,2026-03-04,,2026-03-08,Chandigarh,Bengaluru,North,PTL,CARR_08,CUST_098,2026-03-08,2026-03-11,12887.86,1546,Delivered
SHP001135,2026-01-08,2026-01-10,2026-01-15,Bhopal,Surat,Central,LTL,CARR_02,CUST_047,2026-01-15,,9078.93,789,Cancelled
SHP001700,2026-01-08,2026-01-09,2026-01-14,Patna,Surat,East,LTL,CARR_15,CUST_106,2026-01-14,2026-01-17,22919.62,1957,Delivered
SHP001193,2026-02-20,2026-02-23,2026-02-27,Mumbai,Pune,West,PTL,CARR_04,CUST_016,2026-02-27,2026-03-05,12642.55,1487,Delivered
SHP003237,2026-05-06,2026-05-08,2026-05-13,Ahmedabad,Surat,West,LTL,CARR_04,CUST_070,2026-05-13,2026-05-13,21644.43,2065,Delivered
SHP001809,2026-05-04,2026-05-07,2026-05-11,Hyderabad,Raipur,South,LTL,CARR_15,CUST_089,2026-05-11,,14238.45,1070,Delivered
SHP000941,2026-01-21,2026-01-24,2026-01-30,Chandigarh,Pune,North,PTL,CARR_08,CUST_015,2026-01-30,2026-01-30,13916.4,1574,Delayed
SHP003521,2026-01-02,2026-01-02,2026-01-05,Hyderabad,Patna,South,PTL,CARR_15,CUST_109,2026-01-05,,6739.0,925,In-Transit
SHP001468,2026-05-27,2026-05-30,2026-06-07,Nagpur,Chandigarh,Central,PTL,CARR_12,CUST_099,2026-06-07,,19276.55,2268,Cancelled
SHP002408,2026-06-24,,2026-06-29,Chennai,Lucknow,South,FTL,CARR_14,CUST_023,2026-06-29,,56166.34,2199,Delivered
SHP002763,2026-01-20,2026-01-22,2026-01-25,Lucknow,Bengaluru,North,PTL,CARR_06,CUST_086,2026-01-25,2026-01-24,8009.43,956,Delivered
SHP001049,2026-02-20,2026-02-22,2026-02-25,Bhopal,Lucknow,Central,LTL,CARR_03,CUST_007,2026-02-25,2026-03-04,15041.0,1152,Delivered
SHP001465,2026-06-09,2026-06-11,2026-06-18,Chandigarh,Mumbai,North,FTL,CARR_06,CUST_022,2026-06-18,,26876.14,1228,Cancelled
SHP001385,2026-06-13,,2026-06-17,Nagpur,Bhubaneswar,Central,PTL,CARR_14,CUST_100,2026-06-17,2026-06-21,18948.25,2448,Delivered
SHP001655,2026-03-10,2026-03-12,2026-03-20,Delhi,Mumbai,North,LTL,CARR_07,CUST_031,2026-03-20,2026-03-13,273953.62,2233,Delivered
SHP002318,2026-03-03,2026-03-06,2026-03-13,Delhi,Hyderabad,North,LTL,CARR_05,CUST_116,2026-03-13,2026-03-15,22031.9,1622,Delivered
SHP001111,2026-05-10,2026-05-10,2026-05-13,Lucknow,Bhubaneswar,North,PTL,CARR_04,CUST_101,2026-05-13,2026-05-17,9237.74,1043,Delivered
SHP000620,2026-01-14,2026-01-14,2026-01-18,Guwahati,Pune,East,LTL,CARR_05,CUST_024,2026-01-18,2026-01-21,13663.08,1266,Delivered
SHP001696,2026-02-25,2026-02-28,2026-03-05,Surat,Guwahati,West,LTL,CARR_01,CUST_115,2026-03-05,2026-03-06,6750.76,650,Delivered
SHP002307,2026-03-24,2026-03-25,2026-03-27,Guwahati,Nagpur,East,LTL,CARR_11,CUST_018,2026-03-27,2026-03-28,18697.53,1497,Delivered
SHP002117,2026-05-13,2026-05-13,2026-05-20,Lucknow,Guwahati,North,FTL,CARR_11,CUST_104,2026-05-20,2026-05-15,50930.02,2252,Delivered
SHP001866,2026-03-07,2026-03-09,2026-03-16,Patna,Hyderabad,East,FTL,CARR_10,CUST_054,2026-03-16,2026-03-14,50877.19,2180,Delayed
SHP004979,2026-05-16,2026-05-18,2026-05-25,Bhopal,Indore,Central,FTL,CARR_10,CUST_109,2026-05-25,2026-05-25,29743.62,1052,Delivered
SHP002638,2026-01-20,2026-01-21,2026-01-26,Nagpur,Hyderabad,Central,FTL,CARR_01,CUST_054,2026-01-26,2026-01-30,33049.69,1420,Delivered
SHP001921,2026-06-27,2026-06-29,2026-07-07,Raipur,Guwahati,Central,FTL,CARR_08,CUST_087,2026-07-07,,42090.58,1779,Cancelled
SHP001651,2026-04-28,2026-04-30,2026-05-07,Jaipur,Chandigarh,North,FTL,CARR_11,CUST_089,2026-05-07,,8365.54,331,In-Transit
SHP001444,2026-06-23,2026-06-24,2026-06-26,Bhubaneswar,Mumbai,East,PTL,CARR_11,CUST_115,2026-06-26,2026-06-28,16059.4,1867,Delivered
SHP002332,2026-02-10,2026-02-13,2026-02-21,Mumbai,Lucknow,West,PTL,CARR_13,CUST_022,2026-02-21,2026-02-23,6359.04,767,Delivered
SHP001631,2026-06-06,2026-06-07,2026-06-11,Indore,Chennai,Central,LTL,CARR_11,CUST_053,2026-06-11,,13976.72,1048,In-Transit
SHP000477,2026-02-03,2026-02-06,2026-02-11,Kochi,Mumbai,South,FTL,CARR_07,CUST_114,2026-02-11,,89563.54,369,Delivered
SHP000734,2026-02-03,2026-02-03,2026-02-11,Jaipur,Chandigarh,North,LTL,CARR_03,CUST_112,2026-02-11,2026-02-10,5606.56,539,Delivered
SHP003188,2026-03-23,2026-03-23,2026-03-25,Chandigarh,Pune,North,PTL,CARR_10,CUST_006,2026-03-25,2026-03-24,3131.71,363,Delayed
SHP000112,2026-04-17,2026-04-20,2026-04-23,Ahmedabad,Mumbai,West,LTL,CARR_03,CUST_057,2026-04-23,2026-04-28,17870.08,1443,Delivered
SHP000714,2026-05-18,2026-05-19,2026-05-25,Jaipur,Surat,North,FTL,CARR_15,CUST_022,2026-05-25,2026-05-21,31106.76,1400,Delivered
SHP003939,2026-03-18,2026-03-19,2026-03-27,Hyderabad,Hyderabad,South,LTL,CARR_07,CUST_086,2026-03-27,,63508.74,573,In-Transit
SHP002649,2026-06-10,2026-06-13,2026-06-18,Indore,Bhubaneswar,Central,LTL,CARR_02,CUST_068,2026-06-18,2026-06-21,2787.24,237,Delivered
SHP004800,2026-02-13,2026-02-13,2026-02-17,Bengaluru,Nagpur,South,LTL,CARR_12,CUST_101,2026-02-17,,17674.17,1322,Delivered
SHP003311,2026-01-13,2026-01-15,2026-01-18,Patna,Kochi,East,PTL,CARR_06,CUST_075,2026-01-18,,11032.1,1510,Cancelled
SHP002700,2026-02-02,2026-02-03,2026-02-07,Nagpur,Lucknow,Central,LTL,CARR_03,CUST_016,2026-02-07,2026-02-10,24307.83,2122,Delivered
SHP001505,2026-05-05,2026-05-07,2026-05-09,Indore,Indore,Central,LTL,CARR_15,CUST_081,2026-05-09,2026-05-06,18657.68,1789,Delivered
SHP002462,2026-02-14,2026-02-17,2026-02-20,Chennai,Kochi,South,LTL,CARR_02,CUST_104,2026-02-20,,11610.38,1091,Delivered
SHP000351,2026-06-30,2026-07-03,2026-07-07,Delhi,Mumbai,North,FTL,CARR_07,CUST_023,2026-07-07,,277439.32,1329,In-Transit
SHP000947,2026-04-04,2026-04-06,2026-04-08,Delhi,Pune,North,FTL,CARR_05,CUST_108,2026-04-08,2026-04-16,4835.17,215,Delivered
SHP004722,2026-03-02,2026-03-03,2026-03-07,Raipur,Lucknow,Central,LTL,CARR_14,CUST_098,2026-03-07,2026-03-06,3545.45,287,Delivered
SHP004886,2026-03-24,2026-03-25,2026-03-31,Delhi,Nagpur,North,LTL,CARR_04,CUST_067,2026-03-31,2026-04-03,10318.62,779,Delivered
SHP000419,2026-05-14,2026-05-14,2026-05-17,Patna,Lucknow,East,LTL,CARR_07,CUST_057,2026-05-17,2026-05-16,201106.31,1667,Delivered
SHP000385,2026-02-08,2026-02-11,2026-02-14,Nagpur,Pune,Central,FTL,CARR_04,CUST_015,2026-02-14,2026-02-19,18498.35,704,Delivered
SHP003014,2026-05-14,2026-05-14,2026-05-22,Kochi,Delhi,South,PTL,CARR_02,CUST_054,2026-05-22,,2940.08,386,Delayed
SHP003314,2026-06-07,2026-06-07,2026-06-12,Bengaluru,Ahmedabad,South,FTL,CARR_02,CUST_078,2026-06-12,2026-06-11,37891.91,1553,Delivered
SHP000082,2026-05-28,2026-05-31,2026-06-05,Lucknow,Lucknow,North,PTL,CARR_14,CUST_041,2026-06-05,2026-06-10,13190.91,1760,Delivered
SHP001546,2026-05-28,2026-05-30,2026-06-02,Lucknow,Kolkata,North,LTL,CARR_07,CUST_016,2026-06-02,2026-06-02,65152.94,671,Delivered
SHP002777,2026-01-07,2026-01-08,2026-01-13,Nagpur,Kochi,Central,LTL,CARR_15,CUST_014,2026-01-13,2026-01-18,17632.2,1499,Delivered
SHP003834,2026-06-27,2026-06-29,2026-07-06,Lucknow,Kochi,North,LTL,CARR_11,CUST_005,2026-07-06,,6439.77,518,Cancelled
SHP002427,2026-05-28,2026-05-28,2026-06-01,Raipur,Mumbai,Central,LTL,CARR_07,CUST_119,2026-06-01,2026-06-04,224856.92,2123,Delivered
SHP003368,2026-05-03,2026-05-03,2026-05-06,Ahmedabad,Guwahati,West,LTL,CARR_09,CUST_036,2026-05-06,2026-05-07,3785.16,290,Delivered
SHP000592,2026-03-30,2026-04-01,2026-04-03,Kolkata,Chennai,East,LTL,CARR_01,CUST_084,2026-04-03,2026-04-07,25635.09,2299,Delivered
SHP002884,2026-04-10,2026-04-12,2026-04-19,Bengaluru,Ahmedabad,South,PTL,CARR_10,CUST_080,2026-04-19,,8667.6,1260,Delivered
SHP000878,2026-02-07,2026-02-10,2026-02-16,Delhi,Mumbai,North,FTL,CARR_13,CUST_117,2026-02-16,,17787.06,692,In-Transit
SHP001563,2026-05-08,2026-05-09,2026-05-17,Nagpur,Raipur,Central,FTL,CARR_05,CUST_059,2026-05-17,2026-05-15,2195.56,87,Delivered
SHP003137,2026-02-04,2026-02-07,2026-02-15,Surat,Lucknow,West,LTL,CARR_14,CUST_017,2026-02-15,2026-02-17,6603.43,502,Delivered
SHP003096,2026-02-21,2026-02-23,2026-03-02,Surat,Nagpur,West,PTL,CARR_14,CUST_040,2026-03-02,2026-03-04,12787.75,1544,Delivered
SHP001775,2026-04-27,2026-04-27,2026-05-02,Bhopal,Hyderabad,Central,PTL,CARR_14,CUST_078,2026-05-02,2026-05-05,3392.17,383,Delivered
SHP002360,2026-02-02,2026-02-04,2026-02-07,Chandigarh,Kochi,North,FTL,CARR_04,CUST_097,2026-02-07,2026-02-13,44009.6,1870,Delivered
SHP004716,2026-05-02,2026-05-04,2026-05-12,Indore,Bhubaneswar,Central,FTL,CARR_15,CUST_006,2026-05-12,2026-05-07,48171.69,2159,Delivered
SHP003921,2026-04-02,2026-04-03,2026-04-08,Nagpur,Hyderabad,Central,LTL,CARR_10,CUST_101,2026-04-08,2026-04-11,7843.17,738,Delivered
SHP002250,2026-02-06,2026-02-09,2026-02-13,Guwahati,Nagpur,East,LTL,CARR_09,CUST_063,2026-02-13,2026-02-15,12627.41,1179,Delivered
SHP001057,2026-02-26,2026-03-01,2026-03-08,Raipur,Surat,Central,FTL,CARR_14,CUST_089,2026-03-08,2026-03-09,49453.5,1856,Delivered
SHP001100,2026-06-28,2026-06-29,2026-07-01,Nagpur,Chandigarh,Central,FTL,CARR_07,CUST_069,2026-07-01,2026-07-09,369365.04,1835,Delivered
SHP003523,2026-04-17,2026-04-18,2026-04-23,Jaipur,Ahmedabad,North,LTL,CARR_04,CUST_042,2026-04-23,2026-04-27,15690.21,1440,Delivered
SHP003813,2026-01-25,2026-01-27,2026-01-30,Lucknow,Nagpur,North,LTL,CARR_10,CUST_049,2026-01-30,2026-02-04,1407.64,119,Delayed
SHP003490,2026-05-30,2026-05-31,2026-06-02,Bhubaneswar,Raipur,East,FTL,CARR_09,CUST_033,2026-06-02,2026-06-07,33290.44,1477,Delivered
SHP000637,2026-06-05,2026-06-08,2026-06-11,Surat,Ahmedabad,West,PTL,CARR_10,CUST_014,2026-06-11,2026-06-15,18146.32,2373,Delayed
SHP002483,2026-03-25,2026-03-28,2026-04-02,Patna,Ahmedabad,East,LTL,CARR_15,CUST_047,2026-04-02,2026-04-04,10183.31,897,Delivered
SHP004768,2026-01-05,,2026-01-09,Mumbai,Kolkata,West,LTL,CARR_07,CUST_002,2026-01-09,,103195.43,884,Cancelled
SHP001827,2026-05-15,2026-05-18,2026-05-22,Guwahati,Ahmedabad,East,LTL,CARR_07,CUST_049,2026-05-22,2026-05-26,41120.34,330,Delivered
SHP001189,2026-06-23,2026-06-26,2026-06-28,Raipur,Bhubaneswar,Central,PTL,CARR_11,CUST_114,2026-06-28,2026-06-27,15156.02,2086,Delayed
SHP004960,2026-02-03,2026-02-03,2026-02-06,Mumbai,Bhubaneswar,West,LTL,CARR_12,CUST_101,2026-02-06,2026-02-08,15915.2,1428,Delivered
SHP002553,2026-05-02,2026-05-03,2026-05-11,Ahmedabad,Bhubaneswar,West,LTL,CARR_01,CUST_008,2026-05-11,2026-05-08,19819.02,1805,Delivered
SHP004042,2026-01-27,2026-01-28,2026-02-03,Chandigarh,Mumbai,North,LTL,CARR_15,CUST_102,2026-02-03,,14003.19,1158,In-Transit
SHP001752,2026-06-17,2026-06-19,2026-06-21,Chandigarh,Pune,North,FTL,CARR_12,CUST_095,2026-06-21,2026-06-27,27396.52,1281,Delivered
SHP004812,2026-06-19,2026-06-22,2026-06-25,Patna,Hyderabad,East,LTL,CARR_10,CUST_034,2026-06-25,2026-06-29,25311.46,2380,Delivered
SHP004354,2026-02-07,2026-02-08,2026-02-14,Jaipur,Chennai,North,PTL,CARR_07,CUST_020,2026-02-14,2026-02-12,78241.0,913,Delivered
SHP004762,2026-01-20,2026-01-22,2026-01-29,Kochi,Kochi,South,FTL,CARR_02,CUST_028,2026-01-29,,35779.13,1603,Delivered
SHP002173,2026-04-20,2026-04-23,2026-04-27,Chennai,Raipur,South,LTL,CARR_15,CUST_116,2026-04-27,2026-05-01,3588.57,262,Delivered
SHP001536,2026-05-10,2026-05-10,2026-05-13,Hyderabad,Chandigarh,South,FTL,CARR_10,CUST_034,2026-05-13,,46248.91,1744,Delivered
SHP000731,2026-04-30,2026-05-02,2026-05-05,Lucknow,Patna,North,FTL,CARR_06,CUST_110,2026-05-05,2026-05-09,65159.62,2342,Delayed
SHP003138,2026-01-03,2026-01-04,2026-01-08,Mumbai,Nagpur,West,LTL,CARR_02,CUST_003,2026-01-08,2026-01-08,4587.64,365,Delivered
SHP000312,2026-06-18,2026-06-19,2026-06-25,Mumbai,Chennai,West,LTL,CARR_09,CUST_044,2026-06-25,2026-06-28,25277.09,1864,Delayed
SHP000852,2026-04-09,2026-04-12,2026-04-17,Chandigarh,Hyderabad,North,LTL,CARR_03,CUST_085,2026-04-17,2026-04-15,1866.65,147,Delivered
SHP002845,2026-03-30,2026-04-02,2026-04-09,Guwahati,Hyderabad,East,LTL,CARR_06,CUST_050,2026-04-09,,12530.11,949,In-Transit
SHP004375,2026-06-25,2026-06-28,2026-07-06,Mumbai,Chennai,West,FTL,CARR_14,CUST_016,2026-07-06,2026-06-29,18715.38,865,Delivered
SHP000407,2026-05-30,2026-06-01,2026-06-07,Kochi,Guwahati,South,FTL,CARR_14,CUST_039,2026-06-07,,44675.24,1948,In-Transit
SHP003159,2026-05-24,2026-05-25,2026-05-28,Delhi,Jaipur,North,FTL,CARR_02,CUST_064,2026-05-28,2026-05-30,1411.61,58,Delivered
SHP001298,2026-03-06,2026-03-06,2026-03-13,Chennai,Ahmedabad,South,LTL,CARR_08,CUST_002,2026-03-13,,1039.76,84,Delivered
SHP003767,2026-04-26,,2026-05-02,Indore,Hyderabad,Central,PTL,CARR_14,CUST_074,2026-05-02,,16634.23,1944,In-Transit
SHP004385,2026-05-27,2026-05-30,2026-06-03,Lucknow,Delhi,North,LTL,CARR_03,CUST_093,2026-06-03,2026-06-07,23441.67,1763,Delivered
SHP002453,2026-01-10,2026-01-11,2026-01-19,Hyderabad,Raipur,South,PTL,CARR_10,CUST_076,2026-01-19,,9346.35,1016,Delivered
SHP003712,2026-05-16,2026-05-17,2026-05-23,Kolkata,Guwahati,East,PTL,CARR_15,CUST_066,2026-05-23,2026-05-20,14685.94,1660,Delivered
SHP001828,2026-03-05,2026-03-05,2026-03-07,Jaipur,Indore,North,PTL,CARR_04,CUST_039,2026-03-07,2026-03-04,13488.31,1847,Delayed
SHP001779,2026-03-13,2026-03-13,2026-03-17,Ahmedabad,Kolkata,West,LTL,CARR_05,CUST_070,2026-03-17,2026-03-23,23662.48,1847,Delivered
SHP000022,2026-04-04,2026-04-04,2026-04-07,Bengaluru,Patna,South,LTL,CARR_01,CUST_040,2026-04-07,,13508.23,1072,Delivered
SHP002643,2026-01-06,2026-01-06,2026-01-11,Jaipur,Bhopal,North,FTL,CARR_06,CUST_072,2026-01-11,2026-01-16,33516.08,1402,Delivered
SHP002198,2026-05-15,2026-05-16,2026-05-24,Lucknow,Raipur,North,LTL,CARR_12,CUST_065,2026-05-24,2026-05-19,6252.06,483,Delivered
SHP000098,2026-01-05,2026-01-07,2026-01-11,Lucknow,Mumbai,North,LTL,CARR_06,CUST_033,2026-01-11,2026-01-09,13313.62,1037,Delivered
SHP002164,2026-06-22,2026-06-23,2026-06-28,Ahmedabad,Jaipur,West,FTL,CARR_04,CUST_028,2026-06-28,2026-06-30,40711.53,1523,Delivered
SHP000381,2026-06-23,2026-06-26,2026-06-28,Nagpur,Chandigarh,Central,LTL,CARR_13,CUST_107,2026-06-28,2026-07-02,29305.93,2409,Delivered
SHP002136,2026-01-09,2026-01-10,2026-01-18,Kolkata,Ahmedabad,East,FTL,CARR_15,CUST_058,2026-01-18,2026-01-12,41466.36,1944,Delayed
SHP003111,2026-04-02,2026-04-05,2026-04-09,Chandigarh,Guwahati,North,LTL,CARR_06,CUST_031,2026-04-09,2026-04-10,4183.78,311,Delivered
SHP000540,2026-02-01,2026-02-04,2026-02-07,Ahmedabad,Bhopal,West,LTL,CARR_01,CUST_118,2026-02-07,2026-02-14,10939.9,845,Delayed
SHP003553,2026-05-17,2026-05-20,2026-05-26,Indore,Nagpur,Central,PTL,CARR_10,CUST_020,2026-05-26,2026-05-27,19517.0,2419,Delivered
SHP002329,2026-02-03,2026-02-05,2026-02-11,Kochi,Bhubaneswar,South,PTL,CARR_09,CUST_003,2026-02-11,,8689.6,1251,Delivered
SHP003240,2026-01-29,2026-01-30,2026-02-01,Indore,Kochi,Central,PTL,CARR_12,CUST_099,2026-02-01,2026-01-31,7923.2,942,Delayed
SHP001226,2026-02-01,2026-02-04,2026-02-08,Hyderabad,Surat,South,LTL,CARR_12,CUST_089,2026-02-08,,1095.09,93,Delivered
SHP001737,2026-02-17,2026-02-17,2026-02-22,Delhi,Nagpur,North,FTL,CARR_09,CUST_105,2026-02-22,2026-02-19,22986.24,835,Delivered
SHP004765,2026-01-12,2026-01-14,2026-01-20,Kolkata,Lucknow,East,FTL,CARR_06,CUST_063,2026-01-20,2026-01-22,49265.42,1876,Delayed
SHP003925,2026-04-25,2026-04-26,2026-04-29,Kochi,Bhopal,South,FTL,CARR_13,CUST_117,2026-04-29,,62864.67,2223,Delivered
SHP003741,2026-05-06,2026-05-07,2026-05-10,Guwahati,Bhubaneswar,East,LTL,CARR_07,CUST_051,2026-05-10,2026-05-13,53627.57,457,Delivered
SHP001186,2026-05-20,2026-05-21,2026-05-29,Mumbai,Kolkata,West,PTL,CARR_05,CUST_084,2026-05-29,,6286.46,694,In-Transit
SHP000073,2026-01-28,2026-01-31,2026-02-02,Mumbai,Lucknow,West,PTL,CARR_07,CUST_088,2026-02-02,2026-02-08,24729.64,380,Delivered
SHP000130,2026-02-04,2026-02-07,2026-02-12,Indore,Jaipur,Central,FTL,CARR_04,CUST_029,2026-02-12,2026-02-10,38502.77,1580,Delivered
SHP004539,2026-02-07,2026-02-08,2026-02-10,Bhopal,Chennai,Central,LTL,CARR_04,CUST_099,2026-02-10,2026-02-17,9102.46,735,Delivered
SHP000127,2026-05-10,,2026-05-16,Guwahati,Raipur,East,PTL,CARR_03,CUST_109,2026-05-16,,3880.35,511,In-Transit
SHP001855,2026-05-04,2026-05-07,2026-05-09,Hyderabad,Nagpur,South,LTL,CARR_15,CUST_098,2026-05-09,,18530.87,1813,Delivered
SHP002423,2026-05-24,2026-05-27,2026-05-31,Mumbai,Indore,West,FTL,CARR_10,CUST_104,2026-05-31,2026-05-31,3796.91,173,Delivered
SHP002054,2026-04-03,2026-04-04,2026-04-12,Chennai,Lucknow,South,FTL,CARR_02,CUST_088,2026-04-12,,29159.4,1045,In-Transit
SHP004179,2026-01-26,2026-01-28,2026-01-30,Jaipur,Ahmedabad,North,FTL,CARR_14,CUST_061,2026-01-30,2026-01-29,47114.54,2033,Delivered
SHP003677,2026-02-21,2026-02-22,2026-02-27,Bhubaneswar,Surat,East,PTL,CARR_15,CUST_058,2026-02-27,2026-02-23,2495.65,309,Delayed
SHP003024,2026-03-14,2026-03-16,2026-03-20,Hyderabad,Bhopal,South,FTL,CARR_12,CUST_075,2026-03-20,,38698.34,1388,Delivered
SHP001091,2026-05-19,2026-05-20,2026-05-22,Pune,Chandigarh,West,LTL,CARR_09,CUST_059,2026-05-22,2026-05-22,18008.85,1732,Delivered
SHP000788,2026-04-20,2026-04-23,2026-05-01,Bhubaneswar,Bhopal,East,FTL,CARR_11,CUST_053,2026-05-01,2026-05-01,6761.94,246,Delivered
SHP003735,2026-03-05,2026-03-08,2026-03-11,Mumbai,Chennai,West,FTL,CARR_08,CUST_025,2026-03-11,,32350.83,1367,In-Transit
SHP004467,2026-05-14,2026-05-14,2026-05-16,Guwahati,Raipur,East,LTL,CARR_14,CUST_118,2026-05-16,2026-05-16,18955.17,1400,Delivered
SHP003092,2026-05-23,2026-05-26,2026-05-31,Surat,Raipur,West,FTL,CARR_12,CUST_120,2026-05-31,,23663.61,1108,In-Transit
SHP004782,2026-01-10,2026-01-10,2026-01-13,Nagpur,Chennai,Central,FTL,CARR_04,CUST_092,2026-01-13,2026-01-20,62220.47,2299,Delayed
SHP003464,2026-02-09,2026-02-09,2026-02-12,Bhubaneswar,Mumbai,East,LTL,CARR_13,CUST_047,2026-02-12,2026-02-17,6305.85,604,Delivered
SHP002807,2026-03-10,2026-03-12,2026-03-15,Patna,Kochi,East,FTL,CARR_03,CUST_035,2026-03-15,2026-03-13,40939.36,1489,Delivered
SHP004031,2026-05-18,2026-05-20,2026-05-24,Bhopal,Kolkata,Central,LTL,CARR_14,CUST_035,2026-05-24,2026-05-26,15254.49,1378,Delivered
SHP002214,2026-05-24,2026-05-26,2026-06-02,Ahmedabad,Patna,West,LTL,CARR_10,CUST_030,2026-06-02,2026-05-31,16490.59,1605,Delivered
SHP002629,2026-05-28,2026-05-29,2026-06-03,Kochi,Pune,South,LTL,CARR_02,CUST_059,2026-06-03,,8018.55,698,Delayed
SHP001569,2026-04-18,2026-04-18,2026-04-20,Bengaluru,Bhubaneswar,South,FTL,CARR_03,CUST_006,2026-04-20,,12403.1,485,Delivered
SHP000062,2026-04-09,2026-04-12,2026-04-15,Indore,Ahmedabad,Central,LTL,CARR_05,CUST_026,2026-04-15,2026-04-14,19761.38,1612,Delivered
SHP004055,2026-02-17,2026-02-18,2026-02-23,Bengaluru,Kolkata,South,FTL,CARR_01,CUST_023,2026-02-23,2026-02-23,4481.47,195,Delivered
SHP004082,2026-02-27,2026-02-28,2026-03-06,Delhi,Surat,North,LTL,CARR_07,CUST_077,2026-03-06,2026-03-05,206893.83,1715,Delivered
SHP003099,2026-03-02,2026-03-02,2026-03-08,Indore,Nagpur,Central,LTL,CARR_09,CUST_053,2026-03-08,2026-03-12,24716.62,1941,Delivered
SHP003965,2026-06-11,2026-06-12,2026-06-19,Kochi,Indore,South,PTL,CARR_02,CUST_105,2026-06-19,,13048.23,1738,Delayed
SHP001688,2026-04-21,2026-04-24,2026-04-30,Bhubaneswar,Raipur,East,LTL,CARR_09,CUST_056,2026-04-30,2026-05-04,26966.95,2423,Delivered
SHP002055,2026-03-19,2026-03-20,2026-03-24,Delhi,Delhi,North,LTL,CARR_13,CUST_082,2026-03-24,2026-03-25,23966.88,2082,Delivered
SHP003645,2026-04-01,2026-04-02,2026-04-08,Chennai,Lucknow,South,FTL,CARR_10,CUST_115,2026-04-08,,13397.64,469,Delivered
SHP002374,2026-05-29,2026-05-29,2026-06-03,Ahmedabad,Surat,West,FTL,CARR_11,CUST_013,2026-06-03,2026-06-04,34525.11,1385,Delivered
SHP002236,2026-03-10,2026-03-12,2026-03-18,Hyderabad,Nagpur,South,PTL,CARR_02,CUST_056,2026-03-18,,5892.1,653,Delivered
SHP001946,2026-01-06,2026-01-08,2026-01-16,Chennai,Indore,South,PTL,CARR_13,CUST_058,2026-01-16,,7535.04,1092,In-Transit
SHP001534,2026-03-12,2026-03-13,2026-03-16,Raipur,Mumbai,Central,LTL,CARR_03,CUST_050,2026-03-16,2026-03-15,7562.24,551,Delivered
SHP002586,2026-03-15,2026-03-15,2026-03-18,Chandigarh,Guwahati,North,PTL,CARR_05,CUST_068,2026-03-18,2026-03-18,5449.07,621,Delivered
SHP004136,2026-01-17,2026-01-19,2026-01-27,Chandigarh,Mumbai,North,PTL,CARR_15,CUST_054,2026-01-27,2026-01-26,7310.25,890,Delivered
SHP000466,2026-03-02,2026-03-03,2026-03-05,Raipur,Lucknow,Central,PTL,CARR_08,CUST_039,2026-03-05,2026-03-12,949.97,124,Delivered
SHP001498,2026-05-18,2026-05-19,2026-05-21,Indore,Bhubaneswar,Central,FTL,CARR_06,CUST_066,2026-05-21,2026-05-21,28791.17,1325,Delayed
SHP002673,2026-06-11,2026-06-14,2026-06-16,Delhi,Nagpur,North,FTL,CARR_08,CUST_007,2026-06-16,2026-06-20,58015.88,2194,Delivered
SHP003618,2026-05-11,2026-05-13,2026-05-17,Guwahati,Chennai,East,FTL,CARR_11,CUST_058,2026-05-17,2026-05-18,45350.91,1939,Delivered
SHP002804,2026-04-15,2026-04-15,2026-04-19,Pune,Indore,West,LTL,CARR_12,CUST_031,2026-04-19,2026-04-22,22422.05,1993,Delivered
SHP003520,2026-04-25,2026-04-26,2026-04-30,Hyderabad,Kochi,South,FTL,CARR_08,CUST_081,2026-04-30,,35677.74,1425,Cancelled
SHP003587,2026-05-25,2026-05-28,2026-05-31,Bhopal,Raipur,Central,LTL,CARR_10,CUST_109,2026-05-31,2026-06-01,9709.09,776,Delivered
SHP002689,2026-01-02,2026-01-02,2026-01-04,Mumbai,Kolkata,West,LTL,CARR_14,CUST_011,2026-01-04,,21017.76,1810,Cancelled
SHP002434,2026-03-24,2026-03-26,2026-04-02,Lucknow,Kochi,North,LTL,CARR_14,CUST_113,2026-04-02,,18648.71,1550,Cancelled
SHP001249,2026-06-06,2026-06-06,2026-06-11,Patna,Pune,East,LTL,CARR_10,CUST_099,2026-06-11,2026-06-07,20365.52,1680,Delivered
SHP001460,2026-03-02,2026-03-03,2026-03-10,Surat,Nagpur,West,FTL,CARR_08,CUST_061,2026-03-10,2026-03-07,62201.19,2241,Delivered
SHP000206,2026-05-03,2026-05-04,2026-05-09,Surat,Ahmedabad,West,LTL,CARR_02,CUST_107,2026-05-09,2026-05-07,4590.06,351,Delivered
SHP003845,2026-03-02,2026-03-04,2026-03-12,Bhopal,Patna,Central,LTL,CARR_14,CUST_074,2026-03-12,2026-03-06,18304.82,1399,Delivered
SHP002882,2026-04-24,,2026-05-01,Bhopal,Chandigarh,Central,LTL,CARR_02,CUST_018,2026-05-01,2026-04-29,20386.03,1627,Delayed
SHP003868,2026-06-01,2026-06-03,2026-06-09,Guwahati,Chennai,East,PTL,CARR_04,CUST_005,2026-06-09,2026-06-11,14715.51,1894,Delivered
SHP003849,2026-06-28,2026-06-28,2026-07-02,Lucknow,Bhubaneswar,North,LTL,CARR_11,CUST_043,2026-07-02,2026-07-08,12165.35,1085,Delivered
SHP000579,2026-03-10,2026-03-10,2026-03-17,Bhubaneswar,Guwahati,East,PTL,CARR_09,CUST_104,2026-03-17,2026-03-18,13291.36,1849,Delivered
SHP001533,,2026-02-26,2026-03-03,Nagpur,Mumbai,Central,FTL,CARR_01,CUST_064,2026-03-03,2026-03-01,7212.86,291,Delivered
SHP002472,2026-05-14,2026-05-17,2026-05-24,Guwahati,Surat,East,LTL,CARR_13,CUST_009,2026-05-24,2026-05-21,22500.09,1746,Delivered
SHP000440,2026-02-17,2026-02-20,2026-02-22,Indore,Mumbai,Central,LTL,CARR_11,CUST_083,2026-02-22,2026-02-23,18466.18,1691,Delivered
SHP004988,2026-06-25,2026-06-26,2026-06-30,Delhi,Jaipur,North,PTL,CARR_05,CUST_004,2026-06-30,2026-06-30,15770.94,1789,Delivered
SHP000889,2026-01-01,2026-01-03,2026-01-08,Delhi,Bhopal,North,PTL,CARR_05,CUST_120,2026-01-08,2026-01-11,21637.99,2376,Delivered
SHP000955,2026-01-11,2026-01-14,2026-01-20,Guwahati,Nagpur,East,LTL,CARR_12,CUST_103,2026-01-20,,15028.89,1238,In-Transit
SHP003337,2026-03-07,2026-03-07,2026-03-10,Patna,Raipur,East,PTL,CARR_13,CUST_054,2026-03-10,2026-03-10,13075.61,1737,Delivered
SHP000833,2026-01-31,2026-02-02,2026-02-04,Chennai,Mumbai,South,LTL,CARR_15,CUST_069,2026-02-04,,18722.54,1479,Delivered
SHP004898,2026-01-07,2026-01-07,2026-01-15,Chennai,Jaipur,South,LTL,CARR_01,CUST_079,2026-01-15,,4225.55,356,Delivered
SHP001476,2026-05-14,2026-05-17,2026-05-25,Kolkata,Delhi,East,FTL,CARR_08,CUST_044,2026-05-25,2026-05-26,13896.23,593,Delivered
SHP003631,2026-03-16,2026-03-19,2026-03-23,Chennai,Surat,South,FTL,CARR_13,CUST_068,2026-03-23,2026-03-23,43649.64,1550,Delivered
SHP000971,2026-02-13,2026-02-14,2026-02-16,Bhopal,Lucknow,Central,FTL,CARR_12,CUST_017,2026-02-16,2026-02-21,60966.2,2192,Delivered
SHP002227,2026-02-08,2026-02-09,2026-02-15,Chandigarh,Mumbai,North,FTL,CARR_01,CUST_061,2026-02-15,2026-02-10,43912.22,2006,Delivered
SHP003586,2026-03-05,2026-03-08,2026-03-10,Bengaluru,Hyderabad,South,FTL,CARR_02,CUST_106,2026-03-10,,18862.8,668,Delivered
SHP001592,2026-06-12,2026-06-12,2026-06-18,Indore,Chandigarh,Central,PTL,CARR_04,CUST_067,2026-06-18,2026-06-17,7460.87,939,Delivered
SHP002950,2026-06-07,2026-06-08,2026-06-10,Pune,Mumbai,West,FTL,CARR_13,CUST_048,2026-06-10,2026-06-13,4742.54,196,Delivered
SHP004469,2026-04-25,2026-04-26,2026-04-29,Nagpur,Patna,Central,FTL,CARR_03,CUST_093,2026-04-29,,45031.22,1859,Cancelled
SHP002851,2026-05-04,2026-05-04,2026-05-11,Bhubaneswar,Lucknow,East,FTL,CARR_02,CUST_074,2026-05-11,2026-05-13,1129.95,51,Delivered
SHP002925,2026-02-08,2026-02-09,2026-02-17,Chennai,Patna,South,FTL,CARR_04,CUST_003,2026-02-17,,5938.93,278,Delivered
SHP000927,2026-01-13,2026-01-14,2026-01-21,Chennai,Nagpur,South,PTL,CARR_07,CUST_047,2026-01-21,,52991.9,700,Delivered
SHP004605,2026-02-26,2026-03-01,2026-03-06,Indore,Pune,Central,LTL,CARR_14,CUST_083,2026-03-06,2026-03-06,1184.05,95,Delivered
SHP003293,2026-06-12,2026-06-12,2026-06-17,Bhubaneswar,Hyderabad,East,LTL,CARR_02,CUST_072,2026-06-17,,14554.6,1171,In-Transit
SHP002150,2026-02-25,2026-02-25,2026-03-04,Chandigarh,Chandigarh,North,LTL,CARR_08,CUST_072,2026-03-04,2026-03-03,20113.6,1661,Delivered
SHP003345,2026-04-05,2026-04-07,2026-04-09,Patna,Kochi,East,LTL,CARR_04,CUST_012,2026-04-09,2026-04-11,33130.48,2478,Delivered
SHP003524,2026-02-08,2026-02-11,2026-02-15,Chennai,Ahmedabad,South,LTL,CARR_02,CUST_045,2026-02-15,,25935.21,2183,Delivered
SHP001451,2026-03-14,2026-03-16,2026-03-21,Ahmedabad,Patna,West,FTL,CARR_14,CUST_109,2026-03-21,2026-03-23,19204.5,692,Delivered
SHP004616,2026-05-22,2026-05-24,2026-05-26,Nagpur,Delhi,Central,LTL,CARR_09,CUST_049,2026-05-26,2026-05-27,2327.13,225,Delivered
SHP002419,2026-05-01,2026-05-03,2026-05-06,Kochi,Mumbai,South,LTL,CARR_14,CUST_113,2026-05-06,,940.17,77,Delivered
SHP004922,2026-01-16,2026-01-16,2026-01-23,Pune,Chandigarh,West,LTL,CARR_03,CUST_117,2026-01-23,2026-01-17,2240.83,204,Delivered
SHP000240,2026-01-05,2026-01-05,2026-01-10,Surat,Kolkata,West,PTL,CARR_12,CUST_084,2026-01-10,2026-01-12,1594.87,196,Delivered
SHP004441,2026-06-06,2026-06-07,2026-06-10,Guwahati,Kolkata,East,LTL,CARR_13,CUST_061,2026-06-10,2026-06-11,25416.81,2204,Delivered
SHP004294,2026-04-30,2026-05-01,2026-05-03,Delhi,Patna,North,LTL,CARR_12,CUST_002,2026-05-03,2026-05-08,11178.92,1028,Delivered
SHP000983,2026-04-16,2026-04-16,2026-04-23,Chandigarh,Kochi,North,PTL,CARR_04,CUST_060,2026-04-23,2026-04-18,18044.44,2296,Delivered
SHP002536,2026-04-01,2026-04-03,2026-04-11,Jaipur,Kolkata,North,PTL,CARR_10,CUST_086,2026-04-11,,13258.78,1532,Cancelled
SHP004224,2026-06-30,2026-06-30,2026-07-08,Jaipur,Chennai,North,FTL,CARR_03,CUST_080,2026-07-08,,26165.56,1165,Cancelled
SHP002866,2026-01-26,2026-01-28,2026-01-31,Raipur,Guwahati,Central,PTL,CARR_14,CUST_040,2026-01-31,,13198.23,1483,Cancelled
SHP002907,2026-06-25,2026-06-28,2026-07-06,Indore,Nagpur,Central,LTL,CARR_05,CUST_029,2026-07-06,2026-07-08,13807.99,1161,Delayed
SHP004081,2026-04-29,2026-05-02,2026-05-04,Lucknow,Guwahati,North,LTL,CARR_13,CUST_041,2026-05-04,2026-05-07,18389.07,1677,Delivered
SHP004715,2026-02-08,2026-02-09,2026-02-11,Kolkata,Guwahati,East,FTL,CARR_11,CUST_074,2026-02-11,2026-02-10,15392.95,611,Delivered
SHP002091,2026-06-09,2026-06-11,2026-06-15,Patna,Lucknow,East,LTL,CARR_09,CUST_042,2026-06-15,2026-06-16,2680.25,220,Delivered
SHP003095,2026-02-25,2026-02-27,2026-03-02,Jaipur,Pune,North,LTL,CARR_12,CUST_008,2026-03-02,2026-03-05,27482.22,2127,Delivered
SHP003453,2026-06-10,2026-06-11,2026-06-17,Pune,Kolkata,West,LTL,CARR_14,CUST_088,2026-06-17,2026-06-14,5065.31,373,Delivered
SHP000932,2026-05-06,2026-05-09,2026-05-15,Lucknow,Bengaluru,North,FTL,CARR_09,CUST_103,2026-05-15,2026-05-18,47568.77,1704,Delivered
SHP001217,,2026-04-07,2026-04-15,Indore,Hyderabad,Central,LTL,CARR_13,CUST_053,2026-04-15,,26132.11,2448,In-Transit
SHP004470,2026-06-17,2026-06-18,2026-06-20,Hyderabad,Delhi,South,PTL,CARR_08,CUST_094,2026-06-20,,3603.46,435,Delivered
SHP003841,2026-03-09,2026-03-10,2026-03-17,Hyderabad,Hyderabad,South,LTL,CARR_04,CUST_020,2026-03-17,,17997.03,1516,In-Transit
SHP004706,2026-03-15,2026-03-15,2026-03-19,Bhopal,Bengaluru,Central,FTL,CARR_14,CUST_033,2026-03-19,2026-03-24,2938.78,135,Delayed
SHP002113,2026-01-03,2026-01-04,2026-01-10,Surat,Hyderabad,West,PTL,CARR_13,CUST_018,2026-01-10,2026-01-09,3108.29,429,Delivered
SHP000727,2026-03-07,2026-03-08,2026-03-14,Bhubaneswar,Ahmedabad,East,FTL,CARR_13,CUST_052,2026-03-14,2026-03-10,14843.05,674,Delivered
SHP004650,2026-05-25,2026-05-25,2026-05-30,Bhopal,Bengaluru,Central,LTL,CARR_02,CUST_104,2026-05-30,,1751.57,167,Cancelled
SHP002241,2026-05-18,2026-05-20,2026-05-27,Ahmedabad,Chennai,West,LTL,CARR_06,CUST_056,2026-05-27,,24862.23,1867,In-Transit
SHP004581,2026-05-23,2026-05-24,2026-05-29,Kochi,Lucknow,South,LTL,CARR_02,CUST_032,2026-05-29,,8996.56,699,Delivered
SHP000928,2026-04-15,2026-04-17,2026-04-23,Patna,Ahmedabad,East,PTL,CARR_03,CUST_030,2026-04-23,2026-04-20,2376.1,323,Delivered
SHP000900,2026-05-31,2026-06-03,2026-06-09,Bhubaneswar,Ahmedabad,East,FTL,CARR_07,CUST_080,2026-06-09,2026-06-13,69327.38,221,Delivered
SHP004015,2026-05-18,2026-05-21,2026-05-24,Nagpur,Jaipur,Central,LTL,CARR_02,CUST_120,2026-05-24,2026-05-28,12305.36,1205,Delayed
SHP003326,2026-04-24,2026-04-24,2026-04-29,Pune,Delhi,West,PTL,CARR_14,CUST_044,2026-04-29,2026-05-04,7677.38,1063,Delivered
SHP003546,2026-06-05,2026-06-06,2026-06-12,Bhopal,Bengaluru,Central,FTL,CARR_01,CUST_046,2026-06-12,2026-06-07,60367.21,2400,Delivered
SHP000334,2026-03-24,2026-03-25,2026-03-27,Kochi,Nagpur,South,PTL,CARR_02,CUST_033,2026-03-27,,4391.89,517,Delivered
SHP003563,2026-05-23,2026-05-24,2026-06-01,Delhi,Delhi,North,FTL,CARR_15,CUST_103,2026-06-01,,29291.04,1147,In-Transit
SHP001805,2026-02-28,2026-03-03,2026-03-06,Indore,Delhi,Central,LTL,CARR_06,CUST_062,2026-03-06,2026-03-10,16424.76,1229,Delivered
SHP002045,2026-03-12,2026-03-12,2026-03-20,Hyderabad,Patna,South,LTL,CARR_13,CUST_105,2026-03-20,,2306.8,176,Delivered
SHP002791,2026-05-20,2026-05-22,2026-05-28,Surat,Kochi,West,LTL,CARR_01,CUST_002,2026-05-28,2026-05-26,8767.31,846,Delivered
SHP003373,2026-01-25,2026-01-26,2026-02-02,Pune,Delhi,West,FTL,CARR_09,CUST_022,2026-02-02,,9850.31,372,Cancelled
SHP003239,2026-03-01,2026-03-02,2026-03-07,Lucknow,Mumbai,North,PTL,CARR_15,CUST_078,2026-03-07,2026-03-09,16127.06,2044,Delivered
SHP003831,2026-05-23,2026-05-24,2026-05-31,Kolkata,Guwahati,East,FTL,CARR_11,CUST_097,2026-05-31,2026-05-29,43925.86,1868,Delayed
SHP002776,2026-04-10,2026-04-11,2026-04-17,Kolkata,Ahmedabad,East,FTL,CARR_01,CUST_013,2026-04-17,2026-04-19,4728.73,198,Delivered
SHP000938,2026-05-13,2026-05-13,2026-05-21,Raipur,Bhubaneswar,Central,FTL,CARR_01,CUST_103,2026-05-21,2026-05-21,50128.15,2046,Delivered
SHP000251,2026-06-02,2026-06-02,2026-06-10,Jaipur,Pune,North,FTL,CARR_15,CUST_042,2026-06-10,2026-06-12,31984.08,1283,Delivered
SHP001795,2026-04-14,2026-04-17,2026-04-21,Kochi,Kolkata,South,LTL,CARR_06,CUST_022,2026-04-21,,9864.97,749,Delivered
SHP000625,2026-05-19,2026-05-22,2026-05-26,Kochi,Ahmedabad,South,FTL,CARR_10,CUST_021,2026-05-26,2026-05-29,47876.69,1841,Delivered
SHP001078,2026-02-28,2026-03-01,2026-03-09,Mumbai,Surat,West,PTL,CARR_01,CUST_053,2026-03-09,2026-03-04,9705.56,1202,Delayed
SHP003267,2026-04-24,2026-04-27,2026-05-04,Bhopal,Lucknow,Central,LTL,CARR_08,CUST_095,2026-05-04,2026-05-05,12559.0,987,Delivered
SHP001405,2026-05-09,2026-05-12,2026-05-14,Pune,Patna,West,LTL,CARR_12,CUST_080,2026-05-14,2026-05-19,17508.43,1339,Delivered
SHP000552,2026-06-18,2026-06-18,2026-06-23,Mumbai,Pune,West,FTL,CARR_03,CUST_097,2026-06-23,2026-06-20,3794.35,169,Delayed
SHP004040,2026-05-21,2026-05-23,2026-05-26,Delhi,Ahmedabad,North,LTL,CARR_09,CUST_089,2026-05-26,2026-05-20,2088.45,181,Delivered
SHP004788,2026-01-11,2026-01-14,2026-01-20,Chennai,Bhopal,South,FTL,CARR_15,CUST_070,2026-01-20,,43869.17,1571,Delivered
SHP002362,2026-01-17,2026-01-17,2026-01-24,Pune,Jaipur,West,FTL,CARR_11,CUST_086,2026-01-24,2026-01-19,18013.59,720,Delivered
SHP003461,2026-03-17,2026-03-20,2026-03-28,Raipur,Ahmedabad,Central,LTL,CARR_15,CUST_102,2026-03-28,2026-03-26,29490.17,2495,Delivered
SHP001765,2026-01-16,2026-01-16,2026-01-19,Jaipur,Nagpur,North,FTL,CARR_06,CUST_035,2026-01-19,2026-01-18,41972.4,1864,Delivered
SHP000241,2026-02-27,2026-03-02,2026-03-08,Patna,Ahmedabad,East,FTL,CARR_01,CUST_105,2026-03-08,2026-03-08,52903.75,1987,Delivered
SHP000283,2026-03-29,2026-03-29,2026-04-01,Kolkata,Patna,East,FTL,CARR_07,CUST_087,2026-04-01,2026-04-07,419146.6,2001,Delivered
SHP004737,2026-04-25,2026-04-28,2026-05-04,Lucknow,Guwahati,North,FTL,CARR_11,CUST_041,2026-05-04,2026-05-08,25711.04,917,Delivered
SHP001301,2026-06-12,2026-06-13,2026-06-21,Bengaluru,Lucknow,South,LTL,CARR_05,CUST_013,2026-06-21,,14395.49,1184,Delivered
SHP001986,2026-02-02,2026-02-04,2026-02-09,Delhi,Lucknow,North,FTL,CARR_09,CUST_014,2026-02-09,,48519.01,1709,In-Transit
SHP000298,2026-04-10,2026-04-13,2026-04-17,Raipur,Pune,Central,FTL,CARR_12,CUST_083,2026-04-17,2026-04-17,9131.88,374,Delivered
SHP004038,2026-02-28,2026-02-28,2026-03-07,Delhi,Chennai,North,FTL,CARR_13,CUST_038,2026-03-07,2026-03-08,17109.47,599,Delivered
SHP003599,2026-04-11,2026-04-14,2026-04-20,Surat,Lucknow,West,FTL,CARR_07,CUST_119,2026-04-20,2026-04-22,551415.18,2416,Delivered
SHP000364,2026-06-02,2026-06-04,2026-06-08,Guwahati,Bhubaneswar,East,FTL,CARR_01,CUST_089,2026-06-08,2026-06-14,7816.89,301,Delivered
SHP002346,2026-04-09,2026-04-11,2026-04-17,Bhopal,Indore,Central,PTL,CARR_06,CUST_011,2026-04-17,2026-04-21,2794.33,325,Delivered
SHP003085,2026-02-20,2026-02-22,2026-02-27,Mumbai,Bhopal,West,PTL,CARR_07,CUST_030,2026-02-27,,38784.72,398,Cancelled
SHP001268,2026-03-01,2026-03-02,2026-03-04,Patna,Raipur,East,FTL,CARR_02,CUST_109,2026-03-04,2026-03-08,56412.9,2053,Delayed
SHP004222,2026-06-02,2026-06-05,2026-06-08,Patna,Kochi,East,LTL,CARR_15,CUST_120,2026-06-08,2026-06-03,22407.23,1821,Delivered
SHP004291,2026-04-06,2026-04-09,2026-04-12,Patna,Chandigarh,East,FTL,CARR_09,CUST_015,2026-04-12,2026-04-11,44251.0,1770,Delivered
SHP003152,2026-02-10,2026-02-12,2026-02-19,Guwahati,Kolkata,East,LTL,CARR_12,CUST_041,2026-02-19,2026-02-15,27718.43,2145,Delivered
SHP003887,2026-04-07,2026-04-07,2026-04-14,Surat,Pune,West,FTL,CARR_02,CUST_054,2026-04-14,2026-04-13,34252.66,1373,Delayed
SHP000045,2026-04-23,2026-04-25,2026-04-27,Kochi,Delhi,South,LTL,CARR_08,CUST_062,2026-04-27,,14729.21,1084,Delivered
SHP000481,2026-04-07,2026-04-10,2026-04-13,Surat,Indore,West,LTL,CARR_15,CUST_044,2026-04-13,2026-04-20,7414.58,617,Delivered
SHP004624,2026-01-16,2026-01-19,2026-01-25,Lucknow,Guwahati,North,LTL,CARR_06,CUST_086,2026-01-25,2026-01-20,10770.89,987,Delivered
SHP003116,,2026-07-01,2026-07-05,Bengaluru,Delhi,South,LTL,CARR_02,CUST_082,2026-07-05,,15982.84,1312,Delivered
SHP001627,2026-06-12,2026-06-14,2026-06-21,Raipur,Patna,Central,LTL,CARR_13,CUST_095,2026-06-21,,16618.13,1387,In-Transit
SHP000110,2026-06-14,2026-06-15,2026-06-21,Indore,Hyderabad,Central,LTL,CARR_02,CUST_065,2026-06-21,2026-06-25,7365.92,681,Delivered
SHP001023,2026-04-07,2026-04-09,2026-04-16,Kochi,Kolkata,South,LTL,CARR_07,CUST_074,2026-04-16,,41730.4,348,Delivered
SHP000103,2026-06-23,2026-06-24,2026-06-27,Kolkata,Lucknow,East,FTL,CARR_13,CUST_096,2026-06-27,2026-06-25,39666.27,1844,Delivered
SHP001279,2026-05-14,2026-05-16,2026-05-19,Patna,Delhi,East,LTL,CARR_07,CUST_085,2026-05-19,2026-05-21,159632.07,1257,Delivered
SHP004077,2026-01-04,2026-01-06,2026-01-14,Pune,Nagpur,West,LTL,CARR_15,CUST_009,2026-01-14,2026-01-16,8107.92,708,Delivered
SHP001101,2026-03-18,2026-03-18,2026-03-26,Bhopal,Mumbai,Central,LTL,CARR_02,CUST_012,2026-03-26,,6303.43,512,In-Transit
SHP001781,2026-06-22,2026-06-24,2026-06-28,Raipur,Ahmedabad,Central,PTL,CARR_06,CUST_038,2026-06-28,2026-07-01,13882.58,1939,Delivered
SHP001104,2026-01-17,2026-01-18,2026-01-24,Raipur,Mumbai,Central,LTL,CARR_12,CUST_062,2026-01-24,2026-01-23,27642.25,2254,Delivered
SHP002159,2026-02-18,2026-02-20,2026-02-24,Bhopal,Delhi,Central,FTL,CARR_08,CUST_005,2026-02-24,2026-02-28,36153.96,1670,Delivered
SHP003082,2026-03-19,2026-03-20,2026-03-28,Patna,Chennai,East,FTL,CARR_03,CUST_088,2026-03-28,2026-03-22,68019.35,2468,Delivered
SHP002031,2026-01-31,2026-02-03,2026-02-11,Lucknow,Guwahati,North,LTL,CARR_03,CUST_015,2026-02-11,2026-02-04,3754.77,309,Delayed
SHP004448,2026-03-17,2026-03-19,2026-03-27,Surat,Kolkata,West,LTL,CARR_05,CUST_030,2026-03-27,2026-03-27,24547.61,1859,Delivered
SHP001950,2026-06-01,2026-06-03,2026-06-08,Pune,Hyderabad,West,PTL,CARR_10,CUST_108,2026-06-08,2026-06-06,8072.73,1174,Delivered
SHP001071,2026-02-08,2026-02-09,2026-02-12,Mumbai,Bhopal,West,FTL,CARR_01,CUST_082,2026-02-12,2026-02-11,15362.1,694,Delivered
SHP002500,2026-05-03,2026-05-06,2026-05-12,Jaipur,Pune,North,LTL,CARR_01,CUST_080,2026-05-12,2026-05-09,4032.68,361,Delayed
SHP003109,2026-01-26,2026-01-27,2026-02-04,Bengaluru,Mumbai,South,LTL,CARR_14,CUST_020,2026-02-04,,20409.35,1618,Delayed
SHP000805,2026-05-21,2026-05-24,2026-05-31,Bhubaneswar,Hyderabad,East,FTL,CARR_14,CUST_063,2026-05-31,2026-05-26,39167.0,1452,Delivered
SHP004030,2026-05-19,2026-05-20,2026-05-23,Hyderabad,Bhopal,South,FTL,CARR_08,CUST_050,2026-05-23,,11670.58,491,Delivered
SHP000590,2026-02-17,2026-02-17,2026-02-23,Raipur,Raipur,Central,LTL,CARR_05,CUST_027,2026-02-23,2026-02-20,11616.37,942,Delivered
SHP004249,2026-03-10,2026-03-10,2026-03-12,Bengaluru,Indore,South,LTL,CARR_04,CUST_036,2026-03-12,,19131.83,1540,Delivered
SHP001392,2026-03-18,2026-03-19,2026-03-26,Mumbai,Jaipur,West,FTL,CARR_02,CUST_056,2026-03-26,2026-03-23,11020.69,456,Delivered
SHP002527,2026-05-09,2026-05-09,2026-05-14,Lucknow,Bengaluru,North,LTL,CARR_01,CUST_076,2026-05-14,2026-05-16,30113.67,2234,Delivered
SHP001416,2026-03-03,2026-03-03,2026-03-05,Bengaluru,Bhopal,South,LTL,CARR_14,CUST_003,2026-03-05,,10568.77,767,Delivered
SHP001735,2026-04-09,2026-04-10,2026-04-15,Ahmedabad,Delhi,West,LTL,CARR_05,CUST_068,2026-04-15,,17764.16,1373,Cancelled
SHP003339,2026-04-21,2026-04-22,2026-04-28,Kochi,Indore,South,LTL,CARR_03,CUST_058,2026-04-28,,5477.9,450,Delivered
SHP002456,2026-06-25,2026-06-27,2026-07-04,Chennai,Jaipur,South,LTL,CARR_06,CUST_054,2026-07-04,,6996.45,541,Delivered
SHP000176,2026-06-16,2026-06-17,2026-06-22,Kolkata,Bhubaneswar,East,FTL,CARR_11,CUST_116,2026-06-22,,34730.08,1301,In-Transit
SHP002669,2026-01-12,2026-01-13,2026-01-15,Raipur,Pune,Central,FTL,CARR_11,CUST_098,2026-01-15,,26923.31,1201,Cancelled
SHP000279,2026-06-17,2026-06-17,2026-06-19,Nagpur,Nagpur,Central,LTL,CARR_06,CUST_031,2026-06-19,2026-06-20,15348.05,1180,Delivered
SHP001384,2026-03-24,2026-03-27,2026-03-30,Indore,Nagpur,Central,PTL,CARR_09,CUST_022,2026-03-30,2026-04-04,14829.38,1706,Delivered
SHP002549,2026-02-20,2026-02-20,2026-02-27,Bengaluru,Kolkata,South,LTL,CARR_04,CUST_061,2026-02-27,,20019.54,1907,Delivered
SHP003851,2026-04-25,2026-04-26,2026-04-30,Raipur,Guwahati,Central,LTL,CARR_09,CUST_096,2026-04-30,2026-05-02,27886.32,2095,Delayed
SHP004567,2026-02-16,2026-02-16,2026-02-18,Chennai,Jaipur,South,PTL,CARR_08,CUST_083,2026-02-18,,14579.57,1905,Delivered
SHP003542,2026-06-13,2026-06-15,2026-06-17,Kolkata,Pune,East,LTL,CARR_05,CUST_069,2026-06-17,2026-06-21,15881.06,1537,Delivered
SHP002725,2026-05-01,2026-05-04,2026-05-10,Nagpur,Lucknow,Central,LTL,CARR_05,CUST_092,2026-05-10,2026-05-14,28702.61,2132,Delivered
SHP004835,2026-04-18,2026-04-18,2026-04-21,Delhi,Delhi,North,FTL,CARR_11,CUST_020,2026-04-21,2026-04-25,8634.33,304,Delivered
SHP000859,2026-01-11,2026-01-13,2026-01-20,Bengaluru,Hyderabad,South,FTL,CARR_07,CUST_044,2026-01-20,,72937.05,378,Cancelled
SHP002661,2026-01-01,2026-01-04,2026-01-08,Kolkata,Pune,East,LTL,CARR_09,CUST_042,2026-01-08,2026-01-07,14736.1,1339,Delivered
SHP000745,2026-04-22,2026-04-22,2026-04-25,Hyderabad,Kolkata,South,FTL,CARR_14,CUST_027,2026-04-25,,64125.0,2324,Delivered
SHP004962,2026-06-13,2026-06-15,2026-06-17,Pune,Lucknow,West,PTL,CARR_14,CUST_077,2026-06-17,2026-06-25,10939.73,1490,Delivered
SHP001656,2026-03-08,2026-03-10,2026-03-16,Delhi,Indore,North,LTL,CARR_05,CUST_047,2026-03-16,2026-03-17,21260.07,1985,Delivered
SHP000161,2026-05-31,2026-06-01,2026-06-03,Chennai,Ahmedabad,South,FTL,CARR_13,CUST_087,2026-06-03,2026-06-07,44663.16,2027,Delivered
SHP002347,2026-05-30,2026-05-30,2026-06-03,Bhubaneswar,Ahmedabad,East,LTL,CARR_03,CUST_031,2026-06-03,2026-05-31,4749.29,347,Delivered
SHP003305,2026-02-18,2026-02-21,2026-02-27,Lucknow,Kolkata,North,FTL,CARR_08,CUST_030,2026-02-27,2026-02-28,24627.47,1156,Delivered
SHP003812,2026-04-15,2026-04-15,2026-04-20,Delhi,Bhubaneswar,North,FTL,CARR_11,CUST_010,2026-04-20,2026-04-25,34384.97,1308,Delivered
SHP002502,2026-04-26,2026-04-26,2026-04-28,Raipur,Bhubaneswar,Central,PTL,CARR_14,CUST_047,2026-04-28,2026-04-30,16607.83,2242,Delivered
SHP003556,2026-01-22,2026-01-22,2026-01-28,Pune,Raipur,West,LTL,CARR_09,CUST_066,2026-01-28,2026-01-27,19238.21,1563,Delayed
SHP004321,2026-05-01,2026-05-04,2026-05-11,Delhi,Bhubaneswar,North,FTL,CARR_09,CUST_069,2026-05-11,2026-05-09,45545.2,1818,Delivered
SHP001000,2026-05-16,2026-05-16,2026-05-22,Jaipur,Delhi,North,PTL,CARR_05,CUST_107,2026-05-22,,519.95,70,In-Transit
SHP003675,2026-05-29,2026-05-30,2026-06-05,Jaipur,Surat,North,LTL,CARR_14,CUST_050,2026-06-05,2026-06-08,7649.6,663,Delivered
SHP004842,2026-06-10,2026-06-13,2026-06-16,Kochi,Kolkata,South,FTL,CARR_03,CUST_068,2026-06-16,,14560.54,540,Delivered
SHP001949,2026-02-11,2026-02-13,2026-02-19,Chennai,Chennai,South,LTL,CARR_02,CUST_089,2026-02-19,,16078.27,1402,Delivered
SHP000839,2026-03-16,2026-03-16,2026-03-23,Bhopal,Lucknow,Central,FTL,CARR_12,CUST_015,2026-03-23,2026-03-20,40200.75,1404,Delayed
SHP002147,2026-05-19,2026-05-19,2026-05-22,Surat,Guwahati,West,LTL,CARR_04,CUST_047,2026-05-22,2026-05-28,6125.69,512,Delivered
SHP002745,2026-06-28,2026-07-01,2026-07-08,Surat,Guwahati,West,PTL,CARR_09,CUST_066,2026-07-08,2026-07-05,14360.52,2047,Delayed
SHP000442,2026-06-10,2026-06-11,2026-06-16,Nagpur,Delhi,Central,PTL,CARR_11,CUST_079,2026-06-16,,6403.18,862,Cancelled
SHP001812,2026-03-10,2026-03-11,2026-03-14,Nagpur,Lucknow,Central,LTL,CARR_06,CUST_104,2026-03-14,2026-03-21,17761.17,1302,Delivered
SHP002567,2026-05-31,2026-06-03,2026-06-11,Lucknow,Bengaluru,North,PTL,CARR_06,CUST_061,2026-06-11,2026-06-09,13197.86,1778,Delivered
SHP001568,2026-02-23,2026-02-26,2026-03-03,Jaipur,Chennai,North,PTL,CARR_07,CUST_078,2026-03-03,,98831.93,956,In-Transit
SHP002801,2026-06-22,2026-06-23,2026-06-25,Guwahati,Delhi,East,FTL,CARR_13,CUST_114,2026-06-25,2026-06-27,41029.03,1642,Delivered
SHP002787,2026-01-09,2026-01-11,2026-01-17,Kochi,Mumbai,South,LTL,CARR_12,CUST_056,2026-01-17,,5626.26,473,Delivered
SHP001292,2026-06-28,2026-07-01,2026-07-08,Kolkata,Mumbai,East,FTL,CARR_02,CUST_080,2026-07-08,,21099.52,888,Cancelled
SHP003612,2026-04-03,2026-04-06,2026-04-08,Bhubaneswar,Chandigarh,East,LTL,CARR_15,CUST_079,2026-04-08,2026-04-12,17789.37,1380,Delivered
SHP001713,2026-03-26,2026-03-28,2026-04-05,Indore,Chandigarh,Central,PTL,CARR_09,CUST_049,2026-04-05,2026-04-06,3875.26,503,Delivered
SHP001748,2026-04-30,2026-04-30,2026-05-07,Hyderabad,Jaipur,South,FTL,CARR_10,CUST_060,2026-05-07,,5407.99,245,Delayed
SHP003992,2026-05-10,2026-05-11,2026-05-16,Chandigarh,Raipur,North,FTL,CARR_02,CUST_010,2026-05-16,2026-05-19,6983.22,325,Delivered
SHP002433,2026-04-27,2026-04-28,2026-05-02,Chennai,Indore,South,LTL,CARR_05,CUST_020,2026-05-02,,31402.99,2461,Delivered
SHP002460,2026-02-26,2026-02-28,2026-03-07,Nagpur,Nagpur,Central,FTL,CARR_01,CUST_067,2026-03-07,2026-03-05,32870.72,1193,Delivered
SHP004990,2026-05-03,2026-05-05,2026-05-08,Kochi,Jaipur,South,LTL,CARR_03,CUST_114,2026-05-08,,24397.16,1974,In-Transit
SHP000565,2026-02-01,2026-02-03,2026-02-09,Bengaluru,Indore,South,PTL,CARR_01,CUST_011,2026-02-09,,5877.12,752,Delayed
SHP001426,2026-06-18,2026-06-21,2026-06-24,Delhi,Delhi,North,FTL,CARR_01,CUST_084,2026-06-24,2026-06-28,9237.92,325,Delivered
SHP002485,2026-02-15,2026-02-18,2026-02-23,Nagpur,Pune,Central,FTL,CARR_10,CUST_051,2026-02-23,2026-02-24,29445.89,1271,Delivered
SHP002341,2026-03-22,2026-03-24,2026-03-27,Delhi,Chandigarh,North,FTL,CARR_04,CUST_074,2026-03-27,,6345.32,251,In-Transit
SHP003510,2026-03-16,2026-03-18,2026-03-25,Nagpur,Lucknow,Central,FTL,CARR_12,CUST_064,2026-03-25,2026-03-24,40239.71,1513,Delivered
SHP003660,2026-02-15,2026-02-16,2026-02-21,Indore,Bhubaneswar,Central,FTL,CARR_05,CUST_007,2026-02-21,2026-02-19,58049.4,2030,Delivered
SHP001801,2026-03-02,2026-03-05,2026-03-10,Jaipur,Hyderabad,North,LTL,CARR_08,CUST_106,2026-03-10,2026-03-08,6672.42,583,Delivered
SHP004487,2026-03-04,2026-03-06,2026-03-08,Surat,Patna,West,PTL,CARR_06,CUST_074,2026-03-08,,13780.33,1562,In-Transit
SHP000131,2026-04-03,2026-04-03,2026-04-05,Chennai,Bhopal,South,LTL,CARR_09,CUST_091,2026-04-05,,3981.44,302,Delayed
SHP000365,2026-03-13,2026-03-15,2026-03-21,Bhopal,Guwahati,Central,FTL,CARR_09,CUST_010,2026-03-21,2026-03-18,27976.95,1200,Delivered
SHP000487,2026-04-09,2026-04-09,2026-04-11,Chennai,Nagpur,South,LTL,CARR_13,CUST_065,2026-04-11,,16064.66,1353,Delivered
SHP001741,2026-02-22,2026-02-25,2026-03-03,Guwahati,Kochi,East,FTL,CARR_11,CUST_043,2026-03-03,2026-03-02,52089.95,2398,Delivered
SHP002828,2026-06-27,2026-06-29,2026-07-07,Hyderabad,Surat,South,PTL,CARR_15,CUST_062,2026-07-07,,7385.86,1052,Delayed
SHP003967,2026-03-07,2026-03-10,2026-03-16,Indore,Kolkata,Central,LTL,CARR_02,CUST_103,2026-03-16,2026-03-11,10591.83,774,Delivered
SHP003371,2026-04-12,2026-04-13,2026-04-19,Surat,Surat,West,FTL,CARR_08,CUST_013,2026-04-19,,59025.15,2322,Cancelled
SHP002513,2026-05-09,2026-05-11,2026-05-16,Kolkata,Raipur,East,LTL,CARR_09,CUST_086,2026-05-16,,17842.15,1398,In-Transit
SHP001740,2026-03-08,2026-03-10,2026-03-12,Raipur,Surat,Central,FTL,CARR_06,CUST_042,2026-03-12,2026-03-17,33777.54,1463,Delivered
SHP004594,2026-04-13,,2026-04-22,Mumbai,Guwahati,West,FTL,CARR_09,CUST_070,2026-04-22,2026-04-22,37433.38,1434,Delivered
SHP002999,2026-04-11,2026-04-14,2026-04-21,Raipur,Mumbai,Central,PTL,CARR_08,CUST_014,2026-04-21,2026-04-16,9219.74,1146,Delivered
SHP000083,2026-05-31,2026-06-03,2026-06-05,Ahmedabad,Lucknow,West,PTL,CARR_04,CUST_056,2026-06-05,,14853.95,1671,In-Transit
SHP000677,2026-01-19,2026-01-19,2026-01-27,Nagpur,Lucknow,Central,LTL,CARR_07,CUST_112,2026-01-27,2026-01-22,207058.76,2168,Delivered
SHP000285,2026-03-22,2026-03-25,2026-04-02,Mumbai,Bhopal,West,PTL,CARR_06,CUST_080,2026-04-02,2026-04-04,9374.07,1175,Delayed
SHP001694,2026-04-15,2026-04-15,2026-04-18,Lucknow,Hyderabad,North,LTL,CARR_13,CUST_096,2026-04-18,2026-04-22,16536.05,1373,Delivered
SHP003110,2026-01-07,2026-01-07,2026-01-15,Lucknow,Mumbai,North,LTL,CARR_11,CUST_104,2026-01-15,2026-01-10,13695.34,1014,Delivered
SHP002187,2026-03-19,2026-03-19,2026-03-21,Kolkata,Delhi,East,FTL,CARR_09,CUST_020,2026-03-21,2026-03-24,49898.06,2278,Delivered
SHP003286,2026-04-06,2026-04-09,2026-04-17,Chandigarh,Hyderabad,North,FTL,CARR_07,CUST_081,2026-04-17,2026-04-16,86225.08,276,Delivered
SHP004584,2026-04-21,2026-04-22,2026-04-27,Pune,Kolkata,West,LTL,CARR_08,CUST_003,2026-04-27,2026-04-26,29741.93,2250,Delivered
SHP000257,2026-06-05,2026-06-05,2026-06-13,Delhi,Kolkata,North,FTL,CARR_11,CUST_039,2026-06-13,,44411.73,1842,Cancelled
SHP000146,2026-01-16,2026-01-19,2026-01-21,Bengaluru,Bengaluru,South,FTL,CARR_08,CUST_048,2026-01-21,,1943.6,77,Delivered
SHP001864,2026-03-12,2026-03-12,2026-03-15,Nagpur,Kolkata,Central,LTL,CARR_08,CUST_056,2026-03-15,2026-03-16,12649.21,972,Delivered
SHP004063,2026-02-23,,2026-03-02,Delhi,Bhopal,North,FTL,CARR_05,CUST_103,2026-03-02,2026-03-02,53927.83,1876,Delivered
SHP000219,2026-02-11,2026-02-13,2026-02-17,Raipur,Kochi,Central,LTL,CARR_06,CUST_045,2026-02-17,2026-02-15,1877.85,162,Delivered
SHP002558,2026-06-26,2026-06-29,2026-07-05,Chandigarh,Bengaluru,North,FTL,CARR_08,CUST_011,2026-07-05,2026-07-01,57109.61,2434,Delivered
SHP000402,2026-06-20,2026-06-21,2026-06-28,Indore,Guwahati,Central,PTL,CARR_13,CUST_074,2026-06-28,2026-07-01,14159.89,1860,Delivered
SHP003431,2026-02-14,2026-02-14,2026-02-22,Guwahati,Chennai,East,LTL,CARR_13,CUST_004,2026-02-22,2026-02-16,7277.42,544,Delayed
SHP004060,2026-01-31,2026-02-02,2026-02-07,Chennai,Indore,South,PTL,CARR_14,CUST_065,2026-02-07,,7606.03,1006,Delivered
SHP004207,2026-03-05,2026-03-06,2026-03-10,Chennai,Ahmedabad,South,PTL,CARR_03,CUST_065,2026-03-10,,7295.52,1016,Delivered
SHP000074,2026-06-17,2026-06-18,2026-06-23,Ahmedabad,Surat,West,FTL,CARR_12,CUST_015,2026-06-23,,23988.3,985,Cancelled
SHP000679,2026-02-21,2026-02-23,2026-02-26,Lucknow,Kolkata,North,FTL,CARR_07,CUST_034,2026-02-26,2026-02-24,245642.83,886,Delayed
SHP002855,2026-03-02,2026-03-02,2026-03-07,Lucknow,Jaipur,North,FTL,CARR_14,CUST_085,2026-03-07,,14253.38,624,Cancelled
SHP000137,2026-01-15,2026-01-16,2026-01-20,Lucknow,Pune,North,LTL,CARR_13,CUST_111,2026-01-20,,13255.06,1009,In-Transit
SHP000987,2026-03-17,2026-03-20,2026-03-27,Bengaluru,Chennai,South,PTL,CARR_04,CUST_017,2026-03-27,,13882.78,1891,Delivered
SHP002896,,2026-04-09,2026-04-11,Nagpur,Bhubaneswar,Central,PTL,CARR_15,CUST_090,2026-04-11,,17055.31,2291,In-Transit
SHP004714,2026-05-21,2026-05-21,2026-05-29,Pune,Delhi,West,FTL,CARR_10,CUST_041,2026-05-29,2026-05-26,24793.05,1159,Delivered
SHP003836,2026-05-21,2026-05-24,2026-05-28,Jaipur,Kochi,North,FTL,CARR_02,CUST_098,2026-05-28,2026-05-31,43211.66,1733,Delivered
SHP003379,2026-05-30,2026-06-01,2026-06-06,Bengaluru,Bhopal,South,LTL,CARR_11,CUST_035,2026-06-06,,9251.35,695,Delivered
SHP000287,2026-03-08,2026-03-09,2026-03-13,Kochi,Bhopal,South,FTL,CARR_10,CUST_111,2026-03-13,,23759.24,1021,Delayed
SHP003579,2026-05-05,2026-05-05,2026-05-10,Surat,Bhubaneswar,West,LTL,CARR_08,CUST_116,2026-05-10,2026-05-11,11113.76,1009,Delivered
SHP002598,2026-04-09,2026-04-12,2026-04-19,Patna,Bhopal,East,FTL,CARR_15,CUST_029,2026-04-19,,11999.01,540,In-Transit
SHP000426,2026-06-15,2026-06-17,2026-06-19,Guwahati,Kolkata,East,LTL,CARR_04,CUST_031,2026-06-19,2026-06-27,4238.36,318,Delivered
SHP002848,2026-04-18,2026-04-19,2026-04-26,Guwahati,Lucknow,East,LTL,CARR_06,CUST_112,2026-04-26,2026-04-25,19933.27,1594,Delivered
SHP001923,2026-02-28,2026-03-03,2026-03-11,Kolkata,Chennai,East,LTL,CARR_13,CUST_079,2026-03-11,,21479.38,1669,In-Transit
SHP002413,2026-02-13,2026-02-15,2026-02-22,Indore,Bengaluru,Central,FTL,CARR_12,CUST_097,2026-02-22,2026-02-16,18399.31,739,Delivered
SHP000792,2026-03-20,2026-03-21,2026-03-23,Hyderabad,Nagpur,South,FTL,CARR_03,CUST_027,2026-03-23,,57557.69,2234,Cancelled
SHP002420,2026-03-05,2026-03-07,2026-03-12,Hyderabad,Hyderabad,South,FTL,CARR_04,CUST_075,2026-03-12,,2762.16,124,Delivered
SHP002056,2026-02-03,2026-02-03,2026-02-09,Delhi,Surat,North,FTL,CARR_12,CUST_120,2026-02-09,2026-02-09,55307.69,2469,Delivered
SHP004430,2026-03-14,2026-03-17,2026-03-20,Hyderabad,Chennai,South,LTL,CARR_06,CUST_099,2026-03-20,,9781.33,750,Delivered
SHP002274,2026-04-01,2026-04-04,2026-04-08,Pune,Chennai,West,LTL,CARR_14,CUST_049,2026-04-08,,3603.37,316,In-Transit
SHP004099,2026-05-24,2026-05-26,2026-06-01,Bengaluru,Pune,South,FTL,CARR_15,CUST_026,2026-06-01,,25975.75,1073,In-Transit
SHP000230,2026-04-14,2026-04-14,2026-04-17,Hyderabad,Ahmedabad,South,LTL,CARR_03,CUST_117,2026-04-17,,6433.69,587,Delivered
SHP000328,2026-06-13,2026-06-15,2026-06-23,Guwahati,Ahmedabad,East,LTL,CARR_15,CUST_106,2026-06-23,2026-06-18,8668.6,819,Delivered
SHP001608,2026-01-24,2026-01-26,2026-01-29,Chandigarh,Jaipur,North,LTL,CARR_08,CUST_073,2026-01-29,2026-02-02,28663.41,2119,Delayed
SHP001166,2026-02-13,2026-02-13,2026-02-20,Patna,Bengaluru,East,FTL,CARR_07,CUST_090,2026-02-20,2026-02-23,189731.67,750,Delivered
SHP003171,2026-06-02,2026-06-02,2026-06-07,Lucknow,Bhopal,North,FTL,CARR_06,CUST_116,2026-06-07,2026-06-06,32918.61,1435,Delayed
SHP000020,2026-05-22,2026-05-23,2026-05-27,Indore,Chandigarh,Central,FTL,CARR_15,CUST_014,2026-05-27,2026-05-28,24288.47,912,Delivered
SHP004319,2026-01-12,2026-01-12,2026-01-18,Bengaluru,Ahmedabad,South,FTL,CARR_13,CUST_098,2026-01-18,,54446.27,2294,Delivered
SHP001739,2026-02-20,2026-02-22,2026-02-24,Mumbai,Delhi,West,FTL,CARR_13,CUST_027,2026-02-24,2026-03-03,9473.34,344,Delivered
SHP001427,2026-05-28,2026-05-31,2026-06-03,Kolkata,Hyderabad,East,FTL,CARR_04,CUST_067,2026-06-03,2026-06-06,56389.22,2276,Delivered
SHP001589,2026-03-06,2026-03-08,2026-03-14,Chandigarh,Mumbai,North,PTL,CARR_11,CUST_087,2026-03-14,2026-03-15,4080.31,595,Delayed
SHP004455,2026-06-20,2026-06-23,2026-06-29,Delhi,Bhubaneswar,North,LTL,CARR_05,CUST_075,2026-06-29,2026-06-27,13223.59,1292,Delivered
SHP000718,2026-03-21,2026-03-23,2026-03-29,Nagpur,Lucknow,Central,FTL,CARR_10,CUST_110,2026-03-29,2026-03-30,3409.84,145,Delivered
SHP003569,2026-05-09,2026-05-09,2026-05-15,Chandigarh,Indore,North,FTL,CARR_14,CUST_077,2026-05-15,2026-05-12,30130.35,1291,Delayed
SHP002545,2026-04-18,2026-04-19,2026-04-26,Bhopal,Lucknow,Central,LTL,CARR_01,CUST_065,2026-04-26,2026-04-23,18423.36,1606,Delivered
SHP002200,2026-04-18,2026-04-20,2026-04-23,Jaipur,Raipur,North,LTL,CARR_02,CUST_067,2026-04-23,2026-04-25,19443.37,1825,Delivered
SHP002196,2026-01-08,2026-01-11,2026-01-17,Chennai,Mumbai,South,LTL,CARR_06,CUST_033,2026-01-17,,17703.05,1336,Delayed
SHP003713,2026-05-09,2026-05-10,2026-05-18,Patna,Kolkata,East,LTL,CARR_11,CUST_091,2026-05-18,2026-05-15,18471.8,1467,Delivered
SHP000826,2026-05-24,2026-05-27,2026-06-03,Surat,Raipur,West,FTL,CARR_03,CUST_003,2026-06-03,2026-06-05,7971.11,285,Delivered
SHP001839,2026-02-01,2026-02-03,2026-02-09,Bhopal,Kochi,Central,LTL,CARR_11,CUST_076,2026-02-09,2026-02-05,13467.83,1068,Delivered
SHP004787,2026-01-22,2026-01-23,2026-01-25,Bengaluru,Jaipur,South,FTL,CARR_06,CUST_096,2026-01-25,2026-01-31,48906.43,2126,Delivered
SHP001507,2026-06-01,2026-06-02,2026-06-07,Nagpur,Surat,Central,FTL,CARR_12,CUST_017,2026-06-07,2026-06-11,32319.41,1232,Delayed
SHP003819,2026-02-28,2026-03-02,2026-03-08,Mumbai,Bhopal,West,LTL,CARR_08,CUST_046,2026-03-08,2026-03-03,19269.76,1820,Delivered
SHP003344,2026-03-02,2026-03-02,2026-03-06,Ahmedabad,Ahmedabad,West,PTL,CARR_02,CUST_025,2026-03-06,2026-03-04,3488.52,424,Delivered
SHP001691,2026-06-13,2026-06-16,2026-06-22,Nagpur,Hyderabad,Central,LTL,CARR_06,CUST_079,2026-06-22,2026-06-26,14291.84,1392,Delayed
SHP002824,2026-05-30,2026-05-30,2026-06-03,Bhopal,Kolkata,Central,LTL,CARR_04,CUST_042,2026-06-03,,3371.07,266,In-Transit
SHP000834,2026-05-22,2026-05-22,2026-05-25,Hyderabad,Surat,South,LTL,CARR_02,CUST_086,2026-05-25,,16566.78,1547,Delayed
SHP002369,2026-03-17,2026-03-18,2026-03-25,Chandigarh,Indore,North,LTL,CARR_05,CUST_075,2026-03-25,,16114.46,1360,Cancelled
SHP004089,2026-04-12,2026-04-12,2026-04-20,Mumbai,Ahmedabad,West,FTL,CARR_03,CUST_021,2026-04-20,2026-04-15,19713.83,851,Delayed
SHP001453,2026-01-17,2026-01-19,2026-01-23,Kochi,Mumbai,South,FTL,CARR_06,CUST_103,2026-01-23,,3506.99,161,Delayed
SHP001036,2026-04-27,2026-04-30,2026-05-05,Mumbai,Surat,West,LTL,CARR_15,CUST_016,2026-05-05,2026-05-01,23015.94,2083,Delivered
SHP003071,2026-02-15,2026-02-18,2026-02-21,Patna,Chandigarh,East,PTL,CARR_05,CUST_058,2026-02-21,2026-02-28,17474.86,2420,Delivered
SHP002287,2026-03-05,2026-03-05,2026-03-13,Bhopal,Chennai,Central,LTL,CARR_08,CUST_078,2026-03-13,,7499.95,696,In-Transit
SHP003336,2026-01-27,2026-01-29,2026-02-02,Bhopal,Kolkata,Central,LTL,CARR_05,CUST_096,2026-02-02,2026-01-30,3589.76,294,Delivered
SHP002906,2026-04-07,2026-04-10,2026-04-14,Delhi,Bhopal,North,PTL,CARR_12,CUST_089,2026-04-14,,6499.23,843,Cancelled
SHP002935,2026-06-09,2026-06-09,2026-06-11,Chennai,Raipur,South,LTL,CARR_10,CUST_047,2026-06-11,,15988.42,1444,Delivered
SHP002314,2026-01-21,2026-01-23,2026-01-31,Bhubaneswar,Indore,East,LTL,CARR_05,CUST_022,2026-01-31,2026-01-26,14788.87,1279,Delivered
SHP003241,2026-06-25,2026-06-26,2026-06-29,Nagpur,Mumbai,Central,PTL,CARR_08,CUST_026,2026-06-29,2026-06-27,3156.28,376,Delivered
SHP000156,2026-06-08,2026-06-11,2026-06-16,Mumbai,Hyderabad,West,FTL,CARR_07,CUST_043,2026-06-16,2026-06-17,392872.79,1421,Delivered
SHP004676,2026-03-11,2026-03-14,2026-03-17,Indore,Indore,Central,FTL,CARR_12,CUST_111,2026-03-17,2026-03-22,50942.24,1970,Delivered
SHP004357,2026-05-21,2026-05-23,2026-05-28,Mumbai,Chandigarh,West,LTL,CARR_01,CUST_110,2026-05-28,2026-05-24,20983.12,1546,Delivered
SHP003162,2026-06-20,2026-06-23,2026-06-27,Hyderabad,Bengaluru,South,LTL,CARR_11,CUST_102,2026-06-27,,13025.85,1092,Delivered
SHP001538,2026-02-27,2026-02-28,2026-03-04,Hyderabad,Bhopal,South,LTL,CARR_02,CUST_025,2026-03-04,,11104.27,932,Delivered
SHP002968,2026-02-23,2026-02-26,2026-02-28,Lucknow,Bhopal,North,LTL,CARR_12,CUST_004,2026-02-28,2026-03-07,615.75,58,Delivered
SHP004578,2026-01-02,2026-01-02,2026-01-07,Guwahati,Lucknow,East,LTL,CARR_08,CUST_040,2026-01-07,2026-01-05,1849.44,172,Delivered
SHP001818,2026-03-30,2026-03-30,2026-04-06,Bhopal,Bhopal,Central,PTL,CARR_14,CUST_094,2026-04-06,2026-04-05,8242.34,964,Delivered
SHP002609,2026-03-13,2026-03-16,2026-03-24,Kochi,Hyderabad,South,PTL,CARR_11,CUST_088,2026-03-24,,6011.59,693,Delivered
SHP001016,2026-05-16,2026-05-17,2026-05-19,Bhubaneswar,Kochi,East,PTL,CARR_15,CUST_071,2026-05-19,2026-05-24,6757.39,918,Delivered
SHP004169,2026-04-30,2026-05-03,2026-05-08,Bengaluru,Guwahati,South,LTL,CARR_01,CUST_093,2026-05-08,,542.02,52,Delivered
SHP002244,2026-04-22,2026-04-25,2026-05-01,Kolkata,Bhubaneswar,East,PTL,CARR_14,CUST_065,2026-05-01,2026-04-27,4955.6,661,Delivered
SHP000523,2026-06-08,2026-06-11,2026-06-16,Guwahati,Nagpur,East,LTL,CARR_03,CUST_116,2026-06-16,2026-06-19,10184.46,801,Delivered
SHP004868,2026-04-19,2026-04-22,2026-04-25,Ahmedabad,Bhopal,West,PTL,CARR_08,CUST_077,2026-04-25,2026-04-26,10506.49,1461,Delivered
SHP000496,2026-01-01,2026-01-04,2026-01-12,Patna,Jaipur,East,LTL,CARR_15,CUST_059,2026-01-12,2026-01-05,16142.6,1373,Delayed
SHP004949,2026-05-07,,2026-05-10,Bhopal,Chandigarh,Central,FTL,CARR_06,CUST_076,2026-05-10,2026-05-09,29441.68,1119,Delayed
SHP003359,2026-06-08,2026-06-11,2026-06-19,Kolkata,Delhi,East,PTL,CARR_11,CUST_098,2026-06-19,2026-06-19,8479.21,1047,Delivered
SHP000329,2026-01-21,2026-01-24,2026-01-30,Nagpur,Nagpur,Central,FTL,CARR_01,CUST_046,2026-01-30,2026-01-27,52382.58,1970,Delivered
SHP002041,2026-02-10,2026-02-13,2026-02-21,Raipur,Mumbai,Central,FTL,CARR_06,CUST_049,2026-02-21,2026-02-21,27176.82,1259,Delivered
SHP002872,2026-06-29,2026-07-01,2026-07-08,Raipur,Pune,Central,FTL,CARR_03,CUST_038,2026-07-08,2026-07-03,44214.09,1788,Delivered
SHP002191,2026-04-29,2026-04-30,2026-05-05,Chennai,Indore,South,LTL,CARR_14,CUST_089,2026-05-05,,20859.5,1597,Delivered
SHP004203,2026-03-21,2026-03-21,2026-03-23,Bhopal,Lucknow,Central,FTL,CARR_03,CUST_106,2026-03-23,2026-03-22,45831.89,1910,Delivered
SHP004120,,2026-05-17,2026-05-20,Kochi,Pune,South,LTL,CARR_15,CUST_112,2026-05-20,,11324.71,948,Delivered
SHP001706,2026-04-16,2026-04-19,2026-04-25,Surat,Jaipur,West,LTL,CARR_12,CUST_075,2026-04-25,2026-04-26,8325.37,653,Delivered
SHP004223,2026-05-17,2026-05-19,2026-05-25,Kochi,Delhi,South,PTL,CARR_09,CUST_099,2026-05-25,,2774.79,381,Delayed
SHP004128,2026-04-02,2026-04-02,2026-04-05,Chandigarh,Jaipur,North,FTL,CARR_08,CUST_030,2026-04-05,2026-04-12,10179.15,431,Delayed
SHP001094,2026-05-19,2026-05-19,2026-05-24,Guwahati,Chandigarh,East,FTL,CARR_01,CUST_034,2026-05-24,2026-05-26,33752.21,1361,Delivered
SHP002469,2026-05-16,2026-05-17,2026-05-25,Bhubaneswar,Mumbai,East,FTL,CARR_07,CUST_025,2026-05-25,2026-05-27,450609.05,1672,Delivered
SHP004969,2026-03-17,2026-03-20,2026-03-26,Bengaluru,Lucknow,South,FTL,CARR_06,CUST_075,2026-03-26,,36315.48,1647,In-Transit
SHP000654,2026-02-13,2026-02-13,2026-02-17,Ahmedabad,Chandigarh,West,PTL,CARR_15,CUST_010,2026-02-17,2026-02-23,16317.17,1990,Delivered
SHP000625,2026-05-19,2026-05-22,2026-05-26,Kochi,Ahmedabad,South,FTL,CARR_10,CUST_021,2026-05-26,2026-05-29,47876.69,1841,Delivered
SHP004292,2026-06-24,2026-06-27,2026-06-29,Jaipur,Mumbai,North,PTL,CARR_05,CUST_050,2026-06-29,,14061.8,1975,In-Transit
SHP003290,,2026-03-04,2026-03-08,Bhopal,Chennai,Central,FTL,CARR_15,CUST_069,2026-03-08,2026-03-09,16533.79,715,Delivered
SHP004414,2026-03-05,2026-03-06,2026-03-11,Kochi,Ahmedabad,South,PTL,CARR_14,CUST_042,2026-03-11,,4453.23,589,Delivered
SHP002963,2026-04-06,2026-04-06,2026-04-12,Chandigarh,Patna,North,LTL,CARR_07,CUST_007,2026-04-12,2026-04-09,247393.94,2443,Delivered
SHP004617,2026-03-08,2026-03-09,2026-03-13,Guwahati,Jaipur,East,FTL,CARR_14,CUST_011,2026-03-13,2026-03-12,24682.92,907,Delivered
SHP000078,2026-06-18,2026-06-21,2026-06-24,Bhubaneswar,Kolkata,East,FTL,CARR_03,CUST_073,2026-06-24,2026-06-23,3839.18,175,Delivered
SHP002584,2026-06-05,2026-06-06,2026-06-10,Indore,Guwahati,Central,LTL,CARR_13,CUST_091,2026-06-10,2026-06-13,9519.23,796,Delivered
SHP004122,2026-06-07,2026-06-10,2026-06-16,Lucknow,Hyderabad,North,LTL,CARR_15,CUST_096,2026-06-16,2026-06-12,16287.07,1558,Delivered
SHP002395,2026-04-17,2026-04-18,2026-04-25,Kochi,Raipur,South,PTL,CARR_05,CUST_062,2026-04-25,,13525.96,1972,Delivered
SHP000209,2026-02-13,2026-02-15,2026-02-20,Jaipur,Raipur,North,FTL,CARR_01,CUST_027,2026-02-20,2026-02-17,12323.27,523,Delivered
SHP003898,2026-06-05,2026-06-05,2026-06-07,Pune,Patna,West,PTL,CARR_09,CUST_071,2026-06-07,,1319.46,153,In-Transit
SHP002209,2026-05-17,2026-05-19,2026-05-23,Indore,Patna,Central,LTL,CARR_12,CUST_011,2026-05-23,,10695.26,908,In-Transit
SHP001789,2026-03-19,2026-03-20,2026-03-24,Bhopal,Patna,Central,PTL,CARR_07,CUST_098,2026-03-24,2026-03-26,15643.49,172,Delayed
SHP004027,2026-02-22,2026-02-24,2026-03-01,Kochi,Bhopal,South,LTL,CARR_05,CUST_031,2026-03-01,2026-03-05,10774.81,784,Delivered
SHP000922,2026-03-03,2026-03-06,2026-03-09,Guwahati,Delhi,East,FTL,CARR_07,CUST_029,2026-03-09,2026-03-16,194944.62,760,Delivered
SHP004481,2026-03-14,2026-03-17,2026-03-24,Lucknow,Mumbai,North,LTL,CARR_15,CUST_026,2026-03-24,,2442.11,211,In-Transit
SHP001635,2026-02-05,2026-02-08,2026-02-12,Bhopal,Patna,Central,FTL,CARR_15,CUST_009,2026-02-12,,27487.6,1002,In-Transit
SHP000399,2026-03-20,2026-03-21,2026-03-24,Bhubaneswar,Surat,East,LTL,CARR_10,CUST_017,2026-03-24,2026-03-26,23458.48,2033,Delivered
SHP002911,2026-03-03,2026-03-06,2026-03-08,Chandigarh,Mumbai,North,FTL,CARR_08,CUST_067,2026-03-08,2026-03-10,57687.0,2180,Delivered
SHP002359,2026-06-08,2026-06-10,2026-06-18,Surat,Hyderabad,West,LTL,CARR_06,CUST_051,2026-06-18,2026-06-13,24698.02,2183,Delivered
SHP001363,2026-03-17,2026-03-18,2026-03-24,Bhopal,Mumbai,Central,LTL,CARR_01,CUST_100,2026-03-24,2026-03-28,16690.27,1573,Delivered
SHP003140,2026-05-02,2026-05-05,2026-05-07,Indore,Bhopal,Central,FTL,CARR_09,CUST_095,2026-05-07,2026-05-06,58979.39,2348,Delivered
SHP002911,2026-03-03,2026-03-06,2026-03-08,Chandigarh,Mumbai,North,FTL,CARR_08,CUST_067,2026-03-08,2026-03-10,57687.0,2180,Delivered
SHP002730,2026-06-02,2026-06-02,2026-06-07,Kochi,Bhopal,South,FTL,CARR_15,CUST_057,2026-06-07,,30368.87,1300,Delivered
SHP001722,2026-06-12,2026-06-14,2026-06-17,Jaipur,Nagpur,North,FTL,CARR_13,CUST_082,2026-06-17,2026-06-22,15053.02,593,Delivered
SHP004682,2026-02-25,2026-02-28,2026-03-05,Ahmedabad,Jaipur,West,LTL,CARR_15,CUST_120,2026-03-05,2026-03-05,9833.78,803,Delivered
SHP003883,2026-03-30,2026-03-30,2026-04-06,Pune,Indore,West,LTL,CARR_06,CUST_035,2026-04-06,2026-04-05,10813.8,790,Delivered
SHP001012,2026-01-11,2026-01-13,2026-01-21,Kolkata,Patna,East,LTL,CARR_07,CUST_096,2026-01-21,2026-01-14,185899.67,1432,Delivered
SHP003404,2026-04-09,2026-04-10,2026-04-17,Nagpur,Patna,Central,LTL,CARR_04,CUST_034,2026-04-17,2026-04-20,31906.99,2341,Delivered
SHP003706,2026-05-07,2026-05-09,2026-05-16,Kochi,Bengaluru,South,FTL,CARR_13,CUST_076,2026-05-16,2026-05-18,8890.99,410,Delivered
SHP004243,2026-04-10,2026-04-13,2026-04-17,Indore,Bhubaneswar,Central,LTL,CARR_01,CUST_056,2026-04-17,2026-04-20,19514.61,1823,Delivered
SHP000785,2026-01-16,2026-01-16,2026-01-23,Surat,Hyderabad,West,PTL,CARR_10,CUST_049,2026-01-23,2026-01-17,10843.03,1453,Delivered
SHP003208,2026-04-08,2026-04-08,2026-04-11,Nagpur,Lucknow,Central,LTL,CARR_13,CUST_033,2026-04-11,,27262.14,2123,Cancelled
SHP002324,2026-04-05,2026-04-06,2026-04-13,Pune,Kochi,West,FTL,CARR_06,CUST_075,2026-04-13,2026-04-15,36687.84,1369,Delivered
SHP001169,2026-03-12,2026-03-14,2026-03-22,Nagpur,Raipur,Central,PTL,CARR_13,CUST_066,2026-03-22,2026-03-19,2245.21,268,Delayed
SHP001391,2026-01-24,2026-01-27,2026-02-03,Indore,Kochi,Central,FTL,CARR_05,CUST_055,2026-02-03,2026-02-03,17992.27,650,Delivered
SHP001240,2026-06-21,2026-06-22,2026-06-25,Bhubaneswar,Raipur,East,FTL,CARR_04,CUST_060,2026-06-25,2026-06-29,33181.71,1265,Delayed
SHP004514,2026-01-24,2026-01-25,2026-01-30,Pune,Jaipur,West,FTL,CARR_14,CUST_067,2026-01-30,2026-02-02,20816.65,942,Delivered
SHP004826,2026-03-27,2026-03-29,2026-04-02,Nagpur,Guwahati,Central,LTL,CARR_13,CUST_045,2026-04-02,2026-03-31,24459.66,1814,Delivered
SHP002696,2026-03-12,2026-03-13,2026-03-20,Nagpur,Bengaluru,Central,PTL,CARR_02,CUST_052,2026-03-20,2026-03-14,8786.93,1058,Delayed
SHP000836,2026-04-22,2026-04-25,2026-04-30,Kochi,Hyderabad,South,PTL,CARR_07,CUST_052,2026-04-30,,10891.71,147,Delivered
SHP004667,2026-05-22,2026-05-25,2026-05-29,Bengaluru,Chandigarh,South,FTL,CARR_09,CUST_014,2026-05-29,,4058.06,147,Delivered
SHP002808,2026-05-20,2026-05-20,2026-05-28,Nagpur,Indore,Central,LTL,CARR_10,CUST_072,2026-05-28,2026-05-27,6325.09,494,Delayed
SHP004283,2026-04-24,2026-04-25,2026-04-29,Guwahati,Ahmedabad,East,PTL,CARR_14,CUST_022,2026-04-29,2026-05-01,12412.65,1405,Delivered
SHP004282,2026-03-30,2026-03-31,2026-04-08,Hyderabad,Patna,South,LTL,CARR_11,CUST_052,2026-04-08,,25453.13,2079,Delivered
SHP003860,2026-02-22,2026-02-24,2026-03-01,Patna,Nagpur,East,LTL,CARR_01,CUST_112,2026-03-01,,29089.67,2498,In-Transit
SHP003694,2026-02-25,2026-02-28,2026-03-08,Bengaluru,Guwahati,South,LTL,CARR_12,CUST_095,2026-03-08,,4634.37,428,Delivered
SHP002605,2026-01-29,2026-01-30,2026-02-07,Bengaluru,Ahmedabad,South,LTL,CARR_02,CUST_065,2026-02-07,,18616.55,1623,Delivered
SHP003979,2026-04-17,2026-04-17,2026-04-20,Raipur,Mumbai,Central,LTL,CARR_08,CUST_035,2026-04-20,,13196.53,1254,In-Transit
SHP001027,2026-05-14,2026-05-15,2026-05-20,Kolkata,Surat,East,LTL,CARR_14,CUST_081,2026-05-20,2026-05-25,21600.65,1734,Delivered
SHP000059,2026-06-25,2026-06-27,2026-07-04,Guwahati,Bhopal,East,LTL,CARR_04,CUST_081,2026-07-04,2026-07-01,4940.16,420,Delivered
SHP003642,2026-01-12,2026-01-12,2026-01-18,Jaipur,Patna,North,FTL,CARR_06,CUST_098,2026-01-18,2026-01-22,28440.79,1038,Delivered
SHP002873,2026-02-21,2026-02-22,2026-02-28,Lucknow,Guwahati,North,FTL,CARR_10,CUST_082,2026-02-28,2026-03-01,27174.5,1017,Delivered
SHP000568,2026-06-12,2026-06-13,2026-06-19,Pune,Nagpur,West,FTL,CARR_12,CUST_035,2026-06-19,2026-06-19,55287.51,2144,Delivered
SHP002093,2026-06-03,2026-06-04,2026-06-08,Chandigarh,Raipur,North,FTL,CARR_04,CUST_003,2026-06-08,2026-06-08,40286.43,1686,Delayed
SHP002352,2026-01-14,2026-01-17,2026-01-23,Kochi,Ahmedabad,South,PTL,CARR_06,CUST_088,2026-01-23,,14850.02,2131,Delivered
SHP004750,2026-03-03,2026-03-04,2026-03-10,Jaipur,Nagpur,North,PTL,CARR_08,CUST_047,2026-03-10,2026-03-10,9203.74,1105,Delivered
SHP001469,2026-03-14,2026-03-15,2026-03-23,Raipur,Jaipur,Central,PTL,CARR_01,CUST_111,2026-03-23,2026-03-18,15215.95,1757,Delivered
SHP002146,2026-05-26,2026-05-29,2026-06-05,Jaipur,Chandigarh,North,FTL,CARR_04,CUST_110,2026-06-05,2026-06-03,60283.91,2223,Delivered
SHP003229,2026-01-25,2026-01-25,2026-02-01,Raipur,Nagpur,Central,FTL,CARR_06,CUST_001,2026-02-01,,37801.33,1532,In-Transit
SHP000145,2026-05-19,2026-05-19,2026-05-21,Hyderabad,Chennai,South,LTL,CARR_08,CUST_024,2026-05-21,,4815.35,354,Delivered
SHP002685,2026-04-21,2026-04-21,2026-04-25,Pune,Kochi,West,LTL,CARR_05,CUST_006,2026-04-25,2026-04-23,11780.74,1114,Delivered
SHP000324,2026-05-24,2026-05-24,2026-05-27,Jaipur,Mumbai,North,FTL,CARR_09,CUST_059,2026-05-27,2026-05-25,52204.97,2218,Delivered
SHP001624,2026-02-06,2026-02-07,2026-02-09,Ahmedabad,Mumbai,West,LTL,CARR_11,CUST_003,2026-02-09,2026-02-08,5979.67,466,Delivered
SHP003149,2026-05-19,2026-05-21,2026-05-27,Delhi,Hyderabad,North,FTL,CARR_10,CUST_049,2026-05-27,2026-05-22,16247.53,593,Delivered
SHP000532,2026-03-23,2026-03-26,2026-03-30,Pune,Patna,West,LTL,CARR_15,CUST_089,2026-03-30,2026-03-28,1511.67,122,Delivered
SHP003370,2026-01-04,2026-01-04,2026-01-06,Patna,Guwahati,East,LTL,CARR_09,CUST_076,2026-01-06,2026-01-09,23902.7,2253,Delivered
SHP000425,2026-02-02,2026-02-04,2026-02-12,Ahmedabad,Bhubaneswar,West,FTL,CARR_10,CUST_006,2026-02-12,2026-02-10,52363.72,2441,Delayed
SHP003341,2026-06-25,2026-06-27,2026-06-29,Raipur,Hyderabad,Central,PTL,CARR_02,CUST_107,2026-06-29,2026-07-07,2821.67,356,Delivered
SHP000897,2026-04-06,2026-04-09,2026-04-16,Patna,Hyderabad,East,LTL,CARR_06,CUST_094,2026-04-16,2026-04-18,18219.19,1658,Delivered
SHP002859,2026-05-30,2026-05-31,2026-06-06,Bhubaneswar,Mumbai,East,PTL,CARR_01,CUST_105,2026-06-06,,9763.59,1206,Cancelled
SHP000549,2026-03-05,2026-03-07,2026-03-13,Pune,Delhi,West,PTL,CARR_05,CUST_090,2026-03-13,2026-03-04,16039.44,1996,Delivered
SHP001817,2026-02-10,2026-02-12,2026-02-20,Bhubaneswar,Ahmedabad,East,FTL,CARR_10,CUST_080,2026-02-20,2026-02-18,9072.68,408,Delivered
SHP004345,2026-05-17,2026-05-19,2026-05-27,Lucknow,Bengaluru,North,PTL,CARR_12,CUST_012,2026-05-27,2026-05-27,8972.68,1209,Delivered
SHP003656,2026-01-05,2026-01-05,2026-01-11,Delhi,Raipur,North,LTL,CARR_12,CUST_059,2026-01-11,,25182.25,2077,Cancelled
SHP004566,2026-02-28,2026-02-28,2026-03-07,Indore,Chennai,Central,FTL,CARR_13,CUST_032,2026-03-07,2026-03-01,5995.49,256,Delayed
SHP004237,2026-04-20,2026-04-21,2026-04-25,Indore,Raipur,Central,FTL,CARR_05,CUST_101,2026-04-25,2026-04-28,65802.55,2499,Delivered
SHP003334,2026-03-18,2026-03-19,2026-03-22,Surat,Nagpur,West,PTL,CARR_14,CUST_067,2026-03-22,2026-03-24,5779.5,821,Delivered
SHP004125,2026-05-11,2026-05-13,2026-05-17,Guwahati,Patna,East,FTL,CARR_05,CUST_008,2026-05-17,2026-05-22,19350.48,701,Delivered
SHP003243,2026-04-28,2026-04-30,2026-05-02,Raipur,Delhi,Central,FTL,CARR_10,CUST_012,2026-05-02,2026-05-07,7651.05,271,Delivered
SHP000867,2026-03-23,2026-03-25,2026-04-01,Mumbai,Mumbai,West,PTL,CARR_11,CUST_012,2026-04-01,,2604.98,319,In-Transit
SHP000712,2026-03-30,2026-04-02,2026-04-10,Mumbai,Kochi,West,PTL,CARR_11,CUST_015,2026-04-10,,17905.88,2031,Cancelled
SHP004208,2026-06-16,2026-06-18,2026-06-21,Chennai,Kochi,South,FTL,CARR_02,CUST_064,2026-06-21,,34272.38,1300,Delivered
SHP001080,2026-02-14,2026-02-15,2026-02-20,Jaipur,Ahmedabad,North,FTL,CARR_07,CUST_108,2026-02-20,2026-02-14,121441.65,485,Delivered
SHP002876,2026-02-03,2026-02-05,2026-02-13,Bhubaneswar,Surat,East,FTL,CARR_03,CUST_109,2026-02-13,2026-02-12,42503.6,1692,Delivered
SHP004742,2026-06-20,2026-06-23,2026-06-26,Chandigarh,Kolkata,North,PTL,CARR_07,CUST_001,2026-06-26,2026-06-25,189467.48,2097,Delivered
SHP004601,2026-03-31,2026-04-02,2026-04-07,Nagpur,Patna,Central,LTL,CARR_13,CUST_085,2026-04-07,2026-04-05,11665.67,984,Delivered
SHP004033,2026-05-30,2026-05-30,2026-06-06,Bhubaneswar,Surat,East,FTL,CARR_11,CUST_035,2026-06-06,2026-06-08,36797.49,1485,Delivered
SHP003444,2026-06-07,2026-06-08,2026-06-13,Hyderabad,Kolkata,South,LTL,CARR_05,CUST_023,2026-06-13,,16465.22,1196,Delivered
SHP001755,2026-05-28,2026-05-28,2026-06-03,Mumbai,Surat,West,LTL,CARR_11,CUST_035,2026-06-03,2026-06-05,23167.9,1821,Delivered
SHP004163,2026-05-05,2026-05-06,2026-05-08,Kochi,Mumbai,South,FTL,CARR_01,CUST_076,2026-05-08,,47788.44,1847,Delivered
SHP001596,2026-01-18,2026-01-20,2026-01-24,Nagpur,Patna,Central,FTL,CARR_11,CUST_070,2026-01-24,2026-01-27,49129.09,1851,Delivered
SHP000892,2026-01-04,2026-01-04,2026-01-12,Delhi,Surat,North,PTL,CARR_07,CUST_023,2026-01-12,2026-01-06,110979.09,1200,Delivered
SHP002375,2026-06-03,2026-06-04,2026-06-09,Mumbai,Bhubaneswar,West,FTL,CARR_08,CUST_026,2026-06-09,2026-06-06,28802.31,1079,Delivered
SHP003467,2026-01-01,2026-01-03,2026-01-10,Kolkata,Raipur,East,FTL,CARR_14,CUST_059,2026-01-10,2026-01-12,41749.04,1676,Delivered
SHP003367,2026-05-17,2026-05-18,2026-05-22,Bhubaneswar,Jaipur,East,FTL,CARR_15,CUST_113,2026-05-22,2026-05-27,10689.28,392,Delivered
SHP000191,2026-04-11,2026-04-11,2026-04-17,Guwahati,Delhi,East,LTL,CARR_11,CUST_105,2026-04-17,2026-04-21,3588.61,305,Delayed
SHP004610,2026-06-15,2026-06-15,2026-06-18,Delhi,Bengaluru,North,PTL,CARR_15,CUST_039,2026-06-18,2026-06-20,18917.19,2336,Delivered
SHP000044,2026-03-17,2026-03-18,2026-03-21,Ahmedabad,Indore,West,PTL,CARR_14,CUST_025,2026-03-21,2026-03-24,8802.14,1288,Delivered
SHP000586,2026-06-24,2026-06-25,2026-06-29,Ahmedabad,Bhubaneswar,West,FTL,CARR_11,CUST_002,2026-06-29,2026-07-01,41037.64,1530,Delivered
SHP002962,2026-01-13,2026-01-13,2026-01-17,Chandigarh,Lucknow,North,LTL,CARR_03,CUST_047,2026-01-17,2026-01-19,24577.38,1815,Delivered
SHP004518,2026-02-17,2026-02-18,2026-02-20,Bhopal,Mumbai,Central,PTL,CARR_01,CUST_071,2026-02-20,2026-02-27,17610.14,2366,Delivered
SHP002388,2026-03-24,2026-03-26,2026-03-28,Hyderabad,Raipur,South,LTL,CARR_03,CUST_049,2026-03-28,,11157.58,825,Delivered
SHP003989,2026-04-23,2026-04-23,2026-05-01,Indore,Guwahati,Central,LTL,CARR_14,CUST_036,2026-05-01,2026-05-03,12439.44,931,Delivered
SHP001486,2026-02-12,2026-02-15,2026-02-23,Mumbai,Guwahati,West,LTL,CARR_13,CUST_036,2026-02-23,2026-02-22,22708.81,2018,Delivered
SHP004376,2026-02-13,2026-02-13,2026-02-16,Pune,Delhi,West,FTL,CARR_01,CUST_110,2026-02-16,,7289.78,254,In-Transit
SHP004025,2026-01-27,2026-01-27,2026-02-02,Hyderabad,Chennai,South,FTL,CARR_02,CUST_010,2026-02-02,,24489.3,934,Delivered
SHP003693,2026-02-15,2026-02-16,2026-02-20,Chandigarh,Nagpur,North,LTL,CARR_13,CUST_018,2026-02-20,2026-02-17,8428.35,799,Delivered
SHP002862,2026-02-11,2026-02-11,2026-02-19,Chennai,Chandigarh,South,PTL,CARR_06,CUST_065,2026-02-19,,7022.98,767,Delayed
SHP001975,2026-02-13,2026-02-16,2026-02-21,Lucknow,Bengaluru,North,LTL,CARR_06,CUST_114,2026-02-21,2026-02-24,2148.99,202,Delivered
SHP002621,2026-04-12,2026-04-12,2026-04-16,Patna,Kolkata,East,FTL,CARR_08,CUST_078,2026-04-16,,24016.89,967,Cancelled
SHP001668,2026-02-23,2026-02-23,2026-02-25,Bengaluru,Pune,South,LTL,CARR_02,CUST_098,2026-02-25,,24699.77,1794,Delivered
SHP002627,2026-06-15,2026-06-17,2026-06-20,Bengaluru,Guwahati,South,PTL,CARR_11,CUST_056,2026-06-20,,21777.29,2400,Delivered
SHP004431,2026-03-30,2026-04-01,2026-04-04,Patna,Nagpur,East,FTL,CARR_07,CUST_117,2026-04-04,2026-04-03,788479.36,2404,Delivered
SHP003784,2026-02-26,2026-02-27,2026-03-06,Kochi,Bhopal,South,LTL,CARR_03,CUST_048,2026-03-06,,18277.36,1514,Delivered
SHP000138,2026-04-16,2026-04-18,2026-04-20,Patna,Patna,East,PTL,CARR_09,CUST_029,2026-04-20,,21148.13,2330,Cancelled
SHP001825,2026-06-22,2026-06-24,2026-06-27,Kochi,Bengaluru,South,LTL,CARR_09,CUST_015,2026-06-27,,9965.15,841,Delivered
SHP002155,2026-06-01,2026-06-03,2026-06-10,Jaipur,Bhopal,North,LTL,CARR_04,CUST_049,2026-06-10,2026-06-11,20559.39,1493,Delivered
SHP004513,2026-01-12,2026-01-15,2026-01-23,Raipur,Raipur,Central,PTL,CARR_06,CUST_039,2026-01-23,,8765.35,1083,Cancelled
SHP000190,2026-04-18,2026-04-21,2026-04-24,Kolkata,Ahmedabad,East,FTL,CARR_09,CUST_031,2026-04-24,2026-04-22,26249.45,1196,Delayed
SHP002044,2026-06-09,2026-06-10,2026-06-17,Jaipur,Guwahati,North,FTL,CARR_10,CUST_107,2026-06-17,2026-06-15,15246.96,661,Delivered
SHP001274,2026-02-21,2026-02-22,2026-02-28,Nagpur,Mumbai,Central,PTL,CARR_02,CUST_089,2026-02-28,2026-03-03,6228.78,796,Delivered
SHP004507,2026-04-27,2026-04-30,2026-05-02,Raipur,Jaipur,Central,FTL,CARR_10,CUST_115,2026-05-02,,49782.78,2131,Cancelled
SHP000155,2026-04-22,2026-04-24,2026-04-28,Hyderabad,Bhubaneswar,South,LTL,CARR_02,CUST_022,2026-04-28,2026-05-01,26464.78,2033,Delivered
SHP001188,2026-01-24,2026-01-26,2026-01-29,Chennai,Delhi,South,FTL,CARR_09,CUST_058,2026-01-29,,21717.37,906,Delayed
SHP002519,2026-06-13,2026-06-16,2026-06-23,Hyderabad,Kolkata,South,PTL,CARR_06,CUST_096,2026-06-23,,4474.72,585,Delivered
SHP000544,2026-03-20,2026-03-20,2026-03-28,Patna,Patna,East,PTL,CARR_07,CUST_090,2026-03-28,2026-03-23,116267.3,2064,Delivered
SHP001852,2026-01-01,2026-01-01,2026-01-07,Lucknow,Chandigarh,North,LTL,CARR_06,CUST_032,2026-01-07,2026-01-06,30112.81,2448,Delivered
SHP002273,2026-04-05,2026-04-08,2026-04-13,Raipur,Surat,Central,PTL,CARR_05,CUST_052,2026-04-13,2026-04-10,5916.15,728,Delivered
SHP000610,2026-03-21,2026-03-21,2026-03-29,Bhopal,Raipur,Central,FTL,CARR_06,CUST_012,2026-03-29,2026-03-27,34299.29,1206,Delivered
SHP002132,2026-01-05,2026-01-07,2026-01-13,Hyderabad,Chennai,South,LTL,CARR_15,CUST_030,2026-01-13,2026-01-12,15462.58,1204,Delivered
SHP003074,2026-04-23,2026-04-24,2026-05-02,Jaipur,Chandigarh,North,FTL,CARR_12,CUST_023,2026-05-02,2026-04-29,30527.41,1287,Delivered
SHP001219,2026-02-18,2026-02-20,2026-02-24,Ahmedabad,Ahmedabad,West,LTL,CARR_10,CUST_051,2026-02-24,2026-03-02,27066.27,1980,Delivered
SHP000682,2026-04-01,2026-04-02,2026-04-07,Bengaluru,Mumbai,South,PTL,CARR_15,CUST_048,2026-04-07,,2115.65,287,Delivered
SHP002215,2026-02-20,2026-02-23,2026-02-25,Pune,Bhubaneswar,West,PTL,CARR_06,CUST_094,2026-02-25,,12695.59,1828,Cancelled
SHP000759,2026-04-29,2026-05-02,2026-05-08,Jaipur,Bhubaneswar,North,FTL,CARR_08,CUST_020,2026-05-08,2026-05-06,19617.86,746,Delivered
SHP000430,2026-04-27,2026-04-28,2026-05-05,Indore,Kochi,Central,LTL,CARR_10,CUST_066,2026-05-05,2026-04-29,28793.65,2164,Delivered
SHP001723,2026-03-07,2026-03-08,2026-03-13,Ahmedabad,Indore,West,LTL,CARR_12,CUST_017,2026-03-13,2026-03-17,5896.6,550,Delivered
SHP003638,2026-01-14,2026-01-16,2026-01-21,Hyderabad,Lucknow,South,PTL,CARR_11,CUST_018,2026-01-21,,999.86,145,Delivered
SHP003701,2026-02-06,2026-02-09,2026-02-16,Delhi,Pune,North,FTL,CARR_12,CUST_103,2026-02-16,,46536.44,1851,In-Transit
SHP002623,2026-03-31,2026-04-03,2026-04-08,Nagpur,Kolkata,Central,FTL,CARR_10,CUST_010,2026-04-08,2026-04-13,48228.66,2221,Delivered
SHP004580,2026-06-12,2026-06-14,2026-06-21,Delhi,Bhopal,North,FTL,CARR_05,CUST_070,2026-06-21,2026-06-21,32432.88,1397,Delivered
SHP002796,2026-05-23,2026-05-23,2026-05-25,Kochi,Chennai,South,LTL,CARR_13,CUST_090,2026-05-25,,17622.65,1540,Delivered
SHP003084,2026-02-23,2026-02-25,2026-02-28,Chennai,Kochi,South,FTL,CARR_05,CUST_041,2026-02-28,,35296.78,1351,In-Transit
SHP001105,2026-03-11,2026-03-14,2026-03-22,Lucknow,Pune,North,FTL,CARR_02,CUST_057,2026-03-22,,12979.89,478,Cancelled
SHP003204,2026-04-05,2026-04-08,2026-04-16,Pune,Raipur,West,PTL,CARR_06,CUST_003,2026-04-16,,4331.89,611,In-Transit
SHP001474,2026-01-31,2026-01-31,2026-02-02,Chennai,Lucknow,South,FTL,CARR_07,CUST_103,2026-02-02,,646267.43,2400,Delivered
SHP003155,2026-03-15,2026-03-18,2026-03-21,Kolkata,Chennai,East,FTL,CARR_02,CUST_024,2026-03-21,,28274.33,990,Cancelled
SHP004306,2026-02-09,,2026-02-18,Lucknow,Surat,North,PTL,CARR_01,CUST_093,2026-02-18,2026-02-15,9827.47,1293,Delivered
SHP000980,2026-05-23,2026-05-24,2026-05-30,Hyderabad,Patna,South,LTL,CARR_11,CUST_120,2026-05-30,,676.42,63,Delivered
SHP001857,2026-06-27,2026-06-30,2026-07-02,Guwahati,Guwahati,East,FTL,CARR_10,CUST_069,2026-07-02,2026-07-01,33089.21,1262,Delivered
SHP003807,2026-01-06,2026-01-09,2026-01-17,Kolkata,Jaipur,East,PTL,CARR_13,CUST_012,2026-01-17,2026-01-16,11734.69,1718,Delivered
SHP001701,2026-03-31,2026-04-01,2026-04-03,Surat,Ahmedabad,West,FTL,CARR_10,CUST_057,2026-04-03,2026-04-06,8529.77,361,Delivered
SHP004599,2026-01-23,2026-01-25,2026-01-30,Jaipur,Surat,North,LTL,CARR_12,CUST_084,2026-01-30,2026-01-26,31512.19,2449,Delivered
SHP002625,2026-05-28,2026-05-30,2026-06-05,Bhubaneswar,Delhi,East,FTL,CARR_07,CUST_087,2026-06-05,2026-06-09,126907.98,532,Delivered
SHP001989,2026-01-17,2026-01-20,2026-01-27,Surat,Delhi,West,FTL,CARR_09,CUST_017,2026-01-27,2026-01-21,59438.22,2187,Delivered
SHP003650,2026-03-30,2026-04-01,2026-04-09,Ahmedabad,Jaipur,West,FTL,CARR_02,CUST_120,2026-04-09,2026-04-07,9622.57,446,Delayed
SHP003737,2026-06-29,2026-06-29,2026-07-01,Kochi,Ahmedabad,South,FTL,CARR_11,CUST_047,2026-07-01,,52701.97,2480,In-Transit
SHP000628,2026-04-06,2026-04-08,2026-04-11,Pune,Lucknow,West,FTL,CARR_01,CUST_020,2026-04-11,2026-04-14,68670.05,2393,Delivered
SHP004925,2026-02-14,2026-02-14,2026-02-20,Raipur,Bhopal,Central,FTL,CARR_05,CUST_021,2026-02-20,2026-02-20,24545.3,866,Delivered
SHP003806,2026-04-03,2026-04-06,2026-04-13,Patna,Kolkata,East,FTL,CARR_01,CUST_040,2026-04-13,2026-04-10,55173.07,2308,Delivered
SHP004477,2026-06-24,2026-06-26,2026-06-29,Bhubaneswar,Raipur,East,FTL,CARR_02,CUST_089,2026-06-29,2026-06-29,58517.2,2220,Delivered
SHP002321,2026-04-17,2026-04-17,2026-04-21,Chandigarh,Kolkata,North,FTL,CARR_04,CUST_011,2026-04-21,2026-04-18,6003.4,265,Delayed
SHP001718,2026-04-21,2026-04-22,2026-04-26,Bhubaneswar,Bhubaneswar,East,LTL,CARR_12,CUST_108,2026-04-26,2026-04-27,13745.68,1293,Delivered
SHP004094,2026-06-14,2026-06-14,2026-06-22,Bhubaneswar,Lucknow,East,FTL,CARR_07,CUST_082,2026-06-22,2026-06-18,14439.74,64,Delivered
SHP004261,2026-06-12,2026-06-13,2026-06-20,Bengaluru,Bhubaneswar,South,FTL,CARR_04,CUST_051,2026-06-20,,19979.23,911,Delivered
SHP000392,2026-06-30,2026-07-03,2026-07-10,Patna,Delhi,East,LTL,CARR_05,CUST_021,2026-07-10,2026-07-13,25102.45,2440,Delivered
SHP004110,2026-05-12,2026-05-15,2026-05-18,Bhubaneswar,Patna,East,LTL,CARR_06,CUST_082,2026-05-18,2026-05-20,4655.75,449,Delivered
SHP004854,2026-06-14,2026-06-16,2026-06-23,Mumbai,Chandigarh,West,LTL,CARR_05,CUST_093,2026-06-23,2026-06-22,24752.44,2279,Delivered
SHP000188,2026-01-18,2026-01-21,2026-01-29,Bhopal,Chennai,Central,PTL,CARR_01,CUST_052,2026-01-29,2026-01-20,10028.06,1322,Delivered
SHP002030,2026-02-16,2026-02-19,2026-02-26,Lucknow,Mumbai,North,FTL,CARR_15,CUST_115,2026-02-26,2026-02-22,4806.54,184,Delayed
SHP003922,2026-04-12,2026-04-15,2026-04-19,Pune,Pune,West,LTL,CARR_01,CUST_056,2026-04-19,2026-04-21,30487.92,2433,Delivered
SHP003995,2026-01-23,2026-01-25,2026-01-28,Kochi,Patna,South,FTL,CARR_06,CUST_046,2026-01-28,2026-02-01,2596.75,94,Delivered
SHP000760,2026-03-19,2026-03-21,2026-03-26,Ahmedabad,Chandigarh,West,LTL,CARR_09,CUST_048,2026-03-26,2026-03-27,20241.83,1964,Delivered
SHP000446,2026-06-03,2026-06-03,2026-06-07,Patna,Ahmedabad,East,PTL,CARR_11,CUST_103,2026-06-07,2026-06-04,17535.67,2116,Delivered
SHP004066,2026-06-07,2026-06-09,2026-06-16,Surat,Chandigarh,West,LTL,CARR_13,CUST_114,2026-06-16,2026-06-14,1339.71,127,Delivered
SHP002029,2026-02-24,2026-02-27,2026-03-04,Chennai,Jaipur,South,FTL,CARR_01,CUST_106,2026-03-04,,49890.14,2081,Delivered
SHP001098,2026-06-29,2026-07-01,2026-07-06,Pune,Kolkata,West,PTL,CARR_15,CUST_054,2026-07-06,,13150.06,1621,In-Transit
SHP004083,2026-05-08,2026-05-10,2026-05-15,Kolkata,Guwahati,East,FTL,CARR_09,CUST_027,2026-05-15,,26906.53,1236,In-Transit
SHP000018,2026-03-18,2026-03-21,2026-03-29,Hyderabad,Hyderabad,South,FTL,CARR_11,CUST_083,2026-03-29,,7397.99,347,Delivered
SHP001935,2026-03-03,2026-03-03,2026-03-05,Guwahati,Raipur,East,FTL,CARR_03,CUST_090,2026-03-05,2026-03-11,41944.62,1765,Delivered
SHP004724,2026-03-21,2026-03-22,2026-03-29,Chennai,Delhi,South,FTL,CARR_03,CUST_027,2026-03-29,,5435.2,204,Delivered
SHP002171,2026-01-04,2026-01-05,2026-01-12,Nagpur,Hyderabad,Central,FTL,CARR_05,CUST_120,2026-01-12,2026-01-08,26169.95,1081,Delayed
SHP004135,2026-05-05,2026-05-05,2026-05-13,Bengaluru,Delhi,South,PTL,CARR_05,CUST_116,2026-05-13,2026-05-15,8585.33,1243,Delivered
SHP004803,2026-04-29,2026-04-30,2026-05-04,Kochi,Nagpur,South,FTL,CARR_12,CUST_006,2026-05-04,,7254.41,307,Delayed
SHP003429,2026-05-13,2026-05-13,2026-05-16,Chandigarh,Kochi,North,PTL,CARR_15,CUST_110,2026-05-16,2026-05-21,16729.97,1830,Delayed
SHP004756,2026-03-20,2026-03-21,2026-03-23,Delhi,Bhopal,North,FTL,CARR_11,CUST_039,2026-03-23,2026-03-30,41614.94,1768,Delivered
SHP001567,2026-03-17,2026-03-18,2026-03-21,Surat,Bengaluru,West,LTL,CARR_02,CUST_063,2026-03-21,2026-03-28,6032.98,586,Delivered
SHP003040,2026-05-26,2026-05-27,2026-06-03,Jaipur,Chennai,North,PTL,CARR_06,CUST_120,2026-06-03,2026-05-31,4499.6,616,Delivered
SHP002794,2026-05-31,2026-06-01,2026-06-08,Delhi,Kochi,North,PTL,CARR_13,CUST_020,2026-06-08,2026-06-10,587.59,78,Delivered
SHP000789,2026-01-18,2026-01-18,2026-01-20,Jaipur,Raipur,North,FTL,CARR_06,CUST_082,2026-01-20,2026-01-28,63315.91,2336,Delivered
SHP004058,2026-03-07,2026-03-07,2026-03-11,Guwahati,Jaipur,East,FTL,CARR_04,CUST_053,2026-03-11,2026-03-14,10899.04,453,Delivered
SHP000821,2026-06-03,2026-06-06,2026-06-09,Nagpur,Mumbai,Central,FTL,CARR_02,CUST_092,2026-06-09,2026-06-11,36430.28,1443,Delivered
SHP003223,2026-04-18,2026-04-20,2026-04-26,Surat,Ahmedabad,West,FTL,CARR_15,CUST_038,2026-04-26,2026-04-22,20000.15,910,Delivered
SHP003768,2026-02-12,2026-02-15,2026-02-19,Jaipur,Jaipur,North,LTL,CARR_14,CUST_025,2026-02-19,2026-02-25,13644.85,1282,Delivered
SHP001260,2026-04-12,2026-04-15,2026-04-21,Delhi,Kochi,North,FTL,CARR_08,CUST_006,2026-04-21,2026-04-20,6415.68,300,Delivered
SHP001439,2026-01-04,2026-01-05,2026-01-09,Raipur,Kolkata,Central,LTL,CARR_09,CUST_070,2026-01-09,2026-01-12,8598.03,694,Delivered
SHP000071,2026-02-14,2026-02-14,2026-02-17,Bhopal,Patna,Central,PTL,CARR_09,CUST_033,2026-02-17,,842.58,110,In-Transit
SHP004021,2026-03-18,2026-03-18,2026-03-21,Bhubaneswar,Chandigarh,East,LTL,CARR_05,CUST_075,2026-03-21,2026-03-22,1966.86,145,Delivered
SHP001540,2026-06-17,2026-06-17,2026-06-19,Kolkata,Lucknow,East,FTL,CARR_05,CUST_075,2026-06-19,2026-06-18,34702.98,1326,Delayed
SHP002861,2026-06-07,2026-06-10,2026-06-18,Ahmedabad,Bhubaneswar,West,LTL,CARR_04,CUST_104,2026-06-18,2026-06-15,5663.64,416,Delivered
SHP004490,2026-06-27,2026-06-29,2026-07-05,Indore,Lucknow,Central,FTL,CARR_13,CUST_029,2026-07-05,2026-06-26,51381.11,2306,Delayed
SHP004101,,2026-01-07,2026-01-11,Chennai,Guwahati,South,FTL,CARR_13,CUST_023,2026-01-11,,15810.35,577,Delivered
SHP004825,2026-04-04,2026-04-07,2026-04-12,Kolkata,Indore,East,FTL,CARR_02,CUST_081,2026-04-12,2026-04-09,41360.07,1836,Delivered
SHP000028,2026-06-17,2026-06-19,2026-06-24,Jaipur,Patna,North,LTL,CARR_10,CUST_078,2026-06-24,2026-06-27,23508.63,1861,Delivered
SHP003054,2026-03-11,2026-03-13,2026-03-16,Surat,Jaipur,West,PTL,CARR_09,CUST_033,2026-03-16,2026-03-16,12395.18,1675,Delayed
SHP000043,2026-03-20,2026-03-22,2026-03-24,Ahmedabad,Ahmedabad,West,FTL,CARR_08,CUST_035,2026-03-24,,19790.72,838,In-Transit
SHP004320,2026-01-24,2026-01-26,2026-02-03,Bengaluru,Jaipur,South,FTL,CARR_13,CUST_049,2026-02-03,2026-02-01,29078.55,1091,Delivered
SHP001046,2026-01-21,2026-01-23,2026-01-29,Pune,Bengaluru,West,FTL,CARR_03,CUST_034,2026-01-29,2026-01-26,38215.47,1433,Delayed
SHP003953,2026-04-08,2026-04-11,2026-04-19,Chandigarh,Patna,North,FTL,CARR_11,CUST_049,2026-04-19,2026-04-14,14367.31,505,Delayed
SHP004485,2026-02-15,2026-02-15,2026-02-18,Kochi,Ahmedabad,South,PTL,CARR_06,CUST_113,2026-02-18,,1804.5,207,Delivered
SHP002384,2026-06-20,2026-06-21,2026-06-29,Nagpur,Pune,Central,FTL,CARR_13,CUST_073,2026-06-29,2026-07-01,49979.21,1883,Delivered
SHP003622,2026-03-27,2026-03-29,2026-04-01,Surat,Patna,West,PTL,CARR_04,CUST_063,2026-04-01,,17387.38,2160,In-Transit
SHP003221,2026-04-05,2026-04-05,2026-04-09,Mumbai,Kochi,West,FTL,CARR_04,CUST_088,2026-04-09,2026-04-14,16817.96,753,Delivered
SHP002306,2026-05-04,2026-05-07,2026-05-10,Lucknow,Ahmedabad,North,FTL,CARR_15,CUST_116,2026-05-10,2026-05-08,17686.5,674,Delivered
SHP002921,2026-04-05,2026-04-05,2026-04-10,Mumbai,Indore,West,FTL,CARR_05,CUST_059,2026-04-10,2026-04-07,28588.24,1338,Delivered
SHP001496,2026-04-01,2026-04-04,2026-04-12,Raipur,Nagpur,Central,PTL,CARR_04,CUST_044,2026-04-12,,16068.75,2044,In-Transit
SHP001904,2026-05-08,2026-05-11,2026-05-19,Chandigarh,Pune,North,LTL,CARR_07,CUST_001,2026-05-19,2026-05-19,298672.71,2257,Delayed
SHP000865,2026-01-20,2026-01-21,2026-01-29,Hyderabad,Chennai,South,LTL,CARR_12,CUST_098,2026-01-29,,17652.31,1366,Delivered
SHP004205,2026-01-21,2026-01-24,2026-01-31,Bhopal,Chennai,Central,LTL,CARR_02,CUST_094,2026-01-31,2026-01-29,2443.83,235,Delivered
SHP000174,2026-02-24,2026-02-27,2026-03-03,Kolkata,Raipur,East,FTL,CARR_07,CUST_106,2026-03-03,2026-03-04,296992.49,1211,Delivered
SHP002432,2026-02-01,2026-02-01,2026-02-05,Ahmedabad,Mumbai,West,FTL,CARR_13,CUST_111,2026-02-05,2026-02-08,5285.56,215,Delayed
SHP001204,2026-05-03,2026-05-03,2026-05-05,Indore,Surat,Central,FTL,CARR_03,CUST_008,2026-05-05,2026-05-06,24496.81,1088,Delayed
SHP002843,2026-01-05,2026-01-05,2026-01-08,Bhubaneswar,Bengaluru,East,LTL,CARR_05,CUST_087,2026-01-08,2026-01-15,9665.82,913,Delivered
SHP000893,2026-05-25,2026-05-28,2026-06-04,Chennai,Mumbai,South,PTL,CARR_01,CUST_112,2026-06-04,,17845.16,2051,Delivered
SHP002806,2026-05-10,2026-05-11,2026-05-13,Indore,Nagpur,Central,LTL,CARR_05,CUST_044,2026-05-13,2026-05-18,30748.75,2244,Delayed
SHP003052,2026-06-25,2026-06-25,2026-07-01,Pune,Ahmedabad,West,FTL,CARR_01,CUST_107,2026-07-01,2026-06-30,47302.49,1939,Delivered
SHP003888,2026-02-19,2026-02-19,2026-02-26,Bhubaneswar,Kochi,East,PTL,CARR_13,CUST_029,2026-02-26,2026-03-01,6391.09,916,Delivered
SHP002330,2026-05-01,2026-05-04,2026-05-08,Patna,Patna,East,PTL,CARR_11,CUST_032,2026-05-08,,1798.89,205,In-Transit
SHP001364,2026-05-30,,2026-06-02,Patna,Lucknow,East,PTL,CARR_01,CUST_027,2026-06-02,2026-06-03,6770.89,788,Delayed
SHP001093,2026-02-05,2026-02-06,2026-02-11,Kolkata,Lucknow,East,PTL,CARR_05,CUST_069,2026-02-11,,12143.43,1508,In-Transit
SHP004338,2026-06-27,2026-06-28,2026-07-05,Ahmedabad,Bengaluru,West,FTL,CARR_03,CUST_014,2026-07-05,2026-07-05,24935.48,1022,Delivered
SHP001702,2026-01-09,2026-01-12,2026-01-17,Bhopal,Delhi,Central,LTL,CARR_05,CUST_095,2026-01-17,2026-01-18,19374.01,1512,Delivered
SHP004212,2026-02-11,2026-02-12,2026-02-20,Raipur,Kochi,Central,FTL,CARR_09,CUST_025,2026-02-20,2026-02-16,27494.43,1089,Delivered
SHP004326,2026-05-07,2026-05-09,2026-05-16,Jaipur,Delhi,North,PTL,CARR_01,CUST_027,2026-05-16,2026-05-07,4663.25,657,Delivered
SHP003907,2026-05-20,2026-05-20,2026-05-28,Bhubaneswar,Mumbai,East,FTL,CARR_08,CUST_052,2026-05-28,2026-05-21,11596.26,404,Delivered
SHP003581,2026-01-12,2026-01-15,2026-01-22,Nagpur,Mumbai,Central,FTL,CARR_11,CUST_116,2026-01-22,2026-01-25,37896.3,1691,Delivered
SHP000535,2026-06-25,2026-06-26,2026-07-04,Chennai,Bhopal,South,PTL,CARR_11,CUST_032,2026-07-04,,12979.07,1612,Delivered
SHP003148,2026-03-28,2026-03-29,2026-04-01,Lucknow,Surat,North,FTL,CARR_11,CUST_082,2026-04-01,,53412.69,2405,In-Transit
SHP001378,2026-06-11,2026-06-14,2026-06-19,Ahmedabad,Ahmedabad,West,FTL,CARR_14,CUST_066,2026-06-19,2026-06-19,13178.46,471,Delivered
SHP002602,2026-01-09,2026-01-11,2026-01-13,Delhi,Hyderabad,North,PTL,CARR_02,CUST_039,2026-01-13,2026-01-20,13607.05,1637,Delivered
SHP001381,2026-06-27,2026-06-29,2026-07-02,Raipur,Hyderabad,Central,LTL,CARR_03,CUST_048,2026-07-02,2026-07-02,5186.67,432,Delivered
SHP004252,2026-02-14,2026-02-14,2026-02-21,Chennai,Pune,South,FTL,CARR_13,CUST_102,2026-02-21,,21510.49,949,In-Transit
SHP002036,2026-03-27,2026-03-27,2026-04-04,Kolkata,Mumbai,East,LTL,CARR_13,CUST_109,2026-04-04,2026-04-03,7475.78,589,Delivered
SHP004361,2026-04-07,2026-04-08,2026-04-12,Mumbai,Nagpur,West,FTL,CARR_07,CUST_020,2026-04-12,2026-04-18,223273.55,998,Delivered
SHP002525,2026-03-17,2026-03-18,2026-03-22,Nagpur,Hyderabad,Central,FTL,CARR_13,CUST_099,2026-03-22,2026-03-23,41630.73,1716,Delivered
SHP002857,2026-01-07,2026-01-09,2026-01-15,Delhi,Delhi,North,LTL,CARR_13,CUST_078,2026-01-15,,28564.49,2233,In-Transit
SHP004312,2026-01-31,2026-02-03,2026-02-06,Raipur,Chennai,Central,FTL,CARR_09,CUST_103,2026-02-06,2026-02-08,31357.1,1178,Delivered
SHP004131,2026-06-14,2026-06-17,2026-06-19,Lucknow,Ahmedabad,North,FTL,CARR_15,CUST_054,2026-06-19,2026-06-25,20280.67,826,Delivered
SHP004992,2026-02-16,2026-02-18,2026-02-20,Delhi,Kochi,North,FTL,CARR_01,CUST_005,2026-02-20,2026-02-24,22976.2,904,Delayed
SHP003871,2026-05-09,2026-05-09,2026-05-14,Chandigarh,Indore,North,FTL,CARR_08,CUST_085,2026-05-14,2026-05-18,27390.7,1246,Delivered
SHP003006,2026-03-18,2026-03-20,2026-03-26,Nagpur,Surat,Central,FTL,CARR_11,CUST_110,2026-03-26,2026-03-25,59234.5,2129,Delivered
SHP003949,2026-03-24,2026-03-25,2026-04-02,Kolkata,Raipur,East,FTL,CARR_07,CUST_044,2026-04-02,2026-04-01,43964.02,238,Delivered
SHP003236,2026-03-31,2026-03-31,2026-04-08,Raipur,Ahmedabad,Central,PTL,CARR_15,CUST_100,2026-04-08,2026-04-04,2406.99,316,Delivered
SHP003580,2026-06-01,2026-06-03,2026-06-07,Bhopal,Chennai,Central,LTL,CARR_15,CUST_096,2026-06-07,2026-06-04,22691.26,1839,Delivered
SHP004921,2026-04-18,2026-04-20,2026-04-23,Chandigarh,Surat,North,LTL,CARR_09,CUST_102,2026-04-23,,25764.93,2004,Cancelled
SHP004328,2026-04-27,2026-04-29,2026-05-07,Guwahati,Bhopal,East,LTL,CARR_14,CUST_044,2026-05-07,2026-05-09,958.34,78,Delivered
SHP002020,2026-03-06,2026-03-09,2026-03-13,Hyderabad,Hyderabad,South,LTL,CARR_04,CUST_046,2026-03-13,,10672.13,774,Delivered
SHP003446,2026-02-12,2026-02-15,2026-02-19,Nagpur,Delhi,Central,LTL,CARR_15,CUST_050,2026-02-19,2026-02-23,23373.04,1763,Delayed
SHP003761,2026-01-07,2026-01-09,2026-01-11,Chandigarh,Bhubaneswar,North,PTL,CARR_11,CUST_106,2026-01-11,2026-01-11,6728.83,824,Delivered
SHP002677,2026-05-27,2026-05-27,2026-06-02,Indore,Bhubaneswar,Central,PTL,CARR_08,CUST_071,2026-06-02,2026-06-01,7697.46,1060,Delivered
SHP002978,2026-05-28,2026-05-31,2026-06-06,Jaipur,Bhubaneswar,North,FTL,CARR_04,CUST_113,2026-06-06,2026-06-04,23170.49,863,Delivered
SHP002396,2026-02-01,2026-02-02,2026-02-09,Pune,Mumbai,West,LTL,CARR_14,CUST_025,2026-02-09,2026-02-05,32591.29,2392,Delivered
SHP000286,2026-05-09,,2026-05-19,Nagpur,Lucknow,Central,LTL,CARR_09,CUST_005,2026-05-19,2026-05-18,9062.12,765,Delivered
SHP001662,2026-01-21,2026-01-23,2026-01-26,Nagpur,Pune,Central,LTL,CARR_04,CUST_089,2026-01-26,2026-02-02,8362.9,643,Delivered
SHP000877,2026-05-10,2026-05-12,2026-05-20,Bengaluru,Kolkata,South,LTL,CARR_04,CUST_068,2026-05-20,,18639.2,1590,In-Transit
SHP000194,2026-04-14,,2026-04-24,Bhopal,Bhubaneswar,Central,PTL,CARR_03,CUST_004,2026-04-24,2026-04-26,17041.39,2303,Delivered
SHP001928,2026-02-09,,2026-02-14,Pune,Kolkata,West,PTL,CARR_01,CUST_114,2026-02-14,2026-02-17,5219.47,684,Delayed
SHP004806,2026-04-10,2026-04-10,2026-04-18,Nagpur,Pune,Central,LTL,CARR_13,CUST_030,2026-04-18,2026-04-19,5816.02,505,Delivered
SHP000756,2026-05-19,2026-05-20,2026-05-24,Mumbai,Hyderabad,West,PTL,CARR_10,CUST_066,2026-05-24,,19028.14,2398,In-Transit
SHP000972,2026-05-16,2026-05-18,2026-05-21,Bengaluru,Pune,South,LTL,CARR_07,CUST_025,2026-05-21,,225541.1,1706,Delivered
SHP001670,2026-02-27,2026-03-01,2026-03-09,Hyderabad,Bhubaneswar,South,LTL,CARR_06,CUST_065,2026-03-09,,12774.78,1010,Delayed
SHP004178,2026-02-13,2026-02-14,2026-02-17,Jaipur,Indore,North,LTL,CARR_06,CUST_006,2026-02-17,,25906.9,1892,In-Transit
SHP000799,2026-01-09,,2026-01-12,Indore,Delhi,Central,FTL,CARR_15,CUST_061,2026-01-12,2026-01-17,54391.7,2259,Delivered
SHP002120,2026-01-01,2026-01-01,2026-01-05,Surat,Guwahati,West,LTL,CARR_09,CUST_087,2026-01-05,2026-01-07,4295.92,324,Delivered
SHP002942,2026-06-05,2026-06-05,2026-06-12,Jaipur,Hyderabad,North,FTL,CARR_02,CUST_006,2026-06-12,2026-06-11,43785.62,1734,Delivered
SHP002952,2026-04-22,2026-04-22,2026-04-27,Bhubaneswar,Hyderabad,East,PTL,CARR_09,CUST_067,2026-04-27,,17613.6,2478,In-Transit
SHP001867,2026-01-20,2026-01-22,2026-01-25,Raipur,Bhopal,Central,PTL,CARR_15,CUST_015,2026-01-25,2026-01-26,1869.6,239,Delivered
SHP003716,2026-06-07,2026-06-08,2026-06-13,Kochi,Chennai,South,FTL,CARR_03,CUST_105,2026-06-13,,35539.1,1495,In-Transit
SHP000951,2026-02-01,2026-02-03,2026-02-08,Bhubaneswar,Nagpur,East,LTL,CARR_07,CUST_053,2026-02-08,2026-02-07,20695.67,188,Delivered
SHP000885,2026-04-10,2026-04-11,2026-04-19,Bhopal,Indore,Central,FTL,CARR_06,CUST_066,2026-04-19,2026-04-15,26110.75,1099,Delivered
SHP004597,2026-02-22,2026-02-22,2026-03-02,Bhubaneswar,Guwahati,East,PTL,CARR_09,CUST_102,2026-03-02,2026-02-21,19208.4,2420,Delivered
SHP000795,2026-02-18,,2026-02-27,Bengaluru,Ahmedabad,South,LTL,CARR_06,CUST_054,2026-02-27,,24439.41,2126,Delivered
SHP003512,2026-01-11,2026-01-12,2026-01-17,Raipur,Chennai,Central,FTL,CARR_10,CUST_060,2026-01-17,,48763.18,2201,In-Transit
SHP001643,2026-03-16,2026-03-17,2026-03-20,Bhopal,Bhubaneswar,Central,PTL,CARR_02,CUST_085,2026-03-20,2026-03-18,12900.15,1562,Delivered
SHP002647,2026-06-02,2026-06-05,2026-06-10,Kochi,Guwahati,South,FTL,CARR_15,CUST_029,2026-06-10,,12633.04,479,Delivered
SHP002188,2026-02-17,2026-02-17,2026-02-23,Raipur,Raipur,Central,LTL,CARR_11,CUST_025,2026-02-23,2026-02-14,28612.06,2400,Delayed
SHP004194,2026-02-28,2026-03-01,2026-03-06,Delhi,Hyderabad,North,FTL,CARR_11,CUST_092,2026-03-06,2026-03-08,58529.07,2177,Delivered
SHP001288,2026-04-23,2026-04-23,2026-04-30,Guwahati,Kochi,East,LTL,CARR_03,CUST_118,2026-04-30,2026-04-27,17787.38,1478,Delivered
SHP000353,2026-03-31,2026-04-03,2026-04-11,Bhubaneswar,Surat,East,FTL,CARR_08,CUST_015,2026-04-11,2026-04-11,17501.83,749,Delivered
SHP002416,2026-05-07,2026-05-07,2026-05-13,Jaipur,Jaipur,North,PTL,CARR_09,CUST_110,2026-05-13,2026-05-13,1435.55,163,Delivered
SHP004792,2026-04-15,2026-04-17,2026-04-20,Nagpur,Pune,Central,LTL,CARR_05,CUST_087,2026-04-20,2026-04-24,7627.21,606,Delivered
SHP003356,2026-06-03,2026-06-03,2026-06-09,Nagpur,Hyderabad,Central,PTL,CARR_08,CUST_068,2026-06-09,2026-06-12,12389.11,1422,Delivered
SHP004691,2026-05-15,2026-05-15,2026-05-19,Mumbai,Pune,West,LTL,CARR_02,CUST_081,2026-05-19,2026-05-24,16622.12,1487,Delivered
SHP002691,2026-05-10,2026-05-13,2026-05-15,Patna,Hyderabad,East,LTL,CARR_09,CUST_074,2026-05-15,2026-05-17,27191.48,2094,Delivered
SHP004890,2026-03-23,2026-03-24,2026-04-01,Surat,Patna,West,LTL,CARR_09,CUST_059,2026-04-01,2026-03-28,6179.5,448,Delayed
SHP002538,2026-04-15,2026-04-18,2026-04-23,Nagpur,Mumbai,Central,LTL,CARR_04,CUST_020,2026-04-23,,11775.74,1063,Cancelled
SHP000438,2026-03-07,2026-03-09,2026-03-17,Kochi,Mumbai,South,PTL,CARR_07,CUST_119,2026-03-17,,87143.7,1014,Delivered
SHP003714,2026-01-12,2026-01-14,2026-01-22,Chennai,Bengaluru,South,FTL,CARR_01,CUST_028,2026-01-22,,9577.53,383,Delivered
SHP004314,2026-03-13,2026-03-13,2026-03-21,Nagpur,Surat,Central,FTL,CARR_04,CUST_110,2026-03-21,2026-03-21,65212.76,2274,Delivered
SHP001302,2026-01-21,2026-01-24,2026-02-01,Ahmedabad,Raipur,West,FTL,CARR_03,CUST_048,2026-02-01,2026-01-29,14490.51,640,Delivered
SHP002726,2026-05-09,2026-05-10,2026-05-12,Raipur,Raipur,Central,PTL,CARR_08,CUST_033,2026-05-12,2026-05-14,1600.87,196,Delivered
SHP002965,2026-01-11,2026-01-13,2026-01-21,Surat,Bhubaneswar,West,FTL,CARR_12,CUST_086,2026-01-21,,49297.92,2072,Cancelled
SHP001771,2026-02-05,2026-02-07,2026-02-12,Patna,Chandigarh,East,LTL,CARR_07,CUST_094,2026-02-12,2026-02-10,5791.45,64,Delivered
SHP001632,2026-01-09,2026-01-10,2026-01-14,Jaipur,Jaipur,North,FTL,CARR_01,CUST_047,2026-01-14,,41836.57,1692,In-Transit
SHP004876,2026-06-08,2026-06-11,2026-06-16,Mumbai,Pune,West,FTL,CARR_06,CUST_086,2026-06-16,,49223.57,2004,Cancelled
SHP004284,2026-05-30,2026-05-30,2026-06-02,Hyderabad,Chandigarh,South,FTL,CARR_09,CUST_095,2026-06-02,,56708.3,2427,Delivered
SHP004711,2026-06-21,2026-06-24,2026-06-29,Kolkata,Ahmedabad,East,PTL,CARR_12,CUST_081,2026-06-29,2026-07-02,14041.16,1548,Delivered
SHP000262,2026-05-03,2026-05-06,2026-05-10,Ahmedabad,Patna,West,LTL,CARR_06,CUST_113,2026-05-10,2026-05-14,15550.98,1301,Delivered
SHP004380,2026-01-02,2026-01-02,2026-01-06,Delhi,Ahmedabad,North,FTL,CARR_09,CUST_024,2026-01-06,,8276.87,313,In-Transit
SHP002746,2026-05-30,2026-05-30,2026-06-06,Bhopal,Patna,Central,LTL,CARR_09,CUST_120,2026-06-06,,8337.84,664,In-Transit
SHP001097,2026-06-26,2026-06-27,2026-07-04,Lucknow,Nagpur,North,FTL,CARR_05,CUST_087,2026-07-04,,38128.98,1595,In-Transit
SHP001618,2026-06-20,2026-06-22,2026-06-24,Chennai,Pune,South,LTL,CARR_09,CUST_116,2026-06-24,,22372.6,1674,In-Transit
SHP000016,2026-05-19,2026-05-19,2026-05-21,Raipur,Chennai,Central,FTL,CARR_01,CUST_075,2026-05-21,2026-05-25,6535.99,255,Delivered
SHP003785,2026-02-05,2026-02-05,2026-02-12,Jaipur,Lucknow,North,FTL,CARR_05,CUST_023,2026-02-12,,11153.38,509,Cancelled
SHP002618,2026-03-27,2026-03-27,2026-03-31,Pune,Hyderabad,West,LTL,CARR_03,CUST_001,2026-03-31,2026-04-06,12137.63,933,Delivered
SHP003231,2026-02-22,2026-02-22,2026-03-02,Ahmedabad,Lucknow,West,PTL,CARR_04,CUST_010,2026-03-02,2026-03-04,17359.57,1937,Delivered
SHP000801,2026-02-20,2026-02-21,2026-02-27,Bhopal,Surat,Central,LTL,CARR_14,CUST_074,2026-02-27,2026-02-25,7610.87,581,Delivered
SHP000457,2026-01-20,2026-01-20,2026-01-22,Hyderabad,Kochi,South,FTL,CARR_01,CUST_071,2026-01-22,,52319.3,2141,Delivered
SHP004660,2026-06-20,2026-06-22,2026-06-30,Ahmedabad,Chandigarh,West,LTL,CARR_08,CUST_089,2026-06-30,2026-07-01,22209.64,1683,Delivered
SHP001230,2026-04-23,2026-04-24,2026-05-01,Kolkata,Ahmedabad,East,LTL,CARR_04,CUST_069,2026-05-01,,7504.33,657,Cancelled
SHP000560,2026-04-07,2026-04-10,2026-04-12,Bengaluru,Kolkata,South,LTL,CARR_14,CUST_019,2026-04-12,2026-04-13,5085.69,443,Delivered
SHP004846,2026-03-27,2026-03-28,2026-04-05,Kolkata,Nagpur,East,FTL,CARR_11,CUST_076,2026-04-05,2026-04-02,70176.21,2451,Delayed
SHP003425,2026-06-22,2026-06-23,2026-06-27,Surat,Lucknow,West,LTL,CARR_10,CUST_091,2026-06-27,,16437.29,1457,Cancelled
SHP004061,2026-06-03,2026-06-05,2026-06-12,Bhopal,Mumbai,Central,FTL,CARR_13,CUST_011,2026-06-12,2026-06-09,17970.47,631,Delivered
SHP002997,2026-01-31,2026-02-03,2026-02-08,Jaipur,Chandigarh,North,PTL,CARR_10,CUST_089,2026-02-08,2026-02-10,4237.4,542,Delivered
SHP003548,2026-03-16,2026-03-16,2026-03-23,Nagpur,Nagpur,Central,FTL,CARR_07,CUST_058,2026-03-23,2026-03-17,24305.1,79,Delivered
SHP000243,2026-03-28,2026-03-28,2026-03-30,Lucknow,Kochi,North,PTL,CARR_04,CUST_092,2026-03-30,2026-04-04,17462.58,2461,Delayed
SHP001709,2026-05-09,2026-05-11,2026-05-15,Chennai,Bhopal,South,FTL,CARR_12,CUST_095,2026-05-15,,44967.98,1914,Delivered
SHP001678,2026-04-05,2026-04-05,2026-04-09,Bhubaneswar,Bengaluru,East,FTL,CARR_05,CUST_032,2026-04-09,2026-04-15,44995.68,1849,Delivered
SHP001628,2026-05-19,2026-05-22,2026-05-26,Ahmedabad,Surat,West,FTL,CARR_12,CUST_049,2026-05-26,2026-05-26,29954.34,1294,Delivered
SHP001152,2026-04-10,2026-04-10,2026-04-13,Chandigarh,Bhubaneswar,North,LTL,CARR_08,CUST_088,2026-04-13,2026-04-13,1714.32,147,Delivered
SHP000003,2026-01-21,2026-01-23,2026-01-31,Bhubaneswar,Lucknow,East,LTL,CARR_15,CUST_049,2026-01-31,2026-02-02,18798.33,1531,Delivered
SHP004460,2026-01-12,2026-01-12,2026-01-20,Delhi,Guwahati,North,FTL,CARR_09,CUST_059,2026-01-20,2026-01-15,46533.96,2175,Delivered
SHP003818,2026-05-28,2026-05-31,2026-06-06,Indore,Raipur,Central,FTL,CARR_13,CUST_106,2026-06-06,2026-06-07,51353.04,1949,Delivered
SHP000017,2026-01-31,2026-02-01,2026-02-07,Chandigarh,Delhi,North,LTL,CARR_04,CUST_052,2026-02-07,2026-02-11,2635.11,212,Delivered
SHP003199,2026-01-16,2026-01-17,2026-01-24,Indore,Ahmedabad,Central,FTL,CARR_05,CUST_083,2026-01-24,2026-01-18,3676.05,164,Delivered
SHP002455,2026-05-11,2026-05-13,2026-05-20,Pune,Lucknow,West,PTL,CARR_05,CUST_080,2026-05-20,,11235.49,1364,Cancelled
SHP001922,2026-03-08,2026-03-09,2026-03-13,Hyderabad,Kochi,South,LTL,CARR_11,CUST_079,2026-03-13,,4557.52,391,Delivered
SHP003272,2026-03-22,2026-03-22,2026-03-24,Raipur,Pune,Central,LTL,CARR_05,CUST_083,2026-03-24,2026-03-28,14207.15,1144,Delivered
SHP002313,2026-06-17,2026-06-19,2026-06-23,Bhubaneswar,Bhubaneswar,East,LTL,CARR_02,CUST_095,2026-06-23,2026-06-23,16803.88,1239,Delivered
SHP003547,2026-01-18,2026-01-21,2026-01-26,Chennai,Chandigarh,South,LTL,CARR_15,CUST_040,2026-01-26,,29153.53,2475,Cancelled
SHP004137,2026-02-05,2026-02-06,2026-02-13,Kochi,Nagpur,South,LTL,CARR_11,CUST_055,2026-02-13,2026-02-08,13992.22,1176,Delayed
SHP000880,2026-06-14,2026-06-16,2026-06-22,Guwahati,Hyderabad,East,LTL,CARR_13,CUST_005,2026-06-22,2026-06-22,24592.74,2378,Delivered
SHP001153,2026-02-16,2026-02-19,2026-02-27,Kolkata,Bengaluru,East,PTL,CARR_11,CUST_018,2026-02-27,2026-02-17,18125.6,2367,Delayed
SHP001121,2026-01-09,2026-01-12,2026-01-20,Pune,Jaipur,West,FTL,CARR_11,CUST_025,2026-01-20,2026-01-22,23450.62,990,Delivered
SHP001151,2026-01-08,2026-01-08,2026-01-10,Kolkata,Lucknow,East,LTL,CARR_05,CUST_094,2026-01-10,2026-01-12,5391.27,391,Delivered
SHP004856,2026-01-23,2026-01-26,2026-01-29,Ahmedabad,Guwahati,West,LTL,CARR_10,CUST_032,2026-01-29,2026-01-30,6379.33,598,Delivered
SHP004549,2026-05-13,2026-05-14,2026-05-17,Raipur,Nagpur,Central,LTL,CARR_02,CUST_037,2026-05-17,2026-05-24,11814.37,864,Delivered
SHP001561,2026-03-26,2026-03-29,2026-04-01,Raipur,Lucknow,Central,FTL,CARR_01,CUST_050,2026-04-01,2026-04-06,24790.46,1006,Delivered
SHP001358,2026-05-16,2026-05-19,2026-05-27,Surat,Pune,West,FTL,CARR_03,CUST_028,2026-05-27,2026-05-28,51507.5,1996,Delivered
SHP002203,2026-06-02,2026-06-03,2026-06-08,Jaipur,Bengaluru,North,PTL,CARR_08,CUST_080,2026-06-08,2026-06-08,17239.27,2399,Delivered
SHP003726,2026-06-22,2026-06-25,2026-06-27,Nagpur,Surat,Central,FTL,CARR_04,CUST_031,2026-06-27,2026-06-29,29279.45,1127,Delivered
SHP004420,2026-02-18,2026-02-19,2026-02-23,Delhi,Surat,North,LTL,CARR_11,CUST_021,2026-02-23,2026-02-20,7999.57,606,Delivered
SHP003607,2026-01-26,2026-01-26,2026-01-30,Bhubaneswar,Nagpur,East,LTL,CARR_01,CUST_120,2026-01-30,2026-02-03,9314.39,765,Delivered
SHP001346,2026-04-11,2026-04-11,2026-04-17,Chennai,Pune,South,FTL,CARR_14,CUST_016,2026-04-17,,41024.01,1616,Cancelled
SHP002881,2026-02-26,2026-02-26,2026-03-06,Bhopal,Delhi,Central,FTL,CARR_13,CUST_060,2026-03-06,2026-03-01,60441.63,2413,Delivered
SHP000566,2026-03-22,2026-03-24,2026-03-30,Indore,Raipur,Central,FTL,CARR_08,CUST_089,2026-03-30,2026-04-03,48865.75,2141,Delivered
SHP004372,2026-01-23,2026-01-24,2026-01-29,Guwahati,Jaipur,East,FTL,CARR_10,CUST_046,2026-01-29,2026-01-25,30056.67,1268,Delivered
SHP003657,2026-01-25,2026-01-26,2026-01-30,Bhubaneswar,Nagpur,East,FTL,CARR_02,CUST_029,2026-01-30,2026-02-01,39681.06,1865,Delayed
SHP003990,2026-03-07,2026-03-09,2026-03-12,Bhopal,Chennai,Central,LTL,CARR_05,CUST_112,2026-03-12,2026-03-19,830.65,70,Delivered
SHP001790,2026-02-13,2026-02-13,2026-02-15,Mumbai,Bengaluru,West,FTL,CARR_10,CUST_017,2026-02-15,2026-02-17,43399.85,2018,Delayed
SHP002335,2026-04-17,2026-04-17,2026-04-20,Raipur,Pune,Central,FTL,CARR_10,CUST_037,2026-04-20,2026-04-22,49124.71,1829,Delivered
SHP003289,2026-06-11,2026-06-11,2026-06-16,Patna,Patna,East,FTL,CARR_02,CUST_010,2026-06-16,2026-06-14,47349.41,1756,Delivered
SHP003112,2026-04-11,2026-04-12,2026-04-20,Pune,Raipur,West,FTL,CARR_10,CUST_090,2026-04-20,2026-04-17,3094.75,118,Delivered
SHP001564,2026-04-27,2026-04-28,2026-04-30,Hyderabad,Bhopal,South,LTL,CARR_05,CUST_011,2026-04-30,,16060.88,1405,Delayed
SHP004225,2026-05-06,2026-05-07,2026-05-13,Mumbai,Delhi,West,LTL,CARR_10,CUST_117,2026-05-13,2026-05-16,11449.94,897,Delivered
SHP001162,2026-01-04,2026-01-04,2026-01-06,Chennai,Hyderabad,South,FTL,CARR_02,CUST_009,2026-01-06,,48942.09,1777,Delivered
SHP001824,2026-06-19,,2026-06-27,Indore,Mumbai,Central,PTL,CARR_11,CUST_005,2026-06-27,2026-06-28,18843.01,2330,Delivered
SHP003583,2026-03-17,2026-03-20,2026-03-24,Ahmedabad,Bhubaneswar,West,LTL,CARR_08,CUST_059,2026-03-24,2026-03-24,5260.49,508,Delivered
SHP001773,2026-03-25,2026-03-25,2026-03-29,Delhi,Ahmedabad,North,LTL,CARR_15,CUST_103,2026-03-29,2026-04-02,19367.31,1434,Delivered
SHP000665,2026-01-28,2026-01-30,2026-02-01,Surat,Delhi,West,FTL,CARR_14,CUST_084,2026-02-01,2026-02-09,31608.62,1240,Delivered
SHP002276,2026-03-22,2026-03-23,2026-03-29,Mumbai,Chandigarh,West,LTL,CARR_08,CUST_096,2026-03-29,2026-03-26,21437.72,1668,Delivered
SHP001708,2026-03-06,2026-03-06,2026-03-08,Guwahati,Kochi,East,FTL,CARR_03,CUST_009,2026-03-08,2026-03-12,26009.39,935,Delivered
SHP001810,2026-02-21,2026-02-22,2026-02-28,Guwahati,Kochi,East,FTL,CARR_01,CUST_093,2026-02-28,2026-03-04,2939.39,115,Delivered
SHP003957,2026-06-24,2026-06-26,2026-07-01,Kochi,Raipur,South,FTL,CARR_04,CUST_115,2026-07-01,,1633.79,58,Delivered
SHP001767,2026-02-07,2026-02-07,2026-02-13,Surat,Lucknow,West,FTL,CARR_02,CUST_064,2026-02-13,2026-02-12,60536.12,2194,Delivered
SHP004964,2026-01-07,2026-01-07,2026-01-10,Chennai,Raipur,South,FTL,CARR_02,CUST_100,2026-01-10,,26112.33,911,Delivered
SHP004229,2026-03-08,2026-03-09,2026-03-14,Ahmedabad,Jaipur,West,PTL,CARR_14,CUST_113,2026-03-14,,10509.03,1223,Cancelled
SHP003609,2026-05-28,2026-05-30,2026-06-02,Indore,Kolkata,Central,FTL,CARR_01,CUST_058,2026-06-02,2026-06-08,32435.61,1402,Delivered
SHP004824,2026-02-13,2026-02-16,2026-02-23,Raipur,Raipur,Central,LTL,CARR_01,CUST_034,2026-02-23,,26859.2,2491,In-Transit
SHP003843,2026-05-03,2026-05-03,2026-05-10,Delhi,Pune,North,PTL,CARR_11,CUST_030,2026-05-10,2026-05-06,15495.64,1815,Delivered
SHP000222,2026-06-13,2026-06-15,2026-06-19,Indore,Kolkata,Central,LTL,CARR_06,CUST_036,2026-06-19,2026-06-20,13847.82,1273,Delivered
SHP003877,2026-06-01,2026-06-03,2026-06-05,Kolkata,Jaipur,East,FTL,CARR_07,CUST_022,2026-06-05,2026-06-06,85263.45,452,Delivered
SHP002320,2026-01-10,,2026-01-15,Bengaluru,Raipur,South,LTL,CARR_12,CUST_081,2026-01-15,,18747.1,1789,In-Transit
SHP004725,2026-02-23,2026-02-25,2026-03-01,Pune,Ahmedabad,West,LTL,CARR_01,CUST_018,2026-03-01,2026-03-06,25623.92,2016,Delivered
SHP003648,2026-06-11,2026-06-14,2026-06-20,Patna,Surat,East,PTL,CARR_05,CUST_119,2026-06-20,2026-06-24,2494.59,327,Delivered
SHP002059,2026-04-13,2026-04-13,2026-04-20,Kochi,Surat,South,PTL,CARR_13,CUST_046,2026-04-20,,14564.91,1890,Delivered
SHP004433,2026-01-08,2026-01-08,2026-01-11,Kochi,Chandigarh,South,PTL,CARR_12,CUST_056,2026-01-11,,2344.9,300,In-Transit
SHP001422,2026-05-26,2026-05-29,2026-06-01,Raipur,Kolkata,Central,FTL,CARR_10,CUST_040,2026-06-01,2026-06-01,7266.53,256,Delivered
SHP000305,2026-05-23,2026-05-25,2026-06-01,Patna,Bhopal,East,FTL,CARR_04,CUST_041,2026-06-01,2026-06-02,17984.52,840,Delivered
SHP003745,2026-05-05,2026-05-08,2026-05-10,Ahmedabad,Indore,West,PTL,CARR_05,CUST_034,2026-05-10,2026-05-11,9121.04,1197,Delayed
SHP004573,2026-06-29,2026-07-01,2026-07-09,Delhi,Kolkata,North,LTL,CARR_15,CUST_071,2026-07-09,,17842.71,1556,Cancelled
SHP000095,2026-05-01,2026-05-02,2026-05-07,Jaipur,Chennai,North,FTL,CARR_15,CUST_107,2026-05-07,2026-05-10,1991.12,71,Delivered
SHP002425,2026-06-06,2026-06-09,2026-06-17,Bhubaneswar,Ahmedabad,East,LTL,CARR_08,CUST_030,2026-06-17,,2240.66,178,In-Transit
SHP001859,2026-01-13,2026-01-13,2026-01-20,Kolkata,Nagpur,East,FTL,CARR_01,CUST_001,2026-01-20,2026-01-15,6037.15,276,Delivered
SHP001799,2026-05-28,2026-05-29,2026-06-04,Chennai,Kochi,South,PTL,CARR_14,CUST_035,2026-06-04,,11571.13,1444,Delivered
SHP000302,2026-04-28,2026-04-28,2026-05-05,Chandigarh,Surat,North,FTL,CARR_01,CUST_026,2026-05-05,2026-05-07,22390.96,903,Delivered
SHP003643,2026-03-25,2026-03-27,2026-03-30,Raipur,Ahmedabad,Central,LTL,CARR_07,CUST_048,2026-03-30,2026-03-30,159493.41,1489,Delivered
SHP001157,2026-01-25,2026-01-26,2026-02-01,Jaipur,Delhi,North,LTL,CARR_11,CUST_079,2026-02-01,2026-02-01,10419.1,763,Delivered
SHP002533,2026-06-04,2026-06-05,2026-06-13,Mumbai,Guwahati,West,PTL,CARR_03,CUST_003,2026-06-13,2026-06-14,6584.0,837,Delivered
SHP000058,2026-01-20,2026-01-23,2026-01-27,Raipur,Chandigarh,Central,LTL,CARR_11,CUST_020,2026-01-27,,21041.13,1678,Cancelled
SHP001050,2026-02-25,2026-02-26,2026-03-04,Guwahati,Jaipur,East,PTL,CARR_04,CUST_014,2026-03-04,2026-03-04,8131.22,928,Delivered
SHP003686,2026-03-27,2026-03-28,2026-04-01,Kochi,Lucknow,South,FTL,CARR_03,CUST_029,2026-04-01,,21917.49,909,Delivered
SHP000408,2026-06-15,2026-06-16,2026-06-18,Mumbai,Guwahati,West,FTL,CARR_15,CUST_089,2026-06-18,2026-06-17,29563.23,1185,Delayed
SHP000179,2026-01-26,2026-01-27,2026-02-02,Chennai,Surat,South,PTL,CARR_02,CUST_115,2026-02-02,,12398.06,1622,Delivered
SHP003482,2026-05-25,2026-05-25,2026-06-01,Lucknow,Chennai,North,FTL,CARR_12,CUST_042,2026-06-01,2026-05-29,21755.97,908,Delivered
SHP004796,2026-02-21,2026-02-23,2026-02-25,Guwahati,Bhopal,East,FTL,CARR_10,CUST_113,2026-02-25,2026-03-04,6204.06,286,Delivered
SHP004554,2026-01-08,2026-01-10,2026-01-13,Bhopal,Ahmedabad,Central,FTL,CARR_09,CUST_006,2026-01-13,2026-01-18,11044.08,466,Delivered
SHP001066,2026-03-25,2026-03-26,2026-04-01,Surat,Chandigarh,West,LTL,CARR_15,CUST_105,2026-04-01,2026-04-05,24087.9,2175,Delivered
SHP003805,2026-06-22,2026-06-22,2026-06-30,Pune,Mumbai,West,LTL,CARR_13,CUST_032,2026-06-30,2026-06-26,24094.08,1984,Delivered
SHP003301,2026-04-26,2026-04-27,2026-05-02,Ahmedabad,Lucknow,West,FTL,CARR_05,CUST_004,2026-05-02,2026-05-07,17125.4,670,Delivered
SHP004804,2026-06-07,2026-06-09,2026-06-11,Indore,Jaipur,Central,FTL,CARR_11,CUST_001,2026-06-11,2026-06-16,43620.77,1870,Delivered
SHP002076,2026-04-10,2026-04-13,2026-04-17,Guwahati,Bhubaneswar,East,LTL,CARR_11,CUST_095,2026-04-17,2026-04-23,30435.91,2439,Delayed
SHP002539,2026-02-01,2026-02-03,2026-02-09,Ahmedabad,Ahmedabad,West,PTL,CARR_13,CUST_066,2026-02-09,2026-02-10,15655.75,1878,Delivered
SHP003955,2026-05-03,2026-05-05,2026-05-07,Ahmedabad,Chennai,West,LTL,CARR_01,CUST_004,2026-05-07,2026-05-14,11630.03,877,Delivered
SHP002240,2026-06-17,2026-06-17,2026-06-19,Delhi,Guwahati,North,PTL,CARR_04,CUST_053,2026-06-19,2026-06-21,7870.83,878,Delivered
SHP003928,2026-02-01,2026-02-01,2026-02-09,Mumbai,Nagpur,West,FTL,CARR_14,CUST_066,2026-02-09,2026-02-05,26966.06,1190,Delayed
SHP003718,2026-06-02,2026-06-02,2026-06-07,Guwahati,Kolkata,East,LTL,CARR_11,CUST_048,2026-06-07,2026-06-07,6407.49,514,Delivered
SHP003611,2026-06-08,2026-06-08,2026-06-13,Bhopal,Pune,Central,LTL,CARR_03,CUST_022,2026-06-13,2026-06-16,14214.54,1173,Delivered
SHP002449,2026-06-22,2026-06-24,2026-06-26,Ahmedabad,Chennai,West,PTL,CARR_03,CUST_109,2026-06-26,2026-07-02,15031.76,2139,Delayed
SHP000996,2026-05-03,2026-05-05,2026-05-11,Patna,Chandigarh,East,LTL,CARR_10,CUST_070,2026-05-11,,3899.37,363,Cancelled
SHP003799,2026-03-14,2026-03-17,2026-03-22,Bengaluru,Kochi,South,LTL,CARR_04,CUST_060,2026-03-22,,11591.49,968,In-Transit
SHP002501,2026-01-24,2026-01-27,2026-02-01,Mumbai,Indore,West,LTL,CARR_10,CUST_072,2026-02-01,2026-02-01,11588.32,999,Delivered
SHP003644,2026-01-23,2026-01-24,2026-02-01,Bhubaneswar,Chennai,East,LTL,CARR_06,CUST_003,2026-02-01,2026-01-27,16239.39,1522,Delivered
SHP004829,2026-06-17,2026-06-19,2026-06-23,Surat,Mumbai,West,PTL,CARR_13,CUST_058,2026-06-23,2026-06-22,1952.18,236,Delivered
SHP002411,2026-02-16,2026-02-16,2026-02-24,Chennai,Patna,South,FTL,CARR_14,CUST_101,2026-02-24,2026-02-22,17090.89,791,Delivered
SHP002299,2026-03-16,2026-03-19,2026-03-24,Kolkata,Indore,East,LTL,CARR_03,CUST_071,2026-03-24,2026-03-27,3366.49,305,Delivered
SHP004529,2026-05-25,2026-05-28,2026-05-31,Patna,Lucknow,East,LTL,CARR_03,CUST_082,2026-05-31,,26280.84,2418,In-Transit
SHP001343,2026-02-28,2026-03-03,2026-03-08,Lucknow,Kochi,North,LTL,CARR_01,CUST_092,2026-03-08,2026-03-05,5668.64,483,Delivered
SHP003762,2026-02-26,2026-03-01,2026-03-09,Lucknow,Ahmedabad,North,LTL,CARR_10,CUST_072,2026-03-09,2026-03-06,14154.28,1375,Delivered
SHP000896,2026-02-22,2026-02-25,2026-03-05,Hyderabad,Nagpur,South,PTL,CARR_10,CUST_018,2026-03-05,,15741.66,1766,Delayed
SHP002039,2026-04-07,2026-04-09,2026-04-11,Guwahati,Kochi,East,FTL,CARR_05,CUST_087,2026-04-11,2026-04-19,17125.89,601,Delayed
SHP002400,2026-05-19,2026-05-22,2026-05-26,Chennai,Kolkata,South,LTL,CARR_03,CUST_109,2026-05-26,,18340.47,1630,Delivered
SHP002960,2026-04-16,2026-04-16,2026-04-21,Chandigarh,Surat,North,PTL,CARR_04,CUST_097,2026-04-21,2026-04-25,8806.13,986,Delivered
SHP002193,2026-01-11,2026-01-13,2026-01-18,Nagpur,Raipur,Central,LTL,CARR_13,CUST_021,2026-01-18,2026-01-22,10029.61,970,Delivered
SHP001717,2026-01-03,2026-01-06,2026-01-12,Patna,Chandigarh,East,FTL,CARR_05,CUST_038,2026-01-12,2026-01-14,10778.03,410,Delivered
SHP002282,2026-06-12,2026-06-15,2026-06-21,Kolkata,Indore,East,FTL,CARR_03,CUST_043,2026-06-21,2026-06-18,54445.74,2002,Delivered
SHP004568,2026-02-27,2026-02-27,2026-03-02,Nagpur,Lucknow,Central,FTL,CARR_12,CUST_021,2026-03-02,2026-03-04,54841.66,2207,Delivered
SHP004488,2026-05-29,2026-05-31,2026-06-05,Ahmedabad,Hyderabad,West,LTL,CARR_02,CUST_080,2026-06-05,2026-06-10,15465.41,1317,Delivered
SHP004929,2026-05-08,2026-05-10,2026-05-14,Jaipur,Patna,North,FTL,CARR_13,CUST_045,2026-05-14,,15494.6,545,In-Transit
SHP003308,2026-02-13,2026-02-14,2026-02-22,Bhopal,Ahmedabad,Central,LTL,CARR_14,CUST_060,2026-02-22,2026-02-12,30751.65,2485,Delivered
SHP000736,2026-02-20,2026-02-23,2026-03-02,Hyderabad,Chandigarh,South,LTL,CARR_05,CUST_078,2026-03-02,,713.17,63,Delivered
SHP004062,2026-06-17,2026-06-19,2026-06-25,Bengaluru,Patna,South,LTL,CARR_14,CUST_016,2026-06-25,,28383.68,2388,Delivered
SHP000943,2026-02-07,2026-02-08,2026-02-11,Surat,Jaipur,West,PTL,CARR_05,CUST_014,2026-02-11,2026-02-12,17505.19,1951,Delayed
SHP001335,2026-06-26,2026-06-28,2026-07-05,Hyderabad,Patna,South,FTL,CARR_07,CUST_085,2026-07-05,,93029.15,410,Delivered
SHP001019,2026-03-21,2026-03-22,2026-03-25,Hyderabad,Bhopal,South,FTL,CARR_13,CUST_065,2026-03-25,,11160.12,493,In-Transit
SHP003608,2026-06-07,2026-06-08,2026-06-15,Guwahati,Kolkata,East,FTL,CARR_03,CUST_044,2026-06-15,2026-06-10,19276.16,691,Delivered
SHP002998,2026-05-09,2026-05-10,2026-05-14,Raipur,Surat,Central,FTL,CARR_12,CUST_010,2026-05-14,2026-05-13,49817.45,1952,Delivered
SHP001732,2026-01-29,2026-01-30,2026-02-02,Chennai,Nagpur,South,LTL,CARR_15,CUST_001,2026-02-02,,17297.64,1579,Delivered
SHP004358,2026-03-27,2026-03-30,2026-04-07,Bhubaneswar,Nagpur,East,PTL,CARR_08,CUST_066,2026-04-07,2026-04-08,14803.97,2030,Delivered
SHP002158,2026-01-30,2026-01-31,2026-02-08,Bhopal,Raipur,Central,LTL,CARR_10,CUST_083,2026-02-08,2026-02-03,27165.69,2451,Delivered
SHP001793,2026-05-15,2026-05-18,2026-05-22,Mumbai,Jaipur,West,FTL,CARR_01,CUST_023,2026-05-22,2026-05-23,8368.43,374,Delivered
SHP004841,2026-01-08,2026-01-08,2026-01-12,Mumbai,Kolkata,West,PTL,CARR_06,CUST_085,2026-01-12,2026-01-07,13078.93,1914,Delivered
SHP003914,2026-01-31,2026-02-03,2026-02-05,Jaipur,Ahmedabad,North,LTL,CARR_15,CUST_088,2026-02-05,2026-02-11,23869.86,1785,Delivered
SHP003418,2026-03-20,2026-03-21,2026-03-29,Indore,Bengaluru,Central,LTL,CARR_03,CUST_059,2026-03-29,2026-03-31,2845.92,231,Delivered
SHP003738,2026-06-16,2026-06-17,2026-06-19,Ahmedabad,Guwahati,West,FTL,CARR_15,CUST_075,2026-06-19,2026-06-23,50116.04,2048,Delivered
SHP000564,2026-01-31,2026-02-01,2026-02-08,Surat,Delhi,West,LTL,CARR_04,CUST_085,2026-02-08,2026-02-11,8042.48,787,Delivered
SHP004516,2026-06-13,2026-06-15,2026-06-17,Jaipur,Bhopal,North,PTL,CARR_15,CUST_074,2026-06-17,2026-06-19,16071.16,1801,Delivered
SHP000946,2026-01-22,2026-01-22,2026-01-28,Indore,Raipur,Central,PTL,CARR_02,CUST_011,2026-01-28,2026-01-25,14408.15,1805,Delivered
SHP002842,2026-03-26,2026-03-27,2026-03-30,Indore,Raipur,Central,FTL,CARR_08,CUST_020,2026-03-30,2026-03-28,12658.69,536,Delivered
SHP002291,2026-02-14,2026-02-16,2026-02-22,Lucknow,Ahmedabad,North,PTL,CARR_15,CUST_028,2026-02-22,2026-02-21,7610.08,1026,Delivered
SHP004144,2026-01-26,2026-01-29,2026-02-03,Bhopal,Kolkata,Central,FTL,CARR_08,CUST_111,2026-02-03,2026-02-07,54950.49,2156,Delivered
SHP003310,2026-03-03,2026-03-04,2026-03-07,Bengaluru,Chandigarh,South,LTL,CARR_14,CUST_049,2026-03-07,,8000.23,731,Delivered
SHP000492,2026-06-28,2026-07-01,2026-07-07,Lucknow,Delhi,North,LTL,CARR_07,CUST_072,2026-07-07,2026-07-08,52760.48,382,Delivered
SHP004171,2026-06-07,2026-06-09,2026-06-13,Bhopal,Chennai,Central,FTL,CARR_15,CUST_090,2026-06-13,2026-06-11,40087.0,1431,Delivered
SHP004238,2026-03-27,2026-03-29,2026-04-03,Ahmedabad,Ahmedabad,West,PTL,CARR_09,CUST_024,2026-04-03,2026-04-04,11828.73,1602,Delivered
SHP001861,2026-02-25,2026-02-25,2026-03-01,Mumbai,Raipur,West,LTL,CARR_04,CUST_087,2026-03-01,2026-02-26,13606.26,1124,Delivered
SHP004442,2026-01-13,2026-01-16,2026-01-21,Guwahati,Pune,East,PTL,CARR_13,CUST_089,2026-01-21,2026-01-19,15021.62,1714,Delivered
SHP002631,2026-04-22,2026-04-25,2026-05-01,Indore,Bhopal,Central,PTL,CARR_14,CUST_068,2026-05-01,2026-04-28,16278.37,2047,Delivered
SHP003577,2026-03-29,2026-04-01,2026-04-03,Raipur,Bhubaneswar,Central,FTL,CARR_03,CUST_085,2026-04-03,2026-04-05,23540.66,944,Delivered
SHP004022,2026-06-30,2026-07-02,2026-07-05,Chennai,Bhubaneswar,South,FTL,CARR_14,CUST_080,2026-07-05,,50854.8,2136,Cancelled
SHP002704,2026-02-08,2026-02-08,2026-02-10,Bengaluru,Delhi,South,FTL,CARR_05,CUST_082,2026-02-10,,31465.14,1358,In-Transit
SHP002908,2026-01-24,2026-01-27,2026-02-01,Pune,Raipur,West,FTL,CARR_11,CUST_095,2026-02-01,2026-02-04,37258.47,1307,Delivered
SHP000444,2026-02-25,2026-02-27,2026-03-04,Guwahati,Pune,East,LTL,CARR_04,CUST_077,2026-03-04,2026-03-03,9196.5,788,Delivered
SHP002486,2026-06-16,2026-06-19,2026-06-24,Indore,Surat,Central,FTL,CARR_01,CUST_008,2026-06-24,2026-06-23,17119.16,644,Delivered
SHP000096,2026-03-03,2026-03-06,2026-03-11,Raipur,Jaipur,Central,FTL,CARR_02,CUST_007,2026-03-11,2026-03-16,6779.0,307,Delayed
SHP001542,2026-03-23,2026-03-24,2026-03-29,Bhubaneswar,Indore,East,PTL,CARR_01,CUST_027,2026-03-29,2026-03-26,2549.13,301,Delivered
SHP002674,2026-05-10,2026-05-10,2026-05-16,Pune,Surat,West,LTL,CARR_11,CUST_023,2026-05-16,2026-05-17,27837.06,2401,Delivered
SHP001890,2026-02-03,2026-02-04,2026-02-11,Nagpur,Guwahati,Central,LTL,CARR_12,CUST_010,2026-02-11,2026-02-05,23318.36,2080,Delayed
SHP003327,2026-02-16,2026-02-17,2026-02-22,Surat,Pune,West,LTL,CARR_01,CUST_113,2026-02-22,2026-02-23,12478.52,1214,Delivered
SHP001742,2026-04-02,2026-04-04,2026-04-10,Surat,Hyderabad,West,LTL,CARR_03,CUST_011,2026-04-10,2026-04-08,14057.28,1057,Delivered
SHP002741,2026-03-08,2026-03-10,2026-03-17,Pune,Hyderabad,West,FTL,CARR_07,CUST_091,2026-03-17,,547749.02,2193,In-Transit
SHP002738,2026-03-28,2026-03-31,2026-04-06,Chandigarh,Bhopal,North,FTL,CARR_06,CUST_083,2026-04-06,2026-04-07,32020.47,1182,Delivered
SHP002302,2026-01-11,2026-01-13,2026-01-16,Kochi,Bhopal,South,FTL,CARR_10,CUST_077,2026-01-16,,27813.6,1290,Delivered
SHP001963,2026-05-27,2026-05-27,2026-06-04,Surat,Bhubaneswar,West,FTL,CARR_02,CUST_106,2026-06-04,2026-06-06,53091.7,2467,Delivered
SHP002652,2026-04-14,2026-04-15,2026-04-21,Mumbai,Chandigarh,West,LTL,CARR_03,CUST_044,2026-04-21,,10933.69,935,In-Transit
SHP000782,2026-04-01,2026-04-03,2026-04-07,Hyderabad,Ahmedabad,South,FTL,CARR_05,CUST_043,2026-04-07,,45650.57,1792,In-Transit
SHP004734,2026-01-21,2026-01-21,2026-01-23,Lucknow,Lucknow,North,LTL,CARR_10,CUST_111,2026-01-23,,18652.09,1496,In-Transit
SHP003789,2026-01-09,2026-01-09,2026-01-15,Hyderabad,Kochi,South,FTL,CARR_06,CUST_047,2026-01-15,,2637.33,114,Delivered
SHP001216,2026-05-27,2026-05-30,2026-06-01,Indore,Chandigarh,Central,FTL,CARR_01,CUST_115,2026-06-01,2026-06-02,16784.2,759,Delivered
SHP003126,2026-06-10,2026-06-13,2026-06-19,Bhopal,Guwahati,Central,LTL,CARR_01,CUST_089,2026-06-19,2026-06-17,9625.06,801,Delivered
SHP000280,2026-05-30,,2026-06-09,Delhi,Indore,North,LTL,CARR_09,CUST_118,2026-06-09,2026-06-07,13019.33,1182,Delayed
SHP001714,2026-01-11,2026-01-11,2026-01-17,Chandigarh,Kolkata,North,LTL,CARR_12,CUST_098,2026-01-17,,4155.04,316,Cancelled
SHP004415,2026-04-26,2026-04-27,2026-05-05,Chandigarh,Mumbai,North,FTL,CARR_14,CUST_018,2026-05-05,2026-05-05,18977.38,710,Delayed
SHP003351,2026-02-09,2026-02-09,2026-02-17,Raipur,Kochi,Central,PTL,CARR_03,CUST_060,2026-02-17,2026-02-12,15542.55,1713,Delivered
SHP000623,2026-06-28,,2026-07-04,Bhopal,Chandigarh,Central,LTL,CARR_04,CUST_054,2026-07-04,2026-07-09,10708.66,935,Delayed
SHP003398,2026-06-02,2026-06-02,2026-06-08,Pune,Delhi,West,PTL,CARR_12,CUST_081,2026-06-08,,1182.88,155,In-Transit
SHP004511,2026-04-17,2026-04-18,2026-04-26,Raipur,Bengaluru,Central,LTL,CARR_13,CUST_073,2026-04-26,2026-04-19,18813.69,1464,Delivered
SHP002218,2026-04-27,2026-04-27,2026-05-02,Bhubaneswar,Bhubaneswar,East,LTL,CARR_06,CUST_108,2026-05-02,2026-04-30,10762.36,840,Delivered
SHP000497,2026-04-25,2026-04-27,2026-05-02,Kolkata,Bengaluru,East,FTL,CARR_07,CUST_069,2026-05-02,,231847.58,847,In-Transit
SHP004152,2026-06-18,2026-06-19,2026-06-27,Kolkata,Indore,East,LTL,CARR_08,CUST_047,2026-06-27,,6109.23,531,Cancelled
SHP000424,2026-01-29,2026-02-01,2026-02-08,Kochi,Pune,South,FTL,CARR_07,CUST_063,2026-02-08,,571424.62,2259,Cancelled
SHP004035,2026-03-11,2026-03-13,2026-03-20,Kolkata,Indore,East,FTL,CARR_07,CUST_003,2026-03-20,2026-03-22,367179.63,1667,Delivered
SHP002912,2026-06-27,2026-06-27,2026-07-01,Hyderabad,Patna,South,FTL,CARR_13,CUST_048,2026-07-01,2026-06-30,34828.22,1473,Delivered
SHP003175,2026-04-05,2026-04-06,2026-04-08,Guwahati,Patna,East,PTL,CARR_10,CUST_078,2026-04-08,2026-04-04,10102.01,1352,Delivered
SHP001673,2026-04-10,2026-04-11,2026-04-17,Chandigarh,Indore,North,FTL,CARR_02,CUST_041,2026-04-17,,22210.31,1042,In-Transit
SHP000429,2026-05-16,2026-05-19,2026-05-22,Bhopal,Indore,Central,FTL,CARR_10,CUST_103,2026-05-22,2026-05-26,40064.0,1472,Delivered
SHP002071,2026-04-21,2026-04-23,2026-04-30,Mumbai,Chandigarh,West,LTL,CARR_08,CUST_024,2026-04-30,2026-04-27,7908.32,760,Delivered
SHP002886,2026-01-01,2026-01-03,2026-01-08,Bhopal,Delhi,Central,FTL,CARR_04,CUST_001,2026-01-08,2026-01-07,50474.69,2253,Delayed
SHP004471,2026-02-19,2026-02-22,2026-03-01,Mumbai,Pune,West,LTL,CARR_04,CUST_018,2026-03-01,2026-03-02,12023.29,1033,Delivered
SHP003466,2026-01-18,2026-01-18,2026-01-21,Chandigarh,Mumbai,North,LTL,CARR_12,CUST_075,2026-01-21,2026-01-25,10398.75,821,Delivered
SHP003342,2026-04-10,2026-04-10,2026-04-17,Patna,Kochi,East,LTL,CARR_01,CUST_069,2026-04-17,2026-04-15,12062.02,1015,Delivered
SHP004497,2026-05-15,2026-05-15,2026-05-23,Nagpur,Chandigarh,Central,FTL,CARR_14,CUST_088,2026-05-23,2026-05-22,54291.92,1988,Delivered
SHP004740,2026-04-12,2026-04-12,2026-04-19,Chennai,Bhubaneswar,South,FTL,CARR_03,CUST_049,2026-04-19,,50838.09,2248,Delivered
SHP000790,2026-02-08,2026-02-10,2026-02-13,Pune,Lucknow,West,PTL,CARR_08,CUST_058,2026-02-13,2026-02-12,18323.0,2406,Delivered
SHP002948,2026-04-24,2026-04-26,2026-04-30,Indore,Lucknow,Central,LTL,CARR_13,CUST_056,2026-04-30,2026-04-28,5855.62,525,Delivered
SHP003008,2026-03-29,2026-03-29,2026-04-04,Guwahati,Patna,East,LTL,CARR_13,CUST_081,2026-04-04,2026-04-05,24651.1,2029,Delivered
SHP001303,2026-01-10,2026-01-11,2026-01-16,Kochi,Delhi,South,LTL,CARR_10,CUST_007,2026-01-16,,25893.7,2203,Delivered
SHP003408,2026-01-18,2026-01-21,2026-01-25,Guwahati,Indore,East,LTL,CARR_03,CUST_106,2026-01-25,2026-01-25,19544.65,1716,Delivered
SHP004557,2026-01-02,2026-01-03,2026-01-09,Chennai,Chandigarh,South,LTL,CARR_04,CUST_102,2026-01-09,,9755.8,880,Delivered
SHP004366,2026-04-30,2026-05-02,2026-05-09,Nagpur,Indore,Central,LTL,CARR_14,CUST_055,2026-05-09,2026-05-06,16706.97,1625,Delivered
SHP004011,2026-03-11,2026-03-11,2026-03-18,Kolkata,Jaipur,East,LTL,CARR_06,CUST_098,2026-03-18,2026-03-16,18818.2,1642,Delivered
SHP001127,2026-06-18,2026-06-21,2026-06-26,Nagpur,Bengaluru,Central,FTL,CARR_02,CUST_083,2026-06-26,2026-06-22,19631.14,693,Delivered
SHP003773,2026-06-21,2026-06-21,2026-06-23,Chennai,Pune,South,LTL,CARR_01,CUST_117,2026-06-23,,31409.86,2308,In-Transit
SHP002576,2026-02-24,2026-02-27,2026-03-01,Ahmedabad,Jaipur,West,PTL,CARR_13,CUST_073,2026-03-01,2026-02-28,4207.02,523,Delivered
SHP004636,2026-06-11,2026-06-14,2026-06-20,Bhubaneswar,Chandigarh,East,FTL,CARR_10,CUST_097,2026-06-20,,28634.81,1267,In-Transit
SHP000077,2026-02-27,2026-03-02,2026-03-10,Jaipur,Indore,North,FTL,CARR_05,CUST_074,2026-03-10,2026-03-11,49971.29,2330,Delayed
SHP004656,2026-01-22,2026-01-23,2026-01-26,Jaipur,Delhi,North,FTL,CARR_11,CUST_078,2026-01-26,2026-01-26,49353.39,1852,Delayed
SHP003270,2026-04-13,2026-04-14,2026-04-19,Surat,Chandigarh,West,FTL,CARR_05,CUST_003,2026-04-19,2026-04-20,18516.75,797,Delivered
SHP002043,2026-01-15,2026-01-17,2026-01-19,Guwahati,Lucknow,East,FTL,CARR_06,CUST_109,2026-01-19,2026-01-20,42765.64,1524,Delayed
SHP000244,2026-05-30,2026-06-02,2026-06-10,Mumbai,Bhopal,West,LTL,CARR_07,CUST_108,2026-06-10,,85512.88,775,In-Transit
SHP003278,2026-06-07,2026-06-09,2026-06-17,Chennai,Chennai,South,FTL,CARR_12,CUST_069,2026-06-17,,8909.91,393,In-Transit
SHP001356,2026-03-08,2026-03-11,2026-03-16,Pune,Mumbai,West,FTL,CARR_03,CUST_043,2026-03-16,2026-03-20,18280.13,654,Delivered
SHP002401,2026-05-20,2026-05-23,2026-05-29,Nagpur,Bengaluru,Central,LTL,CARR_14,CUST_047,2026-05-29,2026-05-26,32609.77,2499,Delivered
SHP004109,2026-03-01,2026-03-03,2026-03-09,Kochi,Ahmedabad,South,PTL,CARR_14,CUST_035,2026-03-09,,19212.72,2172,Delivered
SHP004335,2026-01-26,2026-01-29,2026-01-31,Delhi,Patna,North,FTL,CARR_05,CUST_102,2026-01-31,2026-02-04,51548.64,1817,Delivered
SHP004199,2026-02-02,2026-02-03,2026-02-05,Kochi,Surat,South,LTL,CARR_06,CUST_026,2026-02-05,,27509.45,2306,Delayed
SHP004447,2026-04-16,2026-04-18,2026-04-20,Ahmedabad,Pune,West,FTL,CARR_02,CUST_034,2026-04-20,2026-04-21,14322.7,671,Delivered
SHP002563,2026-03-05,2026-03-05,2026-03-07,Raipur,Bhopal,Central,LTL,CARR_12,CUST_071,2026-03-07,2026-03-13,17964.32,1349,Delivered
SHP001850,2026-04-19,2026-04-19,2026-04-23,Delhi,Lucknow,North,FTL,CARR_12,CUST_098,2026-04-23,2026-04-20,3288.89,146,Delivered
SHP002243,2026-06-13,2026-06-16,2026-06-22,Bhubaneswar,Kochi,East,LTL,CARR_02,CUST_085,2026-06-22,,22684.62,1927,Cancelled
SHP001033,2026-04-12,2026-04-15,2026-04-17,Chandigarh,Pune,North,LTL,CARR_14,CUST_014,2026-04-17,,8478.64,630,In-Transit
SHP001622,2026-05-27,2026-05-27,2026-06-02,Mumbai,Ahmedabad,West,LTL,CARR_10,CUST_025,2026-06-02,2026-05-30,19890.72,1493,Delivered
SHP002897,2026-06-30,2026-07-01,2026-07-07,Bhopal,Chennai,Central,FTL,CARR_03,CUST_035,2026-07-07,2026-06-29,33078.07,1219,Delivered
SHP001888,2026-02-06,2026-02-09,2026-02-13,Nagpur,Jaipur,Central,LTL,CARR_08,CUST_053,2026-02-13,2026-02-14,5005.59,476,Delivered
SHP000358,2026-02-02,2026-02-04,2026-02-08,Kolkata,Bhopal,East,LTL,CARR_09,CUST_052,2026-02-08,2026-02-05,31446.84,2298,Delivered
SHP001712,2026-05-15,2026-05-17,2026-05-24,Ahmedabad,Bhopal,West,FTL,CARR_10,CUST_120,2026-05-24,2026-05-20,13380.53,537,Delivered
SHP004522,2026-05-10,2026-05-12,2026-05-17,Bengaluru,Indore,South,PTL,CARR_10,CUST_101,2026-05-17,,12704.86,1843,Delivered
SHP001143,2026-05-24,2026-05-24,2026-05-26,Indore,Lucknow,Central,FTL,CARR_13,CUST_045,2026-05-26,2026-05-26,57740.5,2402,Delivered
SHP000903,2026-04-10,2026-04-10,2026-04-16,Lucknow,Chandigarh,North,LTL,CARR_12,CUST_073,2026-04-16,2026-04-15,6750.91,531,Delivered
SHP003846,2026-02-28,2026-03-03,2026-03-09,Nagpur,Bengaluru,Central,LTL,CARR_04,CUST_011,2026-03-09,,27338.86,2265,In-Transit
SHP001724,2026-06-11,2026-06-14,2026-06-22,Jaipur,Bhopal,North,LTL,CARR_03,CUST_117,2026-06-22,2026-06-15,16635.12,1606,Delivered
SHP004749,2026-04-26,2026-04-29,2026-05-01,Bhopal,Patna,Central,PTL,CARR_01,CUST_079,2026-05-01,2026-05-09,11432.91,1263,Delivered
SHP001658,2026-05-07,2026-05-08,2026-05-10,Surat,Pune,West,PTL,CARR_06,CUST_047,2026-05-10,,6898.83,851,Cancelled
SHP000282,2026-05-04,2026-05-04,2026-05-06,Hyderabad,Surat,South,PTL,CARR_14,CUST_004,2026-05-06,,13454.71,1617,Delayed
SHP002511,2026-06-26,2026-06-27,2026-07-01,Delhi,Lucknow,North,LTL,CARR_12,CUST_024,2026-07-01,2026-07-04,7738.89,655,Delivered
SHP000622,2026-03-23,2026-03-23,2026-03-27,Kolkata,Kochi,East,PTL,CARR_08,CUST_111,2026-03-27,2026-03-30,18620.07,2182,Delayed
SHP003298,2026-01-22,,2026-01-30,Kolkata,Patna,East,FTL,CARR_11,CUST_047,2026-01-30,2026-01-25,20408.16,856,Delivered
SHP001919,2026-01-24,2026-01-24,2026-01-26,Hyderabad,Mumbai,South,LTL,CARR_06,CUST_009,2026-01-26,,3272.37,259,Delivered
SHP004318,2026-03-27,2026-03-28,2026-03-31,Chandigarh,Chandigarh,North,FTL,CARR_11,CUST_075,2026-03-31,2026-04-03,16014.54,601,Delivered
SHP000528,2026-01-13,2026-01-16,2026-01-19,Delhi,Ahmedabad,North,LTL,CARR_10,CUST_001,2026-01-19,2026-01-15,21338.89,1584,Delivered
SHP001778,2026-03-02,2026-03-02,2026-03-05,Guwahati,Bengaluru,East,LTL,CARR_08,CUST_098,2026-03-05,,8642.11,775,In-Transit
SHP000414,2026-06-18,2026-06-18,2026-06-20,Lucknow,Mumbai,North,FTL,CARR_01,CUST_102,2026-06-20,2026-06-17,23430.03,1086,Delivered
SHP001511,2026-03-04,2026-03-06,2026-03-11,Mumbai,Bhubaneswar,West,FTL,CARR_03,CUST_028,2026-03-11,2026-03-08,35788.62,1295,Delayed
SHP001362,2026-06-14,2026-06-15,2026-06-17,Kochi,Chennai,South,FTL,CARR_03,CUST_023,2026-06-17,,13076.49,485,Cancelled
SHP000056,2026-05-22,2026-05-25,2026-05-29,Raipur,Kochi,Central,LTL,CARR_06,CUST_043,2026-05-29,2026-06-02,11286.71,822,Delivered
SHP001273,2026-02-21,2026-02-23,2026-03-03,Mumbai,Bhubaneswar,West,LTL,CARR_10,CUST_059,2026-03-03,2026-02-28,9112.76,882,Delivered
SHP004968,2026-05-24,2026-05-26,2026-05-31,Bhopal,Delhi,Central,PTL,CARR_11,CUST_025,2026-05-31,2026-06-05,17906.96,2265,Delivered
SHP004634,2026-03-28,2026-03-29,2026-03-31,Bengaluru,Patna,South,LTL,CARR_09,CUST_037,2026-03-31,,9946.46,896,Delivered
SHP004166,2026-05-28,2026-05-28,2026-06-03,Chennai,Hyderabad,South,LTL,CARR_01,CUST_104,2026-06-03,2026-06-05,9656.18,841,Delivered
SHP004934,2026-03-18,2026-03-20,2026-03-25,Pune,Surat,West,FTL,CARR_01,CUST_072,2026-03-25,2026-03-28,5339.58,205,Delayed
SHP003328,2026-05-04,2026-05-07,2026-05-13,Raipur,Bhopal,Central,LTL,CARR_06,CUST_002,2026-05-13,2026-05-15,20274.1,1655,Delivered
SHP003519,2026-01-27,2026-01-28,2026-02-02,Kolkata,Raipur,East,LTL,CARR_01,CUST_112,2026-02-02,2026-01-31,6993.25,540,Delivered
SHP000743,2026-05-10,2026-05-10,2026-05-15,Surat,Kolkata,West,PTL,CARR_15,CUST_030,2026-05-15,2026-05-17,10480.26,1153,Delivered
SHP001703,,2026-02-22,2026-02-27,Indore,Ahmedabad,Central,FTL,CARR_03,CUST_117,2026-02-27,2026-03-01,4677.25,180,Delayed
SHP004425,2026-03-31,2026-03-31,2026-04-07,Kolkata,Lucknow,East,LTL,CARR_05,CUST_058,2026-04-07,2026-04-04,4976.62,361,Delayed
SHP000647,2026-05-05,2026-05-05,2026-05-08,Chandigarh,Chandigarh,North,LTL,CARR_07,CUST_025,2026-05-08,2026-05-11,321182.27,2468,Delivered
SHP000829,2026-01-25,2026-01-28,2026-02-04,Chennai,Lucknow,South,LTL,CARR_06,CUST_012,2026-02-04,,21427.82,1636,Delivered
SHP000503,2026-03-29,2026-03-31,2026-04-02,Bhubaneswar,Nagpur,East,FTL,CARR_05,CUST_078,2026-04-02,2026-04-06,55656.81,2170,Delivered
SHP002783,2026-01-09,2026-01-11,2026-01-15,Jaipur,Lucknow,North,PTL,CARR_10,CUST_059,2026-01-15,2026-01-19,9965.03,1305,Delivered
SHP004596,2026-02-18,2026-02-18,2026-02-21,Delhi,Kochi,North,FTL,CARR_13,CUST_037,2026-02-21,2026-02-22,11650.82,531,Delivered
SHP003316,2026-05-25,2026-05-26,2026-05-30,Indore,Indore,Central,FTL,CARR_15,CUST_072,2026-05-30,2026-05-29,8103.81,311,Delivered
SHP004253,2026-01-25,2026-01-27,2026-02-03,Bhopal,Ahmedabad,Central,LTL,CARR_05,CUST_054,2026-02-03,2026-01-30,24695.56,2115,Delivered
SHP003725,2026-02-18,2026-02-19,2026-02-23,Guwahati,Jaipur,East,PTL,CARR_14,CUST_092,2026-02-23,2026-02-20,7008.14,947,Delivered
SHP004034,2026-05-31,2026-06-03,2026-06-08,Chandigarh,Chennai,North,PTL,CARR_06,CUST_115,2026-06-08,,11962.97,1486,Cancelled
SHP001605,2026-03-08,2026-03-09,2026-03-16,Pune,Chennai,West,PTL,CARR_10,CUST_010,2026-03-16,2026-03-19,821.68,104,Delivered
SHP004156,2026-06-10,2026-06-12,2026-06-19,Surat,Chennai,West,LTL,CARR_02,CUST_076,2026-06-19,2026-06-14,1823.41,168,Delivered
SHP001665,2026-02-11,2026-02-12,2026-02-17,Guwahati,Guwahati,East,LTL,CARR_01,CUST_041,2026-02-17,2026-02-14,5913.33,558,Delivered
SHP003616,2026-03-27,2026-03-27,2026-04-02,Guwahati,Raipur,East,FTL,CARR_03,CUST_054,2026-04-02,2026-04-05,48908.37,2042,Delivered
SHP001918,2026-03-15,2026-03-15,2026-03-18,Lucknow,Mumbai,North,LTL,CARR_01,CUST_061,2026-03-18,2026-03-20,11388.6,971,Delivered
SHP002452,2026-03-14,2026-03-14,2026-03-16,Bhopal,Bhopal,Central,FTL,CARR_04,CUST_028,2026-03-16,2026-03-20,63730.72,2314,Delivered
SHP000518,2026-05-26,2026-05-29,2026-06-01,Kolkata,Bhopal,East,PTL,CARR_03,CUST_043,2026-06-01,2026-06-05,11472.29,1650,Delivered
SHP004510,2026-01-26,2026-01-26,2026-01-30,Indore,Patna,Central,FTL,CARR_12,CUST_076,2026-01-30,2026-02-01,31313.96,1131,Delivered
SHP003488,2026-05-28,2026-05-30,2026-06-01,Bhubaneswar,Nagpur,East,FTL,CARR_06,CUST_016,2026-06-01,2026-06-05,60202.01,2303,Delivered
SHP003473,2026-06-08,2026-06-08,2026-06-15,Hyderabad,Kolkata,South,LTL,CARR_13,CUST_039,2026-06-15,,20198.97,1732,Delivered
SHP002839,2026-04-19,2026-04-19,2026-04-26,Hyderabad,Pune,South,PTL,CARR_09,CUST_086,2026-04-26,,15007.81,2143,In-Transit
SHP003123,2026-04-20,2026-04-22,2026-04-27,Hyderabad,Ahmedabad,South,LTL,CARR_06,CUST_070,2026-04-27,,21649.42,1760,Delayed
SHP001355,2026-03-20,2026-03-21,2026-03-23,Pune,Mumbai,West,FTL,CARR_08,CUST_041,2026-03-23,2026-03-30,22611.15,810,Delivered
SHP002480,2026-03-18,2026-03-21,2026-03-23,Raipur,Kolkata,Central,FTL,CARR_02,CUST_002,2026-03-23,2026-03-31,23404.59,1101,Delayed
SHP000169,2026-04-04,2026-04-04,2026-04-10,Bhopal,Bhopal,Central,FTL,CARR_09,CUST_106,2026-04-10,2026-04-12,27096.29,945,Delivered
SHP000107,2026-05-22,2026-05-24,2026-06-01,Chandigarh,Chennai,North,LTL,CARR_01,CUST_047,2026-06-01,2026-06-01,24630.51,2309,Delayed
SHP003637,2026-04-08,2026-04-10,2026-04-17,Chennai,Mumbai,South,LTL,CARR_01,CUST_107,2026-04-17,,22137.96,2067,Delivered
SHP001038,2026-01-19,2026-01-20,2026-01-26,Raipur,Jaipur,Central,LTL,CARR_03,CUST_094,2026-01-26,2026-01-22,7031.98,618,Delivered
SHP004399,2026-04-03,2026-04-04,2026-04-08,Raipur,Kochi,Central,PTL,CARR_08,CUST_084,2026-04-08,2026-04-08,5772.04,771,Delivered
SHP000923,2026-04-24,2026-04-27,2026-05-04,Surat,Chennai,West,FTL,CARR_02,CUST_053,2026-05-04,,44870.14,1624,In-Transit
SHP002852,2026-01-22,2026-01-25,2026-02-01,Bengaluru,Ahmedabad,South,PTL,CARR_15,CUST_056,2026-02-01,,13209.9,1771,Delivered
SHP003625,2026-04-14,2026-04-16,2026-04-23,Lucknow,Bhopal,North,LTL,CARR_09,CUST_106,2026-04-23,2026-04-21,32556.0,2427,Delivered
SHP003661,2026-03-14,2026-03-16,2026-03-20,Surat,Hyderabad,West,FTL,CARR_10,CUST_025,2026-03-20,2026-03-21,14704.94,553,Delivered
SHP000033,2026-06-30,2026-07-01,2026-07-06,Bhopal,Chennai,Central,FTL,CARR_12,CUST_020,2026-07-06,2026-07-03,40794.64,1719,Delivered
SHP001125,2026-06-03,2026-06-03,2026-06-07,Surat,Nagpur,West,PTL,CARR_13,CUST_089,2026-06-07,2026-06-08,16550.09,2021,Delivered
SHP004075,2026-02-06,2026-02-08,2026-02-13,Bhubaneswar,Patna,East,FTL,CARR_09,CUST_031,2026-02-13,2026-02-17,28287.27,1262,Delayed
SHP003503,2026-04-09,2026-04-11,2026-04-15,Indore,Bhopal,Central,LTL,CARR_12,CUST_091,2026-04-15,2026-04-21,6325.86,531,Delivered
SHP002096,2026-04-25,2026-04-26,2026-04-30,Chandigarh,Jaipur,North,FTL,CARR_05,CUST_091,2026-04-30,2026-05-05,50239.54,1866,Delivered
SHP002749,2026-06-18,2026-06-19,2026-06-26,Pune,Indore,West,FTL,CARR_01,CUST_050,2026-06-26,2026-06-28,17386.42,672,Delivered
SHP000512,2026-05-21,2026-05-21,2026-05-29,Surat,Nagpur,West,PTL,CARR_06,CUST_033,2026-05-29,2026-05-24,2958.2,394,Delivered
SHP002338,2026-04-18,2026-04-21,2026-04-28,Bhubaneswar,Kolkata,East,LTL,CARR_05,CUST_032,2026-04-28,2026-04-22,9983.34,790,Delivered
SHP002694,2026-06-22,2026-06-24,2026-06-26,Kolkata,Patna,East,FTL,CARR_15,CUST_063,2026-06-26,2026-06-26,37040.93,1734,Delivered
SHP002835,2026-06-07,2026-06-09,2026-06-11,Chennai,Chennai,South,PTL,CARR_07,CUST_108,2026-06-11,,31748.29,433,Delivered
SHP004502,2026-06-06,2026-06-07,2026-06-14,Ahmedabad,Surat,West,LTL,CARR_07,CUST_072,2026-06-14,2026-06-17,100583.04,794,Delivered
SHP001854,2026-06-09,2026-06-10,2026-06-17,Indore,Raipur,Central,PTL,CARR_11,CUST_032,2026-06-17,2026-06-18,13322.09,1639,Delivered
SHP001603,2026-06-06,2026-06-09,2026-06-17,Mumbai,Raipur,West,FTL,CARR_06,CUST_091,2026-06-17,2026-06-15,40846.02,1683,Delivered
SHP004739,2026-02-13,2026-02-15,2026-02-19,Jaipur,Guwahati,North,LTL,CARR_15,CUST_102,2026-02-19,2026-02-25,13999.23,1307,Delivered
SHP000599,2026-03-14,2026-03-16,2026-03-22,Mumbai,Pune,West,PTL,CARR_04,CUST_014,2026-03-22,2026-03-18,10031.0,1416,Delayed
SHP000092,2026-05-01,2026-05-02,2026-05-09,Pune,Nagpur,West,FTL,CARR_13,CUST_101,2026-05-09,2026-05-08,68319.05,2386,Delivered
SHP002699,2026-01-20,2026-01-20,2026-01-26,Delhi,Surat,North,LTL,CARR_13,CUST_085,2026-01-26,2026-01-21,28230.65,2394,Delivered
SHP004975,2026-02-04,2026-02-04,2026-02-07,Jaipur,Kolkata,North,FTL,CARR_09,CUST_088,2026-02-07,2026-02-12,53533.64,2032,Delivered
SHP004838,2026-04-04,2026-04-07,2026-04-14,Surat,Patna,West,FTL,CARR_04,CUST_020,2026-04-14,,57934.67,2137,In-Transit
SHP004545,2026-04-26,2026-04-27,2026-05-02,Nagpur,Surat,Central,FTL,CARR_05,CUST_116,2026-05-02,2026-04-30,5752.64,263,Delivered
SHP000150,2026-04-12,2026-04-12,2026-04-15,Chandigarh,Kolkata,North,PTL,CARR_10,CUST_019,2026-04-15,,17402.66,2359,Cancelled
SHP004048,2026-04-10,2026-04-13,2026-04-16,Delhi,Raipur,North,LTL,CARR_15,CUST_085,2026-04-16,2026-04-23,29751.42,2431,Delivered
SHP004473,2026-03-13,2026-03-13,2026-03-20,Chandigarh,Nagpur,North,LTL,CARR_04,CUST_029,2026-03-20,2026-03-23,17288.16,1424,Delivered
SHP001353,2026-04-07,2026-04-07,2026-04-12,Guwahati,Bhopal,East,FTL,CARR_05,CUST_020,2026-04-12,2026-04-17,16250.81,708,Delivered
SHP000233,2026-02-11,2026-02-11,2026-02-16,Nagpur,Patna,Central,FTL,CARR_07,CUST_038,2026-02-16,2026-02-10,235865.3,900,Delivered
SHP004379,2026-06-23,2026-06-24,2026-06-28,Jaipur,Lucknow,North,FTL,CARR_06,CUST_008,2026-06-28,2026-06-26,17866.27,817,Delivered
SHP003285,2026-01-13,2026-01-15,2026-01-17,Guwahati,Pune,East,FTL,CARR_14,CUST_101,2026-01-17,2026-01-22,63800.02,2443,Delivered
SHP000374,2026-01-27,2026-01-27,2026-01-29,Raipur,Bengaluru,Central,PTL,CARR_12,CUST_034,2026-01-29,,20425.2,2390,In-Transit
SHP000134,2026-04-18,2026-04-20,2026-04-25,Guwahati,Chennai,East,LTL,CARR_12,CUST_083,2026-04-25,2026-04-27,18437.51,1596,Delivered
SHP000858,2026-01-05,2026-01-08,2026-01-12,Hyderabad,Kolkata,South,FTL,CARR_13,CUST_064,2026-01-12,,24618.84,1085,Delivered
SHP001297,2026-05-14,2026-05-14,2026-05-19,Kolkata,Hyderabad,East,PTL,CARR_10,CUST_065,2026-05-19,2026-05-23,7231.45,891,Delivered
SHP001903,2026-05-23,2026-05-25,2026-06-01,Nagpur,Jaipur,Central,FTL,CARR_05,CUST_054,2026-06-01,2026-05-29,1894.5,67,Delivered
SHP001552,2026-01-26,2026-01-29,2026-02-04,Surat,Bhopal,West,LTL,CARR_13,CUST_098,2026-02-04,2026-02-01,6402.57,626,Delivered
SHP003106,2026-03-14,2026-03-16,2026-03-24,Ahmedabad,Ahmedabad,West,FTL,CARR_15,CUST_070,2026-03-24,2026-03-19,37127.52,1615,Delivered
SHP000346,2026-04-26,2026-04-28,2026-05-04,Jaipur,Mumbai,North,LTL,CARR_04,CUST_048,2026-05-04,2026-05-02,13949.1,1288,Delivered
SHP004927,2026-06-07,2026-06-07,2026-06-09,Indore,Indore,Central,FTL,CARR_15,CUST_004,2026-06-09,2026-06-08,28546.13,1245,Delayed
SHP004744,2026-03-04,2026-03-06,2026-03-14,Chandigarh,Kochi,North,LTL,CARR_02,CUST_042,2026-03-14,2026-03-11,9159.47,861,Delivered
SHP000484,2026-05-29,2026-06-01,2026-06-09,Jaipur,Chennai,North,PTL,CARR_14,CUST_114,2026-06-09,2026-06-03,18453.17,2235,Delivered
SHP000594,2026-04-22,2026-04-24,2026-04-29,Patna,Raipur,East,FTL,CARR_04,CUST_094,2026-04-29,2026-04-27,10811.88,433,Delivered
SHP004157,2026-06-17,2026-06-18,2026-06-20,Bengaluru,Kochi,South,FTL,CARR_10,CUST_112,2026-06-20,2026-06-27,21699.92,995,Delivered
SHP004383,2026-03-31,2026-04-01,2026-04-07,Kolkata,Bengaluru,East,FTL,CARR_15,CUST_098,2026-04-07,,62399.23,2410,Cancelled
SHP004159,2026-06-12,2026-06-12,2026-06-19,Chennai,Patna,South,LTL,CARR_01,CUST_009,2026-06-19,,6538.64,488,Delayed
SHP004973,2026-02-27,2026-03-01,2026-03-07,Chennai,Kochi,South,FTL,CARR_01,CUST_003,2026-03-07,,28317.12,1141,Delivered
SHP001721,2026-04-08,2026-04-09,2026-04-15,Guwahati,Kochi,East,PTL,CARR_10,CUST_100,2026-04-15,2026-04-10,7001.59,842,Delivered
SHP003357,2026-05-01,2026-05-02,2026-05-10,Hyderabad,Mumbai,South,FTL,CARR_01,CUST_018,2026-05-10,,17350.36,619,Cancelled
SHP001840,2026-06-18,2026-06-19,2026-06-26,Delhi,Chandigarh,North,LTL,CARR_14,CUST_049,2026-06-26,2026-06-24,23824.89,2041,Delivered
SHP004405,2026-01-04,2026-01-06,2026-01-10,Indore,Bhopal,Central,FTL,CARR_09,CUST_069,2026-01-10,2026-01-16,7711.61,323,Delivered
SHP003882,2026-06-29,,2026-07-09,Lucknow,Nagpur,North,FTL,CARR_08,CUST_043,2026-07-09,2026-07-12,5479.7,249,Delayed
SHP004778,2026-05-26,2026-05-26,2026-05-28,Indore,Delhi,Central,LTL,CARR_10,CUST_075,2026-05-28,2026-06-05,1219.56,90,Delivered
SHP003011,2026-02-21,2026-02-21,2026-02-24,Bhubaneswar,Mumbai,East,FTL,CARR_12,CUST_099,2026-02-24,2026-02-26,25200.81,1034,Delayed
SHP002111,2026-01-09,2026-01-10,2026-01-17,Patna,Bengaluru,East,FTL,CARR_05,CUST_007,2026-01-17,2026-01-14,26576.74,939,Delivered
SHP000531,2026-06-03,2026-06-06,2026-06-13,Indore,Delhi,Central,PTL,CARR_07,CUST_039,2026-06-13,2026-06-08,228377.76,2246,Delivered
SHP001549,2026-01-28,2026-01-30,2026-02-04,Indore,Nagpur,Central,PTL,CARR_01,CUST_048,2026-02-04,2026-02-06,13345.29,1474,Delayed
SHP000740,2026-03-08,2026-03-09,2026-03-13,Patna,Bhubaneswar,East,FTL,CARR_13,CUST_027,2026-03-13,2026-03-17,5013.26,178,Delivered
SHP001221,2026-06-21,2026-06-22,2026-06-30,Hyderabad,Chennai,South,PTL,CARR_03,CUST_120,2026-06-30,,7761.97,1068,Delivered
SHP000583,2026-02-16,2026-02-17,2026-02-24,Pune,Mumbai,West,LTL,CARR_09,CUST_079,2026-02-24,2026-02-27,7265.99,659,Delivered
SHP002850,2026-04-13,2026-04-15,2026-04-19,Bhopal,Ahmedabad,Central,FTL,CARR_01,CUST_081,2026-04-19,2026-04-24,57893.64,2016,Delivered
SHP001924,2026-04-28,2026-04-30,2026-05-07,Mumbai,Indore,West,FTL,CARR_13,CUST_012,2026-05-07,2026-05-10,6539.89,240,Delivered
SHP000732,2026-03-21,2026-03-23,2026-03-27,Chandigarh,Ahmedabad,North,LTL,CARR_01,CUST_076,2026-03-27,2026-03-25,13078.95,1089,Delivered
SHP000488,2026-02-02,2026-02-04,2026-02-09,Jaipur,Bhopal,North,FTL,CARR_09,CUST_084,2026-02-09,2026-02-14,41045.59,1876,Delivered
SHP003801,2026-05-10,2026-05-10,2026-05-14,Raipur,Ahmedabad,Central,LTL,CARR_14,CUST_108,2026-05-14,2026-05-20,2356.41,202,Delivered
SHP000344,2026-01-15,2026-01-17,2026-01-24,Kochi,Indore,South,LTL,CARR_14,CUST_053,2026-01-24,,16370.57,1342,Delivered
SHP003312,2026-03-30,2026-03-31,2026-04-05,Bhubaneswar,Nagpur,East,FTL,CARR_13,CUST_105,2026-04-05,,22342.65,827,Cancelled
SHP003699,2026-06-15,2026-06-15,2026-06-20,Guwahati,Jaipur,East,LTL,CARR_09,CUST_015,2026-06-20,2026-06-16,15487.54,1231,Delivered
SHP000992,2026-01-13,2026-01-13,2026-01-19,Chandigarh,Nagpur,North,LTL,CARR_04,CUST_117,2026-01-19,2026-01-17,24277.95,2312,Delivered
SHP002327,2026-04-22,2026-04-22,2026-04-28,Patna,Bhopal,East,PTL,CARR_06,CUST_104,2026-04-28,2026-04-25,13014.85,1506,Delivered
SHP004003,2026-06-11,2026-06-12,2026-06-15,Pune,Raipur,West,LTL,CARR_07,CUST_067,2026-06-15,2026-06-20,125809.45,1135,Delivered
SHP002534,2026-06-18,2026-06-18,2026-06-23,Kochi,Mumbai,South,LTL,CARR_08,CUST_037,2026-06-23,,14843.71,1121,Delayed
SHP004958,2026-01-14,2026-01-17,2026-01-23,Chennai,Ahmedabad,South,FTL,CARR_15,CUST_078,2026-01-23,,30478.7,1296,Delivered
SHP004946,2026-04-07,2026-04-08,2026-04-10,Chandigarh,Hyderabad,North,FTL,CARR_14,CUST_080,2026-04-10,2026-04-10,31730.45,1235,Delivered
SHP001042,2026-05-07,2026-05-10,2026-05-16,Guwahati,Delhi,East,LTL,CARR_11,CUST_060,2026-05-16,2026-05-17,8821.43,664,Delivered
SHP004906,2026-02-02,2026-02-05,2026-02-08,Bhubaneswar,Surat,East,LTL,CARR_03,CUST_034,2026-02-08,2026-02-10,2605.65,192,Delivered
SHP002184,2026-01-17,2026-01-18,2026-01-26,Chennai,Bhopal,South,FTL,CARR_02,CUST_057,2026-01-26,,34414.25,1308,In-Transit
SHP002681,2026-05-03,2026-05-05,2026-05-08,Pune,Jaipur,West,PTL,CARR_02,CUST_108,2026-05-08,2026-05-12,9193.83,1156,Delivered
SHP001321,2026-04-05,2026-04-07,2026-04-13,Delhi,Kolkata,North,LTL,CARR_09,CUST_083,2026-04-13,2026-04-13,8135.0,629,Delayed
SHP001661,2026-04-07,2026-04-10,2026-04-16,Ahmedabad,Mumbai,West,PTL,CARR_07,CUST_041,2026-04-16,2026-04-20,162263.33,2028,Delivered
SHP004386,2026-03-19,2026-03-20,2026-03-24,Bengaluru,Pune,South,LTL,CARR_04,CUST_090,2026-03-24,,21049.8,1859,Delivered
SHP004190,2026-02-05,2026-02-08,2026-02-11,Bengaluru,Jaipur,South,LTL,CARR_02,CUST_070,2026-02-11,,10495.19,788,Delivered
SHP002078,2026-01-07,2026-01-08,2026-01-16,Raipur,Patna,Central,LTL,CARR_05,CUST_043,2026-01-16,,16597.22,1481,Cancelled
SHP004646,2026-05-26,2026-05-27,2026-06-03,Kolkata,Chennai,East,PTL,CARR_02,CUST_032,2026-06-03,2026-06-03,1750.65,195,Delivered
SHP003627,2026-04-29,2026-05-02,2026-05-04,Kochi,Patna,South,PTL,CARR_02,CUST_076,2026-05-04,,11442.91,1589,Delivered
SHP002541,2026-02-23,2026-02-24,2026-02-27,Patna,Surat,East,PTL,CARR_11,CUST_065,2026-02-27,2026-02-25,2783.11,359,Delayed
SHP001369,2026-04-18,2026-04-21,2026-04-28,Jaipur,Raipur,North,FTL,CARR_14,CUST_056,2026-04-28,2026-04-28,38567.24,1406,Delivered
SHP002114,2026-06-15,2026-06-16,2026-06-24,Kochi,Bhubaneswar,South,PTL,CARR_05,CUST_060,2026-06-24,,17110.85,2077,Delivered
SHP003771,2026-05-27,2026-05-28,2026-06-02,Hyderabad,Chennai,South,FTL,CARR_10,CUST_059,2026-06-02,,48239.99,1682,Delivered
SHP000335,2026-03-27,2026-03-28,2026-04-05,Nagpur,Surat,Central,FTL,CARR_03,CUST_117,2026-04-05,2026-03-31,14503.74,642,Delivered
SHP002325,2026-02-13,2026-02-14,2026-02-18,Surat,Kochi,West,LTL,CARR_10,CUST_065,2026-02-18,2026-02-15,16038.77,1337,Delivered
SHP001251,2026-05-22,2026-05-24,2026-05-26,Raipur,Kochi,Central,LTL,CARR_04,CUST_056,2026-05-26,2026-05-26,3852.77,354,Delivered
SHP000752,2026-05-06,2026-05-09,2026-05-11,Surat,Lucknow,West,FTL,CARR_02,CUST_112,2026-05-11,2026-05-15,36148.51,1562,Delivered
SHP000871,2026-05-05,2026-05-05,2026-05-07,Chennai,Surat,South,LTL,CARR_14,CUST_021,2026-05-07,,4416.32,324,Delivered
SHP004102,2026-04-13,2026-04-15,2026-04-23,Raipur,Kochi,Central,FTL,CARR_05,CUST_048,2026-04-23,2026-04-21,28069.55,1005,Delivered
SHP004704,2026-01-19,2026-01-22,2026-01-30,Delhi,Bengaluru,North,PTL,CARR_15,CUST_105,2026-01-30,2026-01-27,1894.77,221,Delivered
SHP002252,2026-01-23,2026-01-25,2026-01-27,Pune,Bhopal,West,FTL,CARR_13,CUST_111,2026-01-27,2026-01-29,18498.13,844,Delivered
SHP002603,2026-01-11,2026-01-13,2026-01-15,Ahmedabad,Bhubaneswar,West,FTL,CARR_01,CUST_002,2026-01-15,2026-01-14,33222.25,1249,Delivered
SHP004647,2026-04-16,2026-04-19,2026-04-26,Pune,Delhi,West,FTL,CARR_11,CUST_098,2026-04-26,2026-04-26,21667.42,767,Delivered
SHP000393,2026-05-16,2026-05-16,2026-05-21,Guwahati,Delhi,East,FTL,CARR_12,CUST_043,2026-05-21,2026-05-21,30590.65,1155,Delivered
SHP002938,2026-06-19,2026-06-19,2026-06-23,Lucknow,Nagpur,North,LTL,CARR_03,CUST_059,2026-06-23,2026-06-22,7368.51,583,Delivered
SHP004976,2026-05-14,2026-05-15,2026-05-20,Indore,Delhi,Central,LTL,CARR_10,CUST_105,2026-05-20,,10634.55,793,In-Transit
SHP004041,2026-01-12,2026-01-12,2026-01-18,Pune,Pune,West,FTL,CARR_12,CUST_039,2026-01-18,2026-01-21,9956.07,426,Delivered
SHP001526,2026-05-30,2026-06-01,2026-06-06,Guwahati,Pune,East,FTL,CARR_12,CUST_007,2026-06-06,2026-06-05,49655.57,1908,Delivered
SHP001425,2026-01-25,2026-01-27,2026-02-02,Bengaluru,Indore,South,PTL,CARR_14,CUST_032,2026-02-02,,19002.15,2212,Delayed
SHP001962,2026-03-20,2026-03-20,2026-03-26,Bengaluru,Bengaluru,South,FTL,CARR_10,CUST_110,2026-03-26,,62523.14,2203,Delivered
SHP002900,2026-02-19,2026-02-19,2026-02-27,Delhi,Patna,North,FTL,CARR_03,CUST_021,2026-02-27,2026-02-25,58538.52,2358,Delivered
SHP003481,2026-05-07,2026-05-07,2026-05-12,Nagpur,Nagpur,Central,FTL,CARR_02,CUST_054,2026-05-12,2026-05-15,37418.89,1688,Delivered
SHP003717,2026-03-18,2026-03-21,2026-03-28,Bengaluru,Bhopal,South,FTL,CARR_09,CUST_091,2026-03-28,,16646.05,676,Delivered
SHP001749,2026-06-27,2026-06-30,2026-07-03,Bhubaneswar,Bengaluru,East,PTL,CARR_11,CUST_034,2026-07-03,2026-07-03,13529.87,1493,Delivered
SHP001009,2026-05-01,2026-05-04,2026-05-11,Chandigarh,Bhopal,North,FTL,CARR_07,CUST_043,2026-05-11,2026-05-09,344852.04,1211,Delayed
SHP000687,2026-04-09,2026-04-12,2026-04-15,Jaipur,Raipur,North,LTL,CARR_14,CUST_049,2026-04-15,2026-04-13,10316.49,892,Delivered
SHP002795,2026-05-06,2026-05-09,2026-05-15,Hyderabad,Bhopal,South,LTL,CARR_07,CUST_037,2026-05-15,,90880.83,807,Delivered
SHP001203,2026-03-29,2026-03-31,2026-04-04,Ahmedabad,Delhi,West,LTL,CARR_15,CUST_087,2026-04-04,2026-04-07,1457.81,119,Delivered
SHP002781,2026-06-04,2026-06-04,2026-06-07,Bhopal,Patna,Central,LTL,CARR_04,CUST_104,2026-06-07,2026-06-10,1520.12,111,Delivered
SHP001452,2026-04-15,2026-04-15,2026-04-23,Mumbai,Guwahati,West,FTL,CARR_04,CUST_104,2026-04-23,2026-04-22,14638.2,621,Delivered
SHP000810,2026-03-04,2026-03-07,2026-03-14,Pune,Kochi,West,PTL,CARR_13,CUST_104,2026-03-14,2026-03-10,13666.01,1766,Delivered
SHP001318,2026-01-06,2026-01-06,2026-01-12,Delhi,Jaipur,North,FTL,CARR_13,CUST_001,2026-01-12,2026-01-13,18442.22,673,Delivered
SHP001005,2026-03-16,2026-03-16,2026-03-19,Patna,Mumbai,East,LTL,CARR_06,CUST_005,2026-03-19,2026-03-21,11987.42,888,Delivered
SHP001285,2026-03-22,2026-03-22,2026-03-29,Nagpur,Hyderabad,Central,FTL,CARR_14,CUST_085,2026-03-29,2026-03-30,2647.57,98,Delivered
SHP001943,2026-01-08,2026-01-09,2026-01-11,Patna,Pune,East,LTL,CARR_12,CUST_049,2026-01-11,2026-01-12,29223.54,2121,Delivered
SHP000235,2026-01-03,2026-01-04,2026-01-08,Guwahati,Delhi,East,PTL,CARR_15,CUST_006,2026-01-08,2026-01-07,13545.56,1514,Delayed
SHP000301,2026-01-15,2026-01-17,2026-01-19,Guwahati,Jaipur,East,FTL,CARR_13,CUST_019,2026-01-19,2026-01-24,56340.85,2274,Delivered
SHP003012,2026-06-17,2026-06-18,2026-06-20,Delhi,Bhubaneswar,North,LTL,CARR_10,CUST_081,2026-06-20,2026-06-28,24574.61,1991,Delayed
SHP000563,2026-03-18,2026-03-19,2026-03-23,Nagpur,Surat,Central,PTL,CARR_12,CUST_056,2026-03-23,,2639.04,310,Cancelled
SHP004671,2026-04-07,2026-04-08,2026-04-12,Bhubaneswar,Mumbai,East,PTL,CARR_02,CUST_099,2026-04-12,2026-04-16,15895.42,1912,Delivered
SHP004910,2026-02-04,2026-02-04,2026-02-06,Delhi,Chennai,North,FTL,CARR_04,CUST_073,2026-02-06,2026-02-11,67720.14,2399,Delivered
SHP000114,2026-05-12,2026-05-15,2026-05-19,Hyderabad,Indore,South,FTL,CARR_03,CUST_064,2026-05-19,,44711.52,2087,Delayed
SHP001994,2026-06-21,2026-06-22,2026-06-30,Hyderabad,Mumbai,South,LTL,CARR_07,CUST_098,2026-06-30,,6233.85,54,Delayed
SHP001759,2026-01-06,2026-01-07,2026-01-14,Surat,Mumbai,West,PTL,CARR_05,CUST_067,2026-01-14,2026-01-08,2347.44,261,Delivered
SHP003224,2026-04-29,2026-05-02,2026-05-10,Kochi,Bengaluru,South,FTL,CARR_12,CUST_046,2026-05-10,,6852.45,278,Delivered
SHP004177,2026-02-19,2026-02-19,2026-02-26,Bengaluru,Bhopal,South,FTL,CARR_04,CUST_104,2026-02-26,,55455.14,2470,Delivered
SHP000428,2026-05-08,2026-05-08,2026-05-11,Indore,Hyderabad,Central,FTL,CARR_07,CUST_026,2026-05-11,2026-05-17,262021.69,1227,Delivered
SHP003076,2026-04-12,2026-04-14,2026-04-19,Kochi,Bhubaneswar,South,FTL,CARR_12,CUST_086,2026-04-19,2026-04-16,1698.44,67,Delivered
SHP000015,2026-01-16,2026-01-17,2026-01-19,Kochi,Surat,South,FTL,CARR_07,CUST_116,2026-01-19,,426755.15,1649,Delivered
SHP003909,2026-06-28,2026-06-30,2026-07-05,Lucknow,Chennai,North,FTL,CARR_07,CUST_044,2026-07-05,2026-07-09,402595.49,1656,Delayed
SHP001139,2026-03-09,2026-03-11,2026-03-14,Ahmedabad,Bhopal,West,LTL,CARR_13,CUST_091,2026-03-14,2026-03-16,6331.84,481,Delivered
SHP001218,2026-06-06,2026-06-07,2026-06-09,Raipur,Guwahati,Central,PTL,CARR_03,CUST_093,2026-06-09,,1156.59,162,In-Transit
SHP000437,2026-01-14,2026-01-15,2026-01-21,Bhubaneswar,Delhi,East,PTL,CARR_11,CUST_103,2026-01-21,2026-01-20,12256.15,1625,Delayed
SHP000192,2026-02-04,2026-02-04,2026-02-06,Ahmedabad,Guwahati,West,FTL,CARR_02,CUST_026,2026-02-06,2026-02-07,17801.53,723,Delivered
SHP001324,2026-01-01,2026-01-02,2026-01-05,Chennai,Raipur,South,LTL,CARR_13,CUST_037,2026-01-05,,2264.79,187,Delivered
SHP003257,2026-05-19,2026-05-22,2026-05-29,Ahmedabad,Indore,West,LTL,CARR_02,CUST_085,2026-05-29,2026-05-31,16011.11,1295,Delivered
SHP004631,2026-03-23,2026-03-23,2026-03-30,Jaipur,Raipur,North,LTL,CARR_04,CUST_016,2026-03-30,2026-03-26,23918.4,1915,Delivered
SHP004932,2026-01-31,2026-01-31,2026-02-07,Kochi,Hyderabad,South,FTL,CARR_05,CUST_085,2026-02-07,,22938.15,865,Delivered
SHP003978,2026-01-06,2026-01-08,2026-01-16,Raipur,Lucknow,Central,FTL,CARR_09,CUST_034,2026-01-16,2026-01-12,8151.14,323,Delivered
SHP004700,2026-01-05,2026-01-08,2026-01-15,Raipur,Raipur,Central,PTL,CARR_09,CUST_094,2026-01-15,2026-01-17,8708.84,1237,Delivered
SHP004400,2026-01-10,2026-01-13,2026-01-18,Chennai,Bhopal,South,FTL,CARR_08,CUST_009,2026-01-18,2026-01-17,62264.49,2200,Delivered
SHP001265,2026-03-19,2026-03-21,2026-03-27,Ahmedabad,Delhi,West,FTL,CARR_15,CUST_038,2026-03-27,2026-03-24,70375.74,2488,Delivered
SHP004955,2026-04-18,,2026-04-21,Pune,Chennai,West,LTL,CARR_12,CUST_069,2026-04-21,2026-04-25,9970.96,839,Delivered
SHP002734,2026-01-02,2026-01-02,2026-01-04,Raipur,Ahmedabad,Central,LTL,CARR_03,CUST_037,2026-01-04,2026-01-06,9009.55,858,Delivered
SHP003036,2026-06-23,2026-06-23,2026-06-27,Bengaluru,Patna,South,LTL,CARR_08,CUST_065,2026-06-27,2026-06-29,7909.11,615,Delayed
SHP001990,2026-04-13,2026-04-15,2026-04-20,Bhopal,Lucknow,Central,FTL,CARR_05,CUST_120,2026-04-20,2026-04-20,10947.37,384,Delayed
SHP000726,2026-01-16,2026-01-19,2026-01-22,Patna,Bengaluru,East,LTL,CARR_06,CUST_013,2026-01-22,2026-01-29,3702.11,323,Delivered
SHP003141,2026-02-10,2026-02-11,2026-02-13,Chandigarh,Kochi,North,LTL,CARR_15,CUST_086,2026-02-13,2026-02-15,12581.92,1139,Delivered
SHP003318,2026-02-27,2026-03-02,2026-03-10,Delhi,Chandigarh,North,FTL,CARR_02,CUST_032,2026-03-10,2026-03-08,23738.42,911,Delivered
SHP002705,2026-01-07,2026-01-09,2026-01-16,Mumbai,Mumbai,West,FTL,CARR_01,CUST_057,2026-01-16,2026-01-10,47931.46,1697,Delivered
SHP003374,2026-05-26,2026-05-29,2026-06-05,Patna,Jaipur,East,LTL,CARR_05,CUST_049,2026-06-05,,27730.6,2461,In-Transit
SHP004374,2026-06-14,2026-06-17,2026-06-20,Bengaluru,Pune,South,LTL,CARR_02,CUST_108,2026-06-20,,15320.6,1178,Delivered
SHP003863,2026-01-13,2026-01-13,2026-01-21,Chennai,Raipur,South,LTL,CARR_07,CUST_094,2026-01-21,,159424.63,1809,Cancelled
SHP000884,2026-05-30,2026-06-02,2026-06-06,Bhopal,Chandigarh,Central,LTL,CARR_04,CUST_030,2026-06-06,2026-06-03,4671.61,380,Delivered
SHP004524,2026-06-19,2026-06-21,2026-06-29,Chandigarh,Kochi,North,LTL,CARR_04,CUST_014,2026-06-29,,32196.69,2413,In-Transit
SHP002402,2026-05-22,2026-05-24,2026-05-26,Pune,Lucknow,West,FTL,CARR_01,CUST_110,2026-05-26,,11690.58,472,In-Transit
SHP001035,2026-05-19,2026-05-20,2026-05-28,Surat,Kochi,West,PTL,CARR_04,CUST_112,2026-05-28,2026-05-22,15606.69,2160,Delivered
SHP003242,2026-04-30,2026-05-02,2026-05-10,Jaipur,Surat,North,LTL,CARR_11,CUST_080,2026-05-10,,26150.48,2100,In-Transit
SHP004408,2026-02-20,2026-02-23,2026-03-03,Jaipur,Mumbai,North,FTL,CARR_14,CUST_002,2026-03-03,2026-03-02,2643.55,94,Delivered
SHP002356,2026-01-15,2026-01-17,2026-01-22,Raipur,Bengaluru,Central,LTL,CARR_15,CUST_029,2026-01-22,2026-01-20,2872.97,258,Delivered
SHP003136,2026-05-23,2026-05-24,2026-06-01,Chandigarh,Kolkata,North,FTL,CARR_09,CUST_034,2026-06-01,,38077.87,1332,In-Transit
SHP003746,2026-04-13,2026-04-14,2026-04-17,Raipur,Bhopal,Central,LTL,CARR_03,CUST_059,2026-04-17,2026-04-19,28098.87,2407,Delayed
SHP000009,2026-05-19,2026-05-19,2026-05-23,Jaipur,Nagpur,North,FTL,CARR_13,CUST_021,2026-05-23,2026-05-29,43883.35,2051,Delayed
SHP004717,2026-03-26,2026-03-29,2026-04-04,Bhubaneswar,Delhi,East,FTL,CARR_01,CUST_114,2026-04-04,2026-04-07,50380.16,2031,Delivered
SHP001099,2026-03-28,2026-03-28,2026-03-31,Indore,Bengaluru,Central,LTL,CARR_03,CUST_072,2026-03-31,2026-04-04,9667.62,704,Delivered
SHP001109,2026-01-07,2026-01-09,2026-01-13,Bhubaneswar,Bhopal,East,FTL,CARR_01,CUST_007,2026-01-13,2026-01-12,63403.79,2222,Delivered
SHP000255,2026-06-29,2026-07-02,2026-07-09,Chandigarh,Kochi,North,PTL,CARR_04,CUST_069,2026-07-09,2026-07-04,4655.91,679,Delivered
SHP002988,2026-03-18,2026-03-21,2026-03-25,Surat,Ahmedabad,West,FTL,CARR_03,CUST_029,2026-03-25,2026-03-23,32300.66,1461,Delivered
SHP002764,2026-02-21,2026-02-23,2026-03-02,Nagpur,Kolkata,Central,LTL,CARR_02,CUST_082,2026-03-02,2026-03-05,20674.18,1768,Delivered
SHP004173,2026-06-20,2026-06-21,2026-06-29,Surat,Lucknow,West,LTL,CARR_13,CUST_060,2026-06-29,2026-07-01,10816.36,1039,Delivered
SHP003879,2026-02-24,2026-02-27,2026-03-05,Bengaluru,Pune,South,FTL,CARR_02,CUST_082,2026-03-05,,46302.83,1871,Delivered
SHP003592,2026-06-20,2026-06-21,2026-06-23,Patna,Jaipur,East,PTL,CARR_03,CUST_063,2026-06-23,2026-06-25,4606.02,543,Delivered
SHP000988,2026-04-07,2026-04-07,2026-04-11,Guwahati,Bengaluru,East,PTL,CARR_03,CUST_061,2026-04-11,2026-04-10,1559.3,193,Delivered
SHP002366,2026-01-18,2026-01-19,2026-01-23,Jaipur,Surat,North,LTL,CARR_08,CUST_102,2026-01-23,,7530.32,671,Cancelled
SHP000325,2026-04-10,2026-04-10,2026-04-14,Bhubaneswar,Hyderabad,East,PTL,CARR_11,CUST_033,2026-04-14,2026-04-19,6970.67,973,Delayed
SHP000886,2026-04-10,2026-04-10,2026-04-13,Lucknow,Raipur,North,FTL,CARR_02,CUST_006,2026-04-13,2026-04-14,63841.13,2385,Delivered
SHP000641,2026-02-13,2026-02-15,2026-02-20,Surat,Jaipur,West,LTL,CARR_02,CUST_058,2026-02-20,2026-02-25,12496.04,1018,Delivered
SHP000197,2026-05-21,2026-05-24,2026-05-26,Bengaluru,Nagpur,South,LTL,CARR_08,CUST_053,2026-05-26,,13836.73,1195,Delivered
SHP004429,2026-04-04,2026-04-07,2026-04-15,Raipur,Hyderabad,Central,FTL,CARR_03,CUST_013,2026-04-15,2026-04-11,35331.71,1264,Delayed
SHP003463,2026-02-14,2026-02-17,2026-02-23,Hyderabad,Ahmedabad,South,LTL,CARR_15,CUST_086,2026-02-23,,24453.49,2098,Delivered
SHP002617,2026-03-08,2026-03-10,2026-03-14,Patna,Guwahati,East,PTL,CARR_04,CUST_063,2026-03-14,2026-03-19,11503.17,1512,Delivered
SHP004707,2026-03-26,2026-03-29,2026-04-06,Jaipur,Jaipur,North,PTL,CARR_12,CUST_105,2026-04-06,2026-04-07,2825.91,405,Delivered
SHP002487,2026-06-15,2026-06-15,2026-06-23,Kolkata,Surat,East,PTL,CARR_13,CUST_092,2026-06-23,2026-06-20,14845.97,2103,Delivered
SHP001547,2026-01-18,2026-01-21,2026-01-25,Kolkata,Surat,East,PTL,CARR_03,CUST_050,2026-01-25,2026-01-30,11109.32,1460,Delayed
SHP002481,2026-01-10,2026-01-13,2026-01-18,Bhopal,Mumbai,Central,PTL,CARR_10,CUST_077,2026-01-18,2026-01-18,14814.43,1659,Delayed
SHP001760,2026-02-16,2026-02-19,2026-02-26,Patna,Mumbai,East,LTL,CARR_14,CUST_044,2026-02-26,2026-02-23,25941.87,1978,Delayed
SHP001197,2026-05-22,2026-05-23,2026-05-30,Chandigarh,Mumbai,North,FTL,CARR_14,CUST_106,2026-05-30,2026-06-01,60922.67,2344,Delivered
SHP004037,2026-04-23,2026-04-25,2026-04-28,Ahmedabad,Bhopal,West,LTL,CARR_05,CUST_055,2026-04-28,2026-04-29,17192.93,1268,Delivered
SHP003514,2026-02-05,2026-02-07,2026-02-12,Surat,Mumbai,West,FTL,CARR_14,CUST_085,2026-02-12,2026-02-17,40951.45,1734,Delivered
SHP001021,2026-06-21,2026-06-23,2026-06-29,Hyderabad,Nagpur,South,LTL,CARR_04,CUST_042,2026-06-29,,7753.3,617,Delivered
SHP002473,2026-05-24,2026-05-26,2026-05-29,Bhubaneswar,Nagpur,East,LTL,CARR_02,CUST_015,2026-05-29,2026-06-03,13493.97,990,Delivered
SHP001927,2026-05-11,2026-05-13,2026-05-16,Indore,Jaipur,Central,LTL,CARR_07,CUST_115,2026-05-16,2026-05-23,71993.43,729,Delivered
SHP000248,2026-06-07,2026-06-08,2026-06-13,Patna,Bhopal,East,FTL,CARR_08,CUST_014,2026-06-13,,25658.8,1023,In-Transit
SHP002058,2026-05-15,2026-05-16,2026-05-22,Mumbai,Guwahati,West,FTL,CARR_02,CUST_040,2026-05-22,2026-05-23,45895.47,1947,Delivered
SHP004797,2026-05-30,2026-05-30,2026-06-03,Lucknow,Patna,North,FTL,CARR_07,CUST_047,2026-06-03,,597691.88,2003,In-Transit
SHP003340,2026-05-18,2026-05-18,2026-05-26,Surat,Jaipur,West,PTL,CARR_13,CUST_099,2026-05-26,2026-05-28,13941.07,2049,Delivered
SHP000008,2026-03-17,2026-03-20,2026-03-25,Bhopal,Jaipur,Central,LTL,CARR_06,CUST_015,2026-03-25,,858.93,63,Cancelled
SHP003913,2026-01-21,2026-01-22,2026-01-24,Raipur,Raipur,Central,FTL,CARR_10,CUST_090,2026-01-24,2026-01-24,64885.91,2327,Delivered
SHP003933,2026-01-26,2026-01-26,2026-02-03,Delhi,Mumbai,North,LTL,CARR_03,CUST_095,2026-02-03,2026-02-05,20914.59,1687,Delayed
SHP000691,2026-01-10,2026-01-12,2026-01-19,Patna,Surat,East,FTL,CARR_01,CUST_060,2026-01-19,2026-01-20,53296.41,2329,Delivered
SHP000294,2026-04-10,2026-04-12,2026-04-15,Mumbai,Jaipur,West,LTL,CARR_02,CUST_084,2026-04-15,2026-04-16,14307.79,1213,Delivered
SHP001641,2026-03-03,2026-03-03,2026-03-09,Delhi,Pune,North,FTL,CARR_14,CUST_056,2026-03-09,2026-03-07,59377.97,2498,Delivered
SHP004412,2026-01-19,2026-01-19,2026-01-22,Bhubaneswar,Kochi,East,LTL,CARR_09,CUST_085,2026-01-22,2026-01-25,13467.46,1316,Delivered
SHP004054,2026-05-06,,2026-05-14,Kolkata,Raipur,East,LTL,CARR_07,CUST_041,2026-05-14,,155488.64,1428,Cancelled
SHP004153,2026-04-29,2026-04-29,2026-05-05,Patna,Chennai,East,LTL,CARR_04,CUST_050,2026-05-05,2026-04-30,21260.19,1914,Delivered
SHP000929,2026-03-02,2026-03-02,2026-03-08,Hyderabad,Raipur,South,PTL,CARR_15,CUST_022,2026-03-08,,2541.03,365,Delivered
SHP003515,2026-03-07,2026-03-07,2026-03-15,Guwahati,Indore,East,FTL,CARR_07,CUST_009,2026-03-15,2026-03-09,279952.37,1133,Delayed
SHP000120,2026-02-18,2026-02-18,2026-02-22,Kochi,Chennai,South,FTL,CARR_12,CUST_015,2026-02-22,,39510.82,1765,Delivered
SHP001620,2026-03-23,2026-03-23,2026-03-27,Bhopal,Ahmedabad,Central,LTL,CARR_04,CUST_104,2026-03-27,2026-03-26,18014.5,1448,Delivered
SHP002305,2026-04-23,2026-04-26,2026-05-02,Bhubaneswar,Surat,East,LTL,CARR_07,CUST_060,2026-05-02,,156995.16,1435,In-Transit
SHP000090,2026-02-24,2026-02-26,2026-03-01,Bengaluru,Ahmedabad,South,FTL,CARR_05,CUST_024,2026-03-01,,28088.58,977,Delivered
SHP003940,2026-03-10,2026-03-11,2026-03-19,Jaipur,Indore,North,PTL,CARR_05,CUST_016,2026-03-19,2026-03-16,12049.48,1539,Delivered
SHP000949,2026-03-28,2026-03-29,2026-04-06,Bengaluru,Pune,South,LTL,CARR_01,CUST_051,2026-04-06,,21868.34,1903,Delivered
SHP000129,2026-03-19,2026-03-19,2026-03-26,Jaipur,Pune,North,LTL,CARR_05,CUST_043,2026-03-26,2026-03-24,19320.22,1522,Delivered
SHP000527,2026-01-03,2026-01-05,2026-01-10,Kolkata,Raipur,East,FTL,CARR_11,CUST_098,2026-01-10,2026-01-08,34238.18,1516,Delivered
SHP000907,2026-02-05,2026-02-05,2026-02-08,Bhubaneswar,Surat,East,LTL,CARR_04,CUST_117,2026-02-08,2026-02-06,4938.17,403,Delivered
SHP000416,2026-01-02,2026-01-02,2026-01-08,Chandigarh,Hyderabad,North,FTL,CARR_13,CUST_069,2026-01-08,2026-01-06,47852.95,1994,Delivered
SHP000411,2026-02-06,2026-02-06,2026-02-12,Bhubaneswar,Kolkata,East,LTL,CARR_06,CUST_106,2026-02-12,2026-02-09,13874.51,1202,Delivered
SHP002507,2026-04-05,2026-04-08,2026-04-16,Ahmedabad,Chennai,West,FTL,CARR_13,CUST_025,2026-04-16,2026-04-14,64304.95,2447,Delivered
SHP002582,2026-01-26,2026-01-28,2026-01-30,Guwahati,Kochi,East,PTL,CARR_03,CUST_117,2026-01-30,2026-01-31,7852.85,1084,Delivered
SHP004086,2026-01-07,2026-01-08,2026-01-11,Indore,Surat,Central,FTL,CARR_13,CUST_108,2026-01-11,2026-01-15,20672.53,742,Delivered
SHP002161,2026-01-22,2026-01-25,2026-02-01,Pune,Chennai,West,LTL,CARR_01,CUST_063,2026-02-01,2026-01-29,13869.03,1258,Delivered
SHP004845,2026-05-29,2026-06-01,2026-06-03,Nagpur,Jaipur,Central,LTL,CARR_14,CUST_104,2026-06-03,2026-06-05,23386.78,2117,Delivered
SHP004555,2026-01-03,2026-01-03,2026-01-07,Guwahati,Lucknow,East,PTL,CARR_15,CUST_024,2026-01-07,2026-01-09,10551.82,1544,Delayed
SHP004618,2026-06-05,2026-06-08,2026-06-11,Indore,Guwahati,Central,FTL,CARR_14,CUST_029,2026-06-11,2026-06-13,35836.93,1682,Delivered
SHP000199,2026-06-18,2026-06-19,2026-06-25,Ahmedabad,Nagpur,West,PTL,CARR_02,CUST_032,2026-06-25,2026-06-24,2408.81,279,Delayed
SHP003900,2026-02-14,2026-02-17,2026-02-25,Hyderabad,Indore,South,FTL,CARR_08,CUST_095,2026-02-25,,14366.39,658,Delivered
SHP002289,2026-02-16,2026-02-17,2026-02-23,Jaipur,Chandigarh,North,FTL,CARR_08,CUST_006,2026-02-23,2026-02-19,69890.27,2486,Delivered
SHP002459,,2026-05-28,2026-06-02,Kolkata,Kochi,East,FTL,CARR_04,CUST_086,2026-06-02,2026-06-03,25523.16,1079,Delivered
SHP002118,2026-02-27,2026-03-02,2026-03-05,Hyderabad,Surat,South,FTL,CARR_15,CUST_007,2026-03-05,,54167.14,2040,In-Transit
SHP000034,2026-04-10,2026-04-13,2026-04-20,Bhopal,Raipur,Central,LTL,CARR_06,CUST_039,2026-04-20,2026-04-22,29899.8,2286,Delayed
SHP001820,2026-04-16,2026-04-17,2026-04-24,Guwahati,Bengaluru,East,PTL,CARR_07,CUST_016,2026-04-24,2026-04-19,217732.21,2247,Delivered
SHP002068,2026-05-15,2026-05-15,2026-05-19,Delhi,Chandigarh,North,LTL,CARR_06,CUST_040,2026-05-19,2026-05-20,10331.12,801,Delivered
SHP003950,2026-03-15,2026-03-17,2026-03-19,Chennai,Patna,South,LTL,CARR_07,CUST_010,2026-03-19,,273889.16,1974,Delivered
SHP002286,2026-06-28,2026-06-29,2026-07-05,Hyderabad,Kolkata,South,PTL,CARR_09,CUST_030,2026-07-05,,8625.52,1064,Delivered
SHP000458,2026-02-15,2026-02-16,2026-02-18,Kolkata,Bhopal,East,FTL,CARR_11,CUST_060,2026-02-18,2026-02-23,9529.41,391,Delivered
SHP002372,2026-01-01,2026-01-02,2026-01-10,Lucknow,Bhopal,North,PTL,CARR_08,CUST_018,2026-01-10,2026-01-03,8707.58,965,Delivered
SHP002285,2026-03-07,2026-03-07,2026-03-14,Raipur,Nagpur,Central,FTL,CARR_05,CUST_078,2026-03-14,2026-03-11,33359.96,1525,Delayed
SHP003483,2026-06-12,2026-06-12,2026-06-19,Raipur,Hyderabad,Central,PTL,CARR_12,CUST_107,2026-06-19,2026-06-17,1341.33,164,Delivered
SHP000415,2026-03-13,2026-03-15,2026-03-18,Chennai,Hyderabad,South,FTL,CARR_03,CUST_109,2026-03-18,,56922.63,2100,Delivered
SHP004244,2026-03-23,2026-03-25,2026-04-02,Ahmedabad,Lucknow,West,FTL,CARR_03,CUST_052,2026-04-02,2026-04-02,21287.5,856,Delivered
SHP000672,2026-02-16,2026-02-18,2026-02-25,Mumbai,Surat,West,PTL,CARR_10,CUST_085,2026-02-25,2026-02-21,11309.64,1377,Delivered
SHP000513,2026-05-08,2026-05-10,2026-05-15,Guwahati,Surat,East,LTL,CARR_06,CUST_103,2026-05-15,2026-05-15,1637.81,151,Delivered
SHP001976,2026-06-30,2026-07-02,2026-07-09,Bhubaneswar,Jaipur,East,LTL,CARR_09,CUST_015,2026-07-09,2026-07-06,21496.03,1603,Delivered
SHP002323,2026-06-15,2026-06-15,2026-06-17,Raipur,Indore,Central,FTL,CARR_15,CUST_008,2026-06-17,2026-06-20,32740.43,1189,Delivered
SHP004056,2026-01-03,2026-01-06,2026-01-09,Kochi,Bhopal,South,FTL,CARR_09,CUST_040,2026-01-09,2026-01-11,65612.95,2394,Delivered
SHP002683,2026-03-27,2026-03-30,2026-04-03,Indore,Ahmedabad,Central,PTL,CARR_13,CUST_015,2026-04-03,2026-04-07,15647.55,1714,Delivered
SHP000173,2026-04-27,2026-04-30,2026-05-06,Lucknow,Indore,North,LTL,CARR_15,CUST_048,2026-05-06,,799.68,60,Cancelled
SHP001373,2026-03-30,2026-03-30,2026-04-05,Delhi,Hyderabad,North,PTL,CARR_13,CUST_043,2026-04-05,2026-04-01,8954.16,976,Delivered
SHP004404,2026-05-05,2026-05-06,2026-05-10,Chennai,Chennai,South,FTL,CARR_11,CUST_067,2026-05-10,,47658.37,2197,Cancelled
SHP002230,2026-03-13,2026-03-13,2026-03-15,Jaipur,Lucknow,North,FTL,CARR_03,CUST_102,2026-03-15,2026-03-17,5947.82,242,Delivered
SHP003330,2026-03-25,2026-03-28,2026-04-02,Hyderabad,Jaipur,South,FTL,CARR_08,CUST_109,2026-04-02,2026-04-01,21683.09,913,Delivered
SHP002856,2026-01-16,2026-01-19,2026-01-26,Guwahati,Delhi,East,FTL,CARR_13,CUST_051,2026-01-26,2026-01-27,25434.55,1020,Delivered
SHP004227,2026-06-04,2026-06-06,2026-06-09,Surat,Pune,West,FTL,CARR_01,CUST_007,2026-06-09,,9364.34,364,Cancelled
SHP000144,2026-05-26,2026-05-27,2026-06-02,Raipur,Patna,Central,FTL,CARR_04,CUST_049,2026-06-02,,33193.69,1432,Cancelled
SHP003901,2026-06-11,2026-06-14,2026-06-18,Mumbai,Kochi,West,LTL,CARR_07,CUST_009,2026-06-18,,310444.74,2459,In-Transit
SHP002810,2026-04-16,2026-04-16,2026-04-24,Raipur,Bhubaneswar,Central,PTL,CARR_01,CUST_068,2026-04-24,2026-04-26,19624.82,2481,Delayed
SHP003842,2026-05-03,2026-05-04,2026-05-06,Hyderabad,Mumbai,South,LTL,CARR_03,CUST_102,2026-05-06,,14305.77,1122,In-Transit
SHP002898,2026-01-13,2026-01-15,2026-01-22,Surat,Hyderabad,West,LTL,CARR_13,CUST_055,2026-01-22,,27318.94,2034,Cancelled
SHP003541,2026-05-30,2026-05-31,2026-06-03,Bengaluru,Bhopal,South,LTL,CARR_13,CUST_082,2026-06-03,,29396.34,2167,Delivered
SHP003201,2026-06-12,2026-06-13,2026-06-21,Kochi,Guwahati,South,LTL,CARR_05,CUST_078,2026-06-21,,12633.31,955,Delivered
SHP000433,2026-03-08,2026-03-10,2026-03-13,Surat,Chandigarh,West,FTL,CARR_03,CUST_004,2026-03-13,2026-03-09,6322.21,222,Delivered
SHP003747,2026-05-23,2026-05-23,2026-05-29,Pune,Chennai,West,LTL,CARR_14,CUST_094,2026-05-29,2026-05-31,26596.52,2059,Delivered
SHP003150,2026-03-13,2026-03-16,2026-03-20,Indore,Bhubaneswar,Central,LTL,CARR_12,CUST_075,2026-03-20,2026-03-19,14931.02,1257,Delivered
SHP003320,2026-06-09,2026-06-10,2026-06-17,Hyderabad,Hyderabad,South,PTL,CARR_04,CUST_005,2026-06-17,2026-06-16,9660.26,1069,Delivered
SHP004343,2026-05-13,2026-05-16,2026-05-22,Ahmedabad,Kolkata,West,LTL,CARR_05,CUST_087,2026-05-22,2026-05-19,24588.69,2044,Delivered
SHP003088,2026-03-05,2026-03-08,2026-03-10,Bhubaneswar,Nagpur,East,FTL,CARR_05,CUST_042,2026-03-10,2026-03-14,19903.33,870,Delivered
SHP000763,2026-03-27,2026-03-30,2026-04-06,Guwahati,Chennai,East,LTL,CARR_01,CUST_069,2026-04-06,2026-04-02,5234.19,452,Delivered
SHP001428,2026-06-08,2026-06-09,2026-06-15,Ahmedabad,Chennai,West,FTL,CARR_01,CUST_043,2026-06-15,,18355.19,798,Cancelled
SHP002333,,2026-05-30,2026-06-01,Chennai,Raipur,South,LTL,CARR_11,CUST_112,2026-06-01,,12177.61,967,Delivered
SHP002523,2026-04-14,2026-04-14,2026-04-18,Kolkata,Nagpur,East,FTL,CARR_08,CUST_003,2026-04-18,2026-04-21,33966.48,1310,Delivered
SHP003698,2026-04-27,2026-04-28,2026-04-30,Chennai,Nagpur,South,PTL,CARR_15,CUST_056,2026-04-30,,10871.41,1275,Delivered
SHP003433,2026-01-30,2026-01-30,2026-02-03,Bhopal,Guwahati,Central,FTL,CARR_14,CUST_058,2026-02-03,2026-02-01,54756.83,1975,Delivered
SHP000605,2026-06-02,2026-06-03,2026-06-06,Ahmedabad,Delhi,West,LTL,CARR_02,CUST_062,2026-06-06,2026-06-01,16555.49,1546,Delivered
SHP003830,2026-01-06,2026-01-08,2026-01-16,Lucknow,Delhi,North,FTL,CARR_04,CUST_110,2026-01-16,,67340.88,2388,Cancelled
SHP003641,2026-03-17,2026-03-17,2026-03-21,Chandigarh,Bhopal,North,LTL,CARR_06,CUST_095,2026-03-21,2026-03-26,7576.88,727,Delivered
SHP001345,2026-04-04,2026-04-06,2026-04-14,Hyderabad,Bhopal,South,LTL,CARR_12,CUST_071,2026-04-14,,21657.97,2100,Delivered
SHP002410,2026-02-20,2026-02-20,2026-02-28,Jaipur,Indore,North,FTL,CARR_04,CUST_085,2026-02-28,2026-02-28,8800.96,380,Delivered
SHP000883,2026-05-09,2026-05-11,2026-05-16,Delhi,Chennai,North,PTL,CARR_14,CUST_018,2026-05-16,,11440.02,1671,In-Transit
SHP000603,2026-01-01,2026-01-02,2026-01-06,Lucknow,Nagpur,North,LTL,CARR_04,CUST_047,2026-01-06,2026-01-03,27824.64,2337,Delivered
SHP004377,2026-06-26,2026-06-27,2026-06-30,Mumbai,Surat,West,LTL,CARR_02,CUST_022,2026-06-30,2026-07-01,10599.12,947,Delivered
SHP004172,2026-06-15,2026-06-18,2026-06-26,Surat,Chandigarh,West,FTL,CARR_10,CUST_078,2026-06-26,2026-06-20,35479.72,1656,Delivered
SHP000462,2026-01-14,2026-01-16,2026-01-18,Pune,Hyderabad,West,LTL,CARR_14,CUST_051,2026-01-18,,24954.15,1818,Cancelled
SHP002009,2026-06-16,2026-06-19,2026-06-24,Delhi,Hyderabad,North,FTL,CARR_07,CUST_056,2026-06-24,2026-06-20,405354.95,1924,Delivered
SHP003838,2026-03-30,2026-03-31,2026-04-03,Kolkata,Surat,East,PTL,CARR_15,CUST_011,2026-04-03,2026-04-03,2358.94,265,Delivered
SHP002531,2026-03-09,2026-03-11,2026-03-13,Jaipur,Kochi,North,PTL,CARR_14,CUST_011,2026-03-13,,13366.86,1759,Cancelled
SHP000931,2026-04-05,2026-04-07,2026-04-10,Lucknow,Chennai,North,FTL,CARR_10,CUST_107,2026-04-10,2026-04-15,43164.14,1913,Delivered
SHP001305,,2026-01-08,2026-01-13,Mumbai,Jaipur,West,LTL,CARR_10,CUST_041,2026-01-13,2026-01-10,11183.44,1046,Delayed
SHP000642,2026-05-16,2026-05-16,2026-05-23,Ahmedabad,Kochi,West,FTL,CARR_09,CUST_118,2026-05-23,2026-05-22,2525.43,116,Delivered
SHP001726,2026-04-10,2026-04-12,2026-04-17,Guwahati,Ahmedabad,East,FTL,CARR_02,CUST_116,2026-04-17,2026-04-18,13765.41,601,Delivered
SHP001782,,2026-02-22,2026-02-28,Hyderabad,Indore,South,FTL,CARR_11,CUST_004,2026-02-28,2026-03-04,31437.81,1106,Delivered
SHP004872,2026-02-01,2026-02-01,2026-02-06,Kochi,Guwahati,South,FTL,CARR_02,CUST_097,2026-02-06,2026-02-07,40300.85,1751,Delivered
SHP003176,2026-05-21,2026-05-21,2026-05-29,Kochi,Bhopal,South,LTL,CARR_07,CUST_108,2026-05-29,,240101.48,2146,In-Transit
SHP001161,2026-02-17,2026-02-19,2026-02-24,Pune,Ahmedabad,West,FTL,CARR_15,CUST_051,2026-02-24,2026-02-21,52111.76,2250,Delivered
SHP003127,2026-03-27,2026-03-28,2026-03-31,Kolkata,Bengaluru,East,LTL,CARR_03,CUST_024,2026-03-31,2026-03-30,11828.84,968,Delivered
SHP000856,2026-01-11,2026-01-12,2026-01-17,Patna,Chandigarh,East,PTL,CARR_02,CUST_097,2026-01-17,,12735.05,1603,In-Transit
SHP004303,2026-02-28,2026-03-01,2026-03-09,Nagpur,Surat,Central,LTL,CARR_11,CUST_060,2026-03-09,2026-03-08,18014.87,1307,Delivered
SHP003042,2026-03-03,2026-03-03,2026-03-08,Delhi,Guwahati,North,LTL,CARR_08,CUST_017,2026-03-08,2026-03-07,6031.67,531,Delivered
SHP000323,2026-06-18,2026-06-20,2026-06-22,Lucknow,Delhi,North,FTL,CARR_05,CUST_085,2026-06-22,2026-06-22,34638.96,1248,Delivered
SHP000838,2026-01-12,2026-01-13,2026-01-18,Lucknow,Nagpur,North,LTL,CARR_11,CUST_090,2026-01-18,2026-01-15,10864.11,810,Delivered
SHP002565,2026-03-23,2026-03-23,2026-03-27,Delhi,Surat,North,LTL,CARR_05,CUST_116,2026-03-27,2026-04-01,25704.26,1998,Delivered
SHP000195,2026-01-22,2026-01-24,2026-01-26,Chennai,Kochi,South,FTL,CARR_11,CUST_083,2026-01-26,,7138.2,314,Delivered
SHP004277,2026-03-06,2026-03-08,2026-03-11,Delhi,Bhopal,North,FTL,CARR_15,CUST_088,2026-03-11,2026-03-18,53209.91,2144,Delivered
SHP001394,2026-05-11,2026-05-14,2026-05-16,Guwahati,Lucknow,East,FTL,CARR_06,CUST_013,2026-05-16,2026-05-15,53738.18,2075,Delivered
SHP001590,2026-01-24,2026-01-25,2026-01-27,Delhi,Chennai,North,FTL,CARR_06,CUST_098,2026-01-27,2026-01-31,1157.03,53,Delayed
SHP004459,2026-01-19,2026-01-20,2026-01-26,Bengaluru,Nagpur,South,FTL,CARR_15,CUST_047,2026-01-26,,54779.23,2222,Cancelled
SHP004401,2026-06-10,2026-06-12,2026-06-19,Chennai,Indore,South,LTL,CARR_04,CUST_036,2026-06-19,,3930.65,368,Delivered
SHP003736,2026-04-29,2026-05-02,2026-05-08,Bhopal,Kolkata,Central,PTL,CARR_11,CUST_046,2026-05-08,2026-05-04,2414.69,281,Delayed
SHP002212,2026-02-03,2026-02-05,2026-02-09,Pune,Bhubaneswar,West,LTL,CARR_14,CUST_038,2026-02-09,2026-02-08,23801.18,1988,Delivered
SHP000632,2026-02-06,2026-02-08,2026-02-11,Bhopal,Lucknow,Central,PTL,CARR_02,CUST_014,2026-02-11,,3003.86,430,Cancelled
SHP002975,2026-05-27,2026-05-27,2026-05-30,Bengaluru,Nagpur,South,LTL,CARR_03,CUST_091,2026-05-30,,16525.92,1219,Delivered
SHP002016,2026-03-16,2026-03-18,2026-03-20,Delhi,Nagpur,North,LTL,CARR_15,CUST_054,2026-03-20,,1223.86,109,In-Transit
SHP003540,2026-04-28,2026-04-28,2026-05-06,Surat,Pune,West,FTL,CARR_10,CUST_087,2026-05-06,2026-05-02,21427.58,925,Delivered
SHP002304,2026-06-25,2026-06-25,2026-07-01,Kolkata,Mumbai,East,FTL,CARR_05,CUST_070,2026-07-01,2026-06-29,48383.3,2184,Delivered
SHP004777,2026-02-05,2026-02-08,2026-02-15,Lucknow,Mumbai,North,LTL,CARR_05,CUST_026,2026-02-15,,4676.7,392,In-Transit
SHP002732,2026-03-20,2026-03-20,2026-03-27,Mumbai,Mumbai,West,PTL,CARR_14,CUST_038,2026-03-27,2026-03-27,15976.42,1797,Delivered
SHP001876,2026-03-25,2026-03-27,2026-03-29,Surat,Kochi,West,FTL,CARR_03,CUST_080,2026-03-29,2026-04-02,2758.97,129,Delivered
SHP004499,2026-02-04,2026-02-05,2026-02-13,Jaipur,Indore,North,PTL,CARR_06,CUST_014,2026-02-13,,5166.51,623,In-Transit
SHP002979,2026-02-05,2026-02-08,2026-02-11,Bhopal,Bhubaneswar,Central,LTL,CARR_07,CUST_006,2026-02-11,2026-02-14,109899.1,800,Delivered
SHP002579,2026-06-17,2026-06-17,2026-06-23,Pune,Mumbai,West,LTL,CARR_09,CUST_095,2026-06-23,2026-06-24,9194.92,874,Delivered
SHP000403,2026-04-02,2026-04-02,2026-04-04,Jaipur,Lucknow,North,LTL,CARR_04,CUST_058,2026-04-04,2026-04-08,10443.0,849,Delivered
SHP004801,2026-04-02,2026-04-04,2026-04-07,Chennai,Bengaluru,South,FTL,CARR_10,CUST_090,2026-04-07,,27682.59,1181,Delivered
SHP001987,2026-03-15,2026-03-16,2026-03-20,Indore,Indore,Central,FTL,CARR_15,CUST_110,2026-03-20,,40202.26,1486,In-Transit
SHP001897,2026-06-10,2026-06-10,2026-06-16,Surat,Chandigarh,West,FTL,CARR_01,CUST_083,2026-06-16,2026-06-18,51238.04,2239,Delivered
SHP004544,2026-03-05,2026-03-07,2026-03-13,Bhubaneswar,Surat,East,LTL,CARR_15,CUST_093,2026-03-13,2026-03-08,4877.78,398,Delivered
SHP003506,2026-04-13,2026-04-13,2026-04-17,Kolkata,Mumbai,East,FTL,CARR_14,CUST_031,2026-04-17,2026-04-17,40018.28,1553,Delivered
SHP003578,2026-01-14,2026-01-17,2026-01-25,Ahmedabad,Chennai,West,LTL,CARR_13,CUST_116,2026-01-25,2026-01-18,25556.64,2305,Delivered
SHP002606,2026-01-06,2026-01-09,2026-01-17,Indore,Bhopal,Central,FTL,CARR_02,CUST_044,2026-01-17,2026-01-11,48343.93,2086,Delivered
SHP003255,2026-05-03,2026-05-03,2026-05-10,Nagpur,Bhopal,Central,LTL,CARR_12,CUST_096,2026-05-10,2026-05-11,979.7,96,Delivered
SHP004494,2026-05-02,2026-05-04,2026-05-07,Pune,Surat,West,PTL,CARR_10,CUST_066,2026-05-07,,9065.38,1018,Cancelled
SHP004746,2026-03-09,2026-03-09,2026-03-12,Kolkata,Ahmedabad,East,LTL,CARR_09,CUST_032,2026-03-12,2026-03-16,13820.66,1043,Delivered
SHP001307,2026-03-06,2026-03-08,2026-03-15,Lucknow,Pune,North,FTL,CARR_01,CUST_103,2026-03-15,2026-03-13,46744.09,1719,Delayed
SHP000640,2026-06-21,2026-06-21,2026-06-28,Nagpur,Jaipur,Central,LTL,CARR_15,CUST_104,2026-06-28,2026-07-01,22489.13,1777,Delivered
SHP001062,2026-04-24,2026-04-25,2026-05-02,Lucknow,Bengaluru,North,LTL,CARR_04,CUST_026,2026-05-02,2026-05-05,33324.07,2436,Delayed
SHP001374,2026-02-11,2026-02-13,2026-02-18,Ahmedabad,Chennai,West,LTL,CARR_04,CUST_025,2026-02-18,2026-02-17,8854.05,718,Delivered
SHP000116,2026-05-22,2026-05-24,2026-05-29,Kolkata,Mumbai,East,LTL,CARR_04,CUST_047,2026-05-29,2026-05-26,25002.0,2115,Delivered
SHP003226,2026-03-11,2026-03-11,2026-03-13,Bhubaneswar,Chennai,East,FTL,CARR_05,CUST_064,2026-03-13,2026-03-16,20745.7,789,Delivered
SHP001967,2026-02-23,2026-02-23,2026-02-25,Pune,Bengaluru,West,PTL,CARR_13,CUST_096,2026-02-25,2026-03-02,7147.54,852,Delayed
SHP001945,2026-05-16,2026-05-18,2026-05-23,Surat,Delhi,West,FTL,CARR_04,CUST_044,2026-05-23,2026-05-28,20491.14,944,Delivered
SHP001020,2026-05-23,2026-05-26,2026-05-31,Surat,Bhopal,West,LTL,CARR_12,CUST_003,2026-05-31,2026-05-29,6301.99,532,Delivered
SHP002889,2026-06-19,2026-06-22,2026-06-26,Nagpur,Indore,Central,PTL,CARR_15,CUST_020,2026-06-26,2026-06-26,19478.05,2253,Delivered
SHP002707,2026-06-08,2026-06-11,2026-06-16,Surat,Ahmedabad,West,FTL,CARR_11,CUST_025,2026-06-16,,64599.07,2367,In-Transit
SHP003002,2026-06-05,2026-06-06,2026-06-09,Mumbai,Surat,West,LTL,CARR_07,CUST_086,2026-06-09,,55945.58,448,Cancelled
SHP000085,2026-06-14,2026-06-16,2026-06-19,Surat,Raipur,West,LTL,CARR_15,CUST_073,2026-06-19,2026-06-22,19335.23,1851,Delivered
SHP001756,2026-05-30,2026-06-02,2026-06-07,Bengaluru,Patna,South,LTL,CARR_13,CUST_102,2026-06-07,,12307.94,1073,Delivered
SHP002277,2026-05-03,2026-05-05,2026-05-10,Chennai,Kolkata,South,LTL,CARR_06,CUST_046,2026-05-10,,6440.04,584,Delivered
SHP002520,2026-02-08,2026-02-09,2026-02-14,Bhopal,Jaipur,Central,PTL,CARR_09,CUST_058,2026-02-14,2026-02-15,15848.99,2113,Delivered
SHP003621,2026-03-07,2026-03-10,2026-03-18,Patna,Pune,East,FTL,CARR_09,CUST_042,2026-03-18,,11403.1,467,In-Transit
SHP002755,2026-02-15,2026-02-15,2026-02-17,Surat,Guwahati,West,LTL,CARR_13,CUST_034,2026-02-17,2026-02-24,30095.72,2327,Delivered
SHP004151,2026-05-05,2026-05-05,2026-05-12,Jaipur,Delhi,North,PTL,CARR_10,CUST_013,2026-05-12,2026-05-15,11361.39,1538,Delivered
SHP001144,2026-04-03,2026-04-04,2026-04-06,Jaipur,Kochi,North,FTL,CARR_15,CUST_006,2026-04-06,2026-04-12,53050.07,2382,Delivered
SHP001895,2026-05-26,2026-05-26,2026-06-03,Nagpur,Indore,Central,PTL,CARR_11,CUST_091,2026-06-03,2026-06-03,21830.18,2394,Delivered
SHP002840,2026-01-12,2026-01-15,2026-01-21,Ahmedabad,Chandigarh,West,LTL,CARR_05,CUST_100,2026-01-21,,4936.43,411,In-Transit
SHP002923,2026-03-05,2026-03-08,2026-03-12,Delhi,Surat,North,PTL,CARR_02,CUST_095,2026-03-12,2026-03-12,17282.52,2473,Delivered
SHP003872,2026-06-18,2026-06-21,2026-06-29,Lucknow,Jaipur,North,LTL,CARR_04,CUST_082,2026-06-29,2026-06-25,24410.92,1917,Delivered
SHP001095,2026-01-22,2026-01-23,2026-01-28,Jaipur,Raipur,North,FTL,CARR_11,CUST_086,2026-01-28,2026-02-01,57450.4,2468,Delivered
SHP004790,2026-01-22,2026-01-25,2026-01-29,Hyderabad,Surat,South,FTL,CARR_05,CUST_055,2026-01-29,,5720.32,263,Delivered
SHP004138,2026-03-01,2026-03-04,2026-03-06,Pune,Nagpur,West,LTL,CARR_10,CUST_021,2026-03-06,2026-03-07,5976.38,434,Delivered
SHP000891,2026-04-27,2026-04-29,2026-05-01,Lucknow,Bengaluru,North,FTL,CARR_12,CUST_031,2026-05-01,,58541.74,2356,In-Transit
SHP002351,2026-03-24,2026-03-25,2026-03-29,Pune,Lucknow,West,PTL,CARR_06,CUST_062,2026-03-29,2026-04-02,10292.41,1232,Delivered
SHP000952,2026-03-24,2026-03-27,2026-04-04,Pune,Surat,West,LTL,CARR_07,CUST_101,2026-04-04,2026-03-30,193789.17,1389,Delivered
SHP001847,2026-03-24,2026-03-25,2026-03-27,Lucknow,Bhubaneswar,North,LTL,CARR_02,CUST_022,2026-03-27,2026-04-01,22238.3,1641,Delivered
SHP000860,2026-04-07,2026-04-09,2026-04-17,Surat,Mumbai,West,LTL,CARR_05,CUST_090,2026-04-17,,28523.8,2149,In-Transit
SHP004677,2026-03-14,2026-03-17,2026-03-19,Mumbai,Kolkata,West,PTL,CARR_14,CUST_088,2026-03-19,2026-03-22,17673.28,2211,Delivered
SHP004622,2026-02-12,2026-02-14,2026-02-20,Indore,Kolkata,Central,LTL,CARR_01,CUST_109,2026-02-20,2026-02-20,23124.68,1921,Delivered
SHP003153,2026-05-23,2026-05-25,2026-05-27,Chandigarh,Jaipur,North,FTL,CARR_02,CUST_061,2026-05-27,2026-05-28,28944.25,1023,Delivered
SHP004816,2026-04-05,2026-04-06,2026-04-10,Lucknow,Kochi,North,LTL,CARR_10,CUST_068,2026-04-10,2026-04-07,22687.63,1801,Delivered
SHP001090,2026-06-01,2026-06-03,2026-06-09,Guwahati,Chennai,East,LTL,CARR_09,CUST_086,2026-06-09,2026-05-31,7112.76,516,Delivered
SHP001750,2026-06-16,2026-06-18,2026-06-21,Bhubaneswar,Ahmedabad,East,FTL,CARR_09,CUST_043,2026-06-21,,29909.52,1336,Cancelled
SHP004458,,2026-03-21,2026-03-26,Chennai,Raipur,South,FTL,CARR_05,CUST_116,2026-03-26,,38814.04,1562,Cancelled
SHP004304,2026-02-05,2026-02-08,2026-02-15,Delhi,Patna,North,PTL,CARR_06,CUST_085,2026-02-15,2026-02-18,8451.12,1146,Delivered
SHP001529,2026-04-11,2026-04-14,2026-04-21,Patna,Guwahati,East,LTL,CARR_05,CUST_119,2026-04-21,2026-04-20,11474.12,1005,Delivered
SHP003929,2026-05-21,2026-05-22,2026-05-29,Bengaluru,Bhubaneswar,South,FTL,CARR_13,CUST_111,2026-05-29,,40009.68,1516,Delivered
SHP001774,2026-01-23,2026-01-24,2026-01-27,Chandigarh,Jaipur,North,FTL,CARR_13,CUST_098,2026-01-27,2026-02-02,18068.2,825,Delivered
SHP004116,2026-03-13,2026-03-13,2026-03-17,Surat,Indore,West,PTL,CARR_02,CUST_071,2026-03-17,2026-03-20,14525.69,2090,Delivered
SHP004977,2026-04-15,2026-04-15,2026-04-23,Surat,Kolkata,West,LTL,CARR_07,CUST_048,2026-04-23,2026-04-16,84191.5,725,Delivered
SHP004517,2026-06-15,2026-06-16,2026-06-22,Raipur,Patna,Central,LTL,CARR_01,CUST_062,2026-06-22,,14450.78,1263,Cancelled
SHP001073,2026-04-21,2026-04-24,2026-04-27,Pune,Chennai,West,FTL,CARR_10,CUST_025,2026-04-27,2026-04-30,47953.38,2246,Delivered
SHP000967,2026-01-06,2026-01-06,2026-01-10,Indore,Lucknow,Central,FTL,CARR_05,CUST_053,2026-01-10,,21430.33,806,Cancelled
SHP003419,2026-01-21,2026-01-22,2026-01-28,Jaipur,Chandigarh,North,LTL,CARR_09,CUST_046,2026-01-28,2026-01-29,12295.93,1192,Delivered
SHP002023,2026-05-09,2026-05-09,2026-05-16,Raipur,Bhubaneswar,Central,LTL,CARR_07,CUST_091,2026-05-16,2026-05-19,27057.44,231,Delivered
SHP003475,2026-06-07,2026-06-10,2026-06-15,Ahmedabad,Mumbai,West,PTL,CARR_11,CUST_056,2026-06-15,,17654.43,2127,Cancelled
SHP001403,2026-01-31,2026-02-01,2026-02-08,Surat,Bengaluru,West,PTL,CARR_08,CUST_090,2026-02-08,2026-02-04,6255.42,801,Delayed
SHP003809,2026-03-07,2026-03-10,2026-03-15,Mumbai,Chennai,West,LTL,CARR_14,CUST_012,2026-03-15,2026-03-16,31003.73,2464,Delivered
SHP003202,2026-05-04,2026-05-04,2026-05-08,Surat,Delhi,West,PTL,CARR_11,CUST_059,2026-05-08,2026-05-06,2936.74,415,Delivered
SHP000247,2026-02-07,2026-02-07,2026-02-10,Ahmedabad,Mumbai,West,LTL,CARR_01,CUST_049,2026-02-10,2026-02-08,14745.46,1143,Delivered
SHP002254,2026-02-19,2026-02-22,2026-02-27,Bhubaneswar,Kochi,East,FTL,CARR_02,CUST_036,2026-02-27,2026-03-04,25899.27,1086,Delivered
SHP001878,2026-06-13,2026-06-15,2026-06-20,Nagpur,Chandigarh,Central,LTL,CARR_11,CUST_019,2026-06-20,2026-06-19,18412.19,1405,Delivered
SHP003009,2026-02-08,2026-02-09,2026-02-17,Bengaluru,Chandigarh,South,PTL,CARR_04,CUST_066,2026-02-17,,22192.77,2490,Delayed
SHP000309,2026-06-29,2026-07-01,2026-07-05,Bengaluru,Lucknow,South,LTL,CARR_09,CUST_080,2026-07-05,2026-07-02,11811.89,954,Delivered
SHP004240,2026-06-12,2026-06-12,2026-06-20,Ahmedabad,Hyderabad,West,FTL,CARR_11,CUST_064,2026-06-20,,44428.48,1996,In-Transit
SHP002435,2026-05-31,2026-06-01,2026-06-08,Kochi,Delhi,South,PTL,CARR_06,CUST_025,2026-06-08,,17102.09,2467,Delivered
SHP001246,2026-05-05,2026-05-05,2026-05-10,Indore,Nagpur,Central,LTL,CARR_02,CUST_037,2026-05-10,,20192.87,1878,In-Transit
SHP001478,2026-01-11,2026-01-11,2026-01-13,Mumbai,Nagpur,West,PTL,CARR_14,CUST_061,2026-01-13,2026-01-19,8199.81,1054,Delivered
SHP002569,2026-04-12,2026-04-15,2026-04-19,Delhi,Guwahati,North,FTL,CARR_05,CUST_085,2026-04-19,2026-04-18,49447.08,2213,Delivered
SHP004496,2026-06-12,2026-06-12,2026-06-15,Jaipur,Indore,North,LTL,CARR_05,CUST_084,2026-06-15,2026-06-18,22495.44,1631,Delivered
SHP004296,2026-04-23,2026-04-26,2026-05-01,Mumbai,Raipur,West,LTL,CARR_02,CUST_075,2026-05-01,2026-05-06,22941.22,2197,Delivered
SHP002653,2026-01-13,2026-01-16,2026-01-21,Mumbai,Lucknow,West,PTL,CARR_03,CUST_092,2026-01-21,2026-01-20,2239.79,305,Delivered
SHP001560,2026-01-01,2026-01-04,2026-01-09,Bhubaneswar,Jaipur,East,FTL,CARR_15,CUST_095,2026-01-09,2026-01-14,61696.42,2370,Delivered
SHP003743,2026-06-30,2026-07-03,2026-07-11,Guwahati,Bengaluru,East,LTL,CARR_05,CUST_020,2026-07-11,2026-07-06,20642.71,1744,Delivered
SHP004986,2026-01-11,2026-01-13,2026-01-17,Chennai,Kochi,South,LTL,CARR_12,CUST_015,2026-01-17,,14423.77,1137,Delivered
SHP000467,2026-01-31,2026-02-01,2026-02-05,Bhopal,Jaipur,Central,LTL,CARR_10,CUST_030,2026-02-05,,18795.92,1443,In-Transit
SHP000474,2026-01-08,2026-01-10,2026-01-18,Jaipur,Indore,North,LTL,CARR_03,CUST_003,2026-01-18,2026-01-14,16583.17,1294,Delayed
SHP000812,2026-06-06,2026-06-09,2026-06-11,Raipur,Kochi,Central,FTL,CARR_02,CUST_070,2026-06-11,2026-06-12,40275.06,1448,Delayed
SHP001769,2026-05-26,2026-05-26,2026-06-02,Jaipur,Bengaluru,North,FTL,CARR_15,CUST_033,2026-06-02,2026-06-05,53273.32,2042,Delivered
SHP000777,2026-06-03,2026-06-06,2026-06-12,Mumbai,Pune,West,FTL,CARR_10,CUST_028,2026-06-12,,2279.54,89,Cancelled
SHP000288,2026-02-03,2026-02-04,2026-02-11,Ahmedabad,Guwahati,West,FTL,CARR_03,CUST_074,2026-02-11,2026-02-06,31509.16,1155,Delivered
SHP001772,2026-06-04,2026-06-05,2026-06-13,Ahmedabad,Kolkata,West,FTL,CARR_14,CUST_119,2026-06-13,,39453.25,1557,In-Transit
SHP004266,2026-05-30,2026-05-31,2026-06-08,Ahmedabad,Kochi,West,FTL,CARR_15,CUST_001,2026-06-08,,11740.62,465,Cancelled
SHP003811,2026-03-01,2026-03-03,2026-03-08,Nagpur,Guwahati,Central,LTL,CARR_04,CUST_007,2026-03-08,,23816.89,1957,In-Transit
SHP003228,2026-06-14,2026-06-15,2026-06-17,Bengaluru,Nagpur,South,LTL,CARR_10,CUST_081,2026-06-17,,24974.77,2369,Delivered
SHP000945,2026-05-06,2026-05-09,2026-05-12,Jaipur,Kolkata,North,FTL,CARR_08,CUST_113,2026-05-12,2026-05-19,41853.6,1710,Delivered
SHP003296,2026-06-08,2026-06-08,2026-06-15,Surat,Ahmedabad,West,LTL,CARR_15,CUST_046,2026-06-15,2026-06-11,11035.23,986,Delayed
SHP002482,2026-03-16,2026-03-17,2026-03-22,Pune,Lucknow,West,FTL,CARR_15,CUST_022,2026-03-22,,44581.04,1783,In-Transit
SHP000713,2026-06-22,2026-06-24,2026-06-29,Patna,Mumbai,East,LTL,CARR_06,CUST_034,2026-06-29,2026-07-01,21819.13,1860,Delivered
SHP003480,2026-01-28,2026-01-29,2026-02-06,Mumbai,Chandigarh,West,LTL,CARR_10,CUST_096,2026-02-06,2026-02-07,9361.98,917,Delivered
SHP004049,2026-06-24,2026-06-25,2026-06-30,Lucknow,Bhopal,North,LTL,CARR_10,CUST_063,2026-06-30,2026-06-26,29032.28,2411,Delivered
SHP000585,2026-02-16,2026-02-16,2026-02-18,Bhubaneswar,Guwahati,East,FTL,CARR_15,CUST_007,2026-02-18,2026-02-17,31222.05,1367,Delivered
SHP003617,2026-06-12,2026-06-12,2026-06-17,Raipur,Bhopal,Central,LTL,CARR_07,CUST_066,2026-06-17,2026-06-22,151206.55,1401,Delayed
SHP003143,2026-06-18,2026-06-19,2026-06-21,Nagpur,Bengaluru,Central,FTL,CARR_09,CUST_038,2026-06-21,,51730.32,2060,Cancelled
SHP002102,2026-05-08,2026-05-11,2026-05-15,Ahmedabad,Guwahati,West,LTL,CARR_08,CUST_081,2026-05-15,2026-05-16,32057.01,2402,Delivered
SHP003814,2026-06-07,2026-06-10,2026-06-18,Kochi,Bengaluru,South,FTL,CARR_10,CUST_115,2026-06-18,,57521.64,2444,Cancelled
SHP002659,,2026-06-17,2026-06-25,Nagpur,Jaipur,Central,LTL,CARR_03,CUST_063,2026-06-25,2026-06-20,22466.07,1915,Delivered
SHP002803,2026-06-15,2026-06-18,2026-06-23,Bhubaneswar,Pune,East,FTL,CARR_08,CUST_070,2026-06-23,2026-06-20,26072.4,956,Delivered
SHP000369,2026-06-16,2026-06-18,2026-06-22,Delhi,Indore,North,PTL,CARR_07,CUST_079,2026-06-22,2026-06-24,89972.98,1143,Delivered
SHP003192,2026-03-26,2026-03-26,2026-03-30,Kolkata,Guwahati,East,PTL,CARR_10,CUST_108,2026-03-30,2026-03-29,5748.21,630,Delivered
SHP002422,2026-02-10,2026-02-11,2026-02-14,Chandigarh,Patna,North,LTL,CARR_15,CUST_035,2026-02-14,2026-02-21,1051.5,96,Delivered
SHP000784,2026-03-04,2026-03-05,2026-03-12,Nagpur,Kochi,Central,PTL,CARR_02,CUST_010,2026-03-12,2026-03-11,18246.01,2014,Delivered
SHP004891,2026-02-09,2026-02-09,2026-02-12,Bengaluru,Guwahati,South,FTL,CARR_11,CUST_119,2026-02-12,,48693.83,1731,Cancelled
SHP000999,2026-06-07,2026-06-10,2026-06-14,Lucknow,Lucknow,North,FTL,CARR_07,CUST_078,2026-06-14,2026-06-20,35767.32,119,Delayed
SHP000372,2026-01-20,2026-01-23,2026-01-31,Nagpur,Chandigarh,Central,FTL,CARR_08,CUST_085,2026-01-31,2026-01-28,47542.11,1798,Delivered
SHP003222,2026-05-11,2026-05-13,2026-05-17,Lucknow,Kochi,North,FTL,CARR_11,CUST_038,2026-05-17,2026-05-10,36941.45,1311,Delivered
SHP000606,2026-06-15,2026-06-15,2026-06-17,Hyderabad,Surat,South,LTL,CARR_08,CUST_101,2026-06-17,,7166.21,688,Delivered
SHP002601,2026-01-03,2026-01-04,2026-01-06,Kolkata,Bhubaneswar,East,LTL,CARR_13,CUST_036,2026-01-06,,20817.48,1662,In-Transit
SHP002081,2026-04-26,2026-04-29,2026-05-02,Chandigarh,Ahmedabad,North,LTL,CARR_14,CUST_069,2026-05-02,2026-05-03,16815.67,1243,Delivered
SHP003680,2026-03-17,2026-03-19,2026-03-22,Jaipur,Chennai,North,PTL,CARR_05,CUST_004,2026-03-22,2026-03-21,5889.85,731,Delivered
SHP001116,2026-05-03,2026-05-05,2026-05-10,Chandigarh,Chandigarh,North,LTL,CARR_04,CUST_095,2026-05-10,,18628.7,1466,In-Transit
SHP002094,2026-02-16,2026-02-19,2026-02-22,Bhopal,Bhubaneswar,Central,PTL,CARR_14,CUST_008,2026-02-22,,1097.7,155,Cancelled
SHP000006,2026-04-28,2026-04-29,2026-05-02,Indore,Kochi,Central,FTL,CARR_15,CUST_083,2026-05-02,2026-05-04,28447.66,1060,Delivered
SHP002819,2026-05-23,2026-05-26,2026-05-29,Hyderabad,Surat,South,LTL,CARR_14,CUST_097,2026-05-29,,3298.51,285,Delivered
SHP001762,2026-03-20,2026-03-23,2026-03-28,Lucknow,Nagpur,North,PTL,CARR_13,CUST_080,2026-03-28,2026-03-29,9398.64,1131,Delivered
SHP004432,,2026-02-06,2026-02-14,Raipur,Nagpur,Central,LTL,CARR_01,CUST_024,2026-02-14,,7080.36,641,In-Transit
SHP004675,2026-04-06,2026-04-07,2026-04-10,Hyderabad,Hyderabad,South,PTL,CARR_05,CUST_051,2026-04-10,,11416.2,1437,Delivered
SHP000890,2026-01-09,2026-01-09,2026-01-12,Kolkata,Guwahati,East,LTL,CARR_05,CUST_099,2026-01-12,2026-01-14,13337.4,1126,Delayed
SHP002392,2026-01-16,2026-01-17,2026-01-21,Nagpur,Chandigarh,Central,FTL,CARR_06,CUST_090,2026-01-21,2026-01-25,60629.8,2135,Delivered
SHP001387,2026-02-14,2026-02-14,2026-02-20,Chennai,Hyderabad,South,FTL,CARR_10,CUST_074,2026-02-20,,42606.33,1760,Cancelled
SHP002239,2026-06-18,2026-06-20,2026-06-22,Chennai,Delhi,South,LTL,CARR_06,CUST_059,2026-06-22,,17160.61,1554,Delivered
SHP002397,2026-04-11,2026-04-12,2026-04-15,Chennai,Bhopal,South,PTL,CARR_13,CUST_110,2026-04-15,,17941.71,2424,In-Transit
SHP000186,2026-02-10,2026-02-12,2026-02-18,Ahmedabad,Lucknow,West,PTL,CARR_03,CUST_048,2026-02-18,2026-02-14,3835.75,522,Delivered
SHP004201,2026-03-09,2026-03-12,2026-03-18,Lucknow,Lucknow,North,LTL,CARR_09,CUST_102,2026-03-18,2026-03-16,3586.33,348,Delivered
SHP004695,2026-04-25,2026-04-25,2026-04-27,Delhi,Indore,North,FTL,CARR_05,CUST_032,2026-04-27,2026-04-30,13532.0,528,Delivered
SHP003795,2026-02-08,2026-02-11,2026-02-15,Guwahati,Jaipur,East,FTL,CARR_14,CUST_117,2026-02-15,,4508.76,160,In-Transit
SHP002772,2026-05-29,2026-05-31,2026-06-02,Ahmedabad,Patna,West,FTL,CARR_05,CUST_047,2026-06-02,2026-06-06,66674.91,2343,Delivered
SHP001437,2026-05-31,2026-06-01,2026-06-08,Mumbai,Surat,West,FTL,CARR_05,CUST_002,2026-06-08,2026-06-02,31325.65,1325,Delivered
SHP000546,2026-03-17,2026-03-17,2026-03-19,Surat,Bhopal,West,PTL,CARR_03,CUST_011,2026-03-19,2026-03-24,8226.85,1183,Delivered
SHP004907,2026-01-17,2026-01-18,2026-01-26,Patna,Mumbai,East,LTL,CARR_15,CUST_086,2026-01-26,2026-01-26,19440.79,1454,Delivered
SHP001881,2026-04-15,2026-04-17,2026-04-23,Kolkata,Jaipur,East,LTL,CARR_02,CUST_063,2026-04-23,2026-04-16,22961.16,1741,Delivered
SHP001892,2026-03-08,2026-03-09,2026-03-14,Hyderabad,Raipur,South,LTL,CARR_02,CUST_070,2026-03-14,2026-03-19,21235.13,1671,Delivered
SHP000081,2026-02-14,2026-02-15,2026-02-21,Bhubaneswar,Kolkata,East,FTL,CARR_12,CUST_056,2026-02-21,,24801.95,992,Cancelled
SHP000412,2026-01-30,2026-01-31,2026-02-05,Chennai,Bengaluru,South,LTL,CARR_15,CUST_010,2026-02-05,,16710.78,1476,Delivered
SHP000005,2026-06-26,2026-06-27,2026-07-05,Nagpur,Kochi,Central,FTL,CARR_15,CUST_082,2026-07-05,2026-07-03,6408.03,279,Delivered
SHP000445,2026-03-24,2026-03-27,2026-04-03,Hyderabad,Raipur,South,FTL,CARR_08,CUST_018,2026-04-03,,43032.71,1620,In-Transit
SHP000771,2026-02-28,2026-02-28,2026-03-06,Chennai,Indore,South,PTL,CARR_05,CUST_082,2026-03-06,,9231.33,1290,Delivered
SHP002103,2026-01-10,2026-01-10,2026-01-12,Pune,Patna,West,LTL,CARR_08,CUST_079,2026-01-12,2026-01-18,16243.3,1217,Delayed
SHP003501,2026-06-11,2026-06-11,2026-06-15,Pune,Hyderabad,West,FTL,CARR_06,CUST_097,2026-06-15,2026-06-17,63567.21,2233,Delayed
SHP003246,2026-03-28,2026-03-29,2026-04-02,Surat,Kolkata,West,PTL,CARR_04,CUST_028,2026-04-02,2026-04-08,12550.46,1580,Delivered
SHP002542,2026-05-22,2026-05-23,2026-05-26,Mumbai,Patna,West,FTL,CARR_15,CUST_027,2026-05-26,,12215.03,467,In-Transit
SHP004444,2026-05-30,2026-05-31,2026-06-03,Kolkata,Nagpur,East,LTL,CARR_03,CUST_050,2026-06-03,2026-05-30,14529.7,1307,Delivered
SHP002566,2026-02-22,2026-02-22,2026-02-24,Lucknow,Mumbai,North,LTL,CARR_07,CUST_014,2026-02-24,,67564.79,564,Cancelled
SHP000762,2026-03-23,2026-03-25,2026-04-01,Surat,Patna,West,LTL,CARR_10,CUST_036,2026-04-01,2026-03-27,16223.21,1351,Delivered
SHP002317,2026-06-25,2026-06-26,2026-06-30,Chandigarh,Guwahati,North,PTL,CARR_03,CUST_118,2026-06-30,2026-06-27,17116.25,1956,Delivered
SHP001235,2026-03-08,2026-03-11,2026-03-14,Lucknow,Kochi,North,LTL,CARR_11,CUST_104,2026-03-14,,710.78,56,In-Transit
SHP003998,2026-01-03,2026-01-04,2026-01-11,Chandigarh,Surat,North,LTL,CARR_02,CUST_013,2026-01-11,2026-01-10,10947.45,841,Delayed
SHP003996,2026-04-24,2026-04-25,2026-04-28,Surat,Kolkata,West,FTL,CARR_08,CUST_115,2026-04-28,2026-04-28,51056.56,2126,Delayed
SHP000676,2026-05-20,2026-05-20,2026-05-23,Bengaluru,Bengaluru,South,FTL,CARR_07,CUST_073,2026-05-23,,626091.56,2213,Delivered
SHP004235,2026-06-04,2026-06-07,2026-06-12,Nagpur,Bhopal,Central,FTL,CARR_02,CUST_056,2026-06-12,2026-06-12,51571.17,1819,Delivered
SHP003411,2026-02-04,2026-02-06,2026-02-10,Bhubaneswar,Chennai,East,FTL,CARR_02,CUST_095,2026-02-10,2026-02-13,31839.38,1421,Delivered
SHP004548,2026-06-12,2026-06-15,2026-06-19,Bhubaneswar,Hyderabad,East,FTL,CARR_05,CUST_021,2026-06-19,2026-06-18,30318.36,1164,Delivered
SHP001543,2026-05-04,2026-05-04,2026-05-12,Bhopal,Kochi,Central,FTL,CARR_06,CUST_101,2026-05-12,,45987.58,2079,Cancelled
SHP000504,2026-02-21,2026-02-21,2026-02-24,Lucknow,Patna,North,PTL,CARR_11,CUST_117,2026-02-24,2026-02-27,16918.02,1998,Delayed
SHP002936,2026-02-03,2026-02-04,2026-02-11,Bhubaneswar,Chandigarh,East,FTL,CARR_15,CUST_062,2026-02-11,2026-02-07,17767.41,832,Delivered
SHP001278,2026-01-08,2026-01-08,2026-01-10,Ahmedabad,Kolkata,West,LTL,CARR_10,CUST_075,2026-01-10,2026-01-10,27527.3,2230,Delivered
SHP001548,2026-01-17,2026-01-20,2026-01-26,Delhi,Hyderabad,North,FTL,CARR_12,CUST_104,2026-01-26,2026-01-30,66233.61,2496,Delivered
SHP004392,2026-05-13,2026-05-16,2026-05-20,Pune,Guwahati,West,LTL,CARR_13,CUST_120,2026-05-20,2026-05-24,30241.63,2302,Delivered
SHP001008,2026-04-15,2026-04-15,2026-04-18,Lucknow,Guwahati,North,FTL,CARR_09,CUST_110,2026-04-18,2026-04-16,24771.97,904,Delayed
SHP000088,2026-06-03,2026-06-03,2026-06-05,Bhubaneswar,Guwahati,East,LTL,CARR_06,CUST_087,2026-06-05,2026-06-09,14756.31,1400,Delivered
SHP004250,2026-03-27,2026-03-30,2026-04-07,Kochi,Chennai,South,PTL,CARR_06,CUST_118,2026-04-07,,4052.8,489,Delivered
SHP004067,2026-01-12,2026-01-15,2026-01-17,Chennai,Hyderabad,South,LTL,CARR_10,CUST_059,2026-01-17,,20401.96,1672,Cancelled
SHP002308,2026-06-08,2026-06-09,2026-06-16,Pune,Guwahati,West,FTL,CARR_08,CUST_022,2026-06-16,2026-06-13,38166.34,1440,Delayed
SHP001312,2026-06-29,2026-07-01,2026-07-09,Bhopal,Kochi,Central,LTL,CARR_07,CUST_097,2026-07-09,2026-07-11,270972.85,2244,Delivered
SHP000225,2026-04-18,2026-04-20,2026-04-24,Kolkata,Hyderabad,East,FTL,CARR_14,CUST_040,2026-04-24,,57418.78,2448,Cancelled
SHP003363,,2026-06-15,2026-06-20,Kolkata,Bhopal,East,LTL,CARR_02,CUST_090,2026-06-20,2026-06-25,14353.15,1070,Delivered
SHP002051,2026-05-09,2026-05-12,2026-05-19,Chandigarh,Raipur,North,FTL,CARR_12,CUST_090,2026-05-19,2026-05-14,12545.26,579,Delivered
SHP004047,2026-02-08,2026-02-08,2026-02-16,Bhubaneswar,Bhubaneswar,East,FTL,CARR_01,CUST_037,2026-02-16,2026-02-09,63786.89,2494,Delivered
SHP003930,2026-06-29,2026-07-01,2026-07-08,Bhopal,Raipur,Central,FTL,CARR_09,CUST_088,2026-07-08,2026-07-08,42872.88,1849,Delayed
SHP000070,2026-02-02,2026-02-03,2026-02-11,Chandigarh,Bhopal,North,FTL,CARR_06,CUST_032,2026-02-11,2026-02-05,52904.54,2320,Delivered
SHP002258,2026-06-05,2026-06-05,2026-06-13,Kolkata,Surat,East,FTL,CARR_08,CUST_073,2026-06-13,2026-06-07,1467.4,66,Delayed
SHP002951,2026-01-10,2026-01-13,2026-01-18,Pune,Bhubaneswar,West,FTL,CARR_14,CUST_090,2026-01-18,2026-01-17,8018.7,354,Delivered
SHP002008,2026-02-12,2026-02-12,2026-02-18,Nagpur,Bengaluru,Central,LTL,CARR_01,CUST_031,2026-02-18,,20450.86,1582,Cancelled
SHP001951,2026-05-11,2026-05-11,2026-05-14,Chandigarh,Chandigarh,North,PTL,CARR_04,CUST_074,2026-05-14,,16921.9,2116,Cancelled
SHP004362,2026-04-08,2026-04-08,2026-04-14,Bhubaneswar,Indore,East,FTL,CARR_09,CUST_030,2026-04-14,2026-04-17,62039.28,2203,Delivered
SHP003032,2026-04-02,2026-04-04,2026-04-10,Jaipur,Bhubaneswar,North,FTL,CARR_05,CUST_076,2026-04-10,2026-04-07,41404.59,1787,Delivered
SHP000317,2026-05-19,2026-05-20,2026-05-26,Bengaluru,Mumbai,South,FTL,CARR_01,CUST_041,2026-05-26,2026-05-26,21368.63,954,Delivered
SHP004983,2026-02-20,2026-02-21,2026-02-26,Lucknow,Raipur,North,PTL,CARR_13,CUST_107,2026-02-26,2026-03-02,18013.69,2132,Delivered
SHP003997,2026-01-19,2026-01-19,2026-01-22,Bengaluru,Patna,South,FTL,CARR_09,CUST_072,2026-01-22,,15725.61,636,Cancelled
SHP003689,2026-02-05,2026-02-07,2026-02-12,Guwahati,Surat,East,LTL,CARR_06,CUST_030,2026-02-12,2026-02-17,18646.3,1426,Delivered
SHP004381,2026-06-09,2026-06-10,2026-06-17,Indore,Ahmedabad,Central,FTL,CARR_08,CUST_001,2026-06-17,2026-06-14,56335.51,2145,Delivered
SHP002334,2026-04-17,2026-04-19,2026-04-23,Jaipur,Bhopal,North,PTL,CARR_05,CUST_019,2026-04-23,2026-04-27,8421.57,956,Delivered
SHP003820,2026-03-14,2026-03-16,2026-03-21,Kolkata,Lucknow,East,FTL,CARR_04,CUST_106,2026-03-21,2026-03-17,5687.75,254,Delivered
SHP001510,2026-02-26,2026-03-01,2026-03-05,Kolkata,Chandigarh,East,LTL,CARR_07,CUST_071,2026-03-05,2026-03-09,14004.67,116,Delivered
SHP001386,,2026-04-26,2026-05-01,Chandigarh,Guwahati,North,FTL,CARR_15,CUST_039,2026-05-01,2026-05-05,21098.58,822,Delivered
SHP002100,2026-01-08,2026-01-09,2026-01-13,Bhubaneswar,Bhopal,East,PTL,CARR_14,CUST_042,2026-01-13,2026-01-14,14608.97,1717,Delivered
SHP001629,2026-05-10,2026-05-11,2026-05-17,Surat,Patna,West,LTL,CARR_14,CUST_035,2026-05-17,2026-05-16,12404.73,986,Delayed
SHP004799,2026-05-12,2026-05-13,2026-05-15,Kochi,Chandigarh,South,FTL,CARR_11,CUST_042,2026-05-15,,52873.53,2256,Delivered
SHP003409,2026-03-01,2026-03-02,2026-03-08,Bengaluru,Bengaluru,South,FTL,CARR_02,CUST_087,2026-03-08,,52708.47,2033,Delivered
SHP001977,2026-04-13,2026-04-13,2026-04-17,Chandigarh,Mumbai,North,FTL,CARR_10,CUST_022,2026-04-17,2026-04-19,38286.76,1441,Delivered
SHP003041,2026-04-16,2026-04-19,2026-04-24,Lucknow,Surat,North,FTL,CARR_05,CUST_117,2026-04-24,2026-04-20,11442.64,518,Delayed
SHP000690,2026-06-07,2026-06-09,2026-06-13,Kolkata,Hyderabad,East,FTL,CARR_07,CUST_005,2026-06-13,2026-06-15,328004.27,1076,Delivered
SHP003039,2026-06-12,2026-06-13,2026-06-15,Guwahati,Kolkata,East,LTL,CARR_13,CUST_046,2026-06-15,2026-06-16,4582.19,439,Delayed
SHP000930,2026-01-03,2026-01-05,2026-01-13,Ahmedabad,Chennai,West,LTL,CARR_03,CUST_032,2026-01-13,2026-01-08,14035.55,1165,Delivered
SHP004718,2026-01-30,2026-02-02,2026-02-07,Raipur,Bhubaneswar,Central,FTL,CARR_11,CUST_020,2026-02-07,2026-02-12,56583.48,2193,Delivered
SHP000106,2026-05-21,2026-05-23,2026-05-31,Kochi,Jaipur,South,LTL,CARR_12,CUST_009,2026-05-31,,8869.95,695,Delayed
SHP003565,2026-06-27,2026-06-28,2026-07-06,Bengaluru,Bengaluru,South,FTL,CARR_06,CUST_103,2026-07-06,,53931.07,2007,Delivered
SHP000391,2026-01-26,2026-01-29,2026-02-01,Mumbai,Surat,West,LTL,CARR_13,CUST_090,2026-02-01,2026-02-06,4762.12,390,Delivered
SHP004263,2026-03-21,2026-03-24,2026-03-31,Jaipur,Chennai,North,FTL,CARR_06,CUST_112,2026-03-31,,49377.2,1901,Cancelled
SHP003575,2026-01-21,2026-01-21,2026-01-28,Guwahati,Mumbai,East,LTL,CARR_10,CUST_057,2026-01-28,2026-01-30,5623.73,434,Delivered
SHP000851,2026-04-11,2026-04-12,2026-04-14,Indore,Surat,Central,FTL,CARR_05,CUST_028,2026-04-14,2026-04-20,59420.27,2273,Delivered
SHP000030,2026-04-13,2026-04-14,2026-04-21,Surat,Nagpur,West,LTL,CARR_07,CUST_064,2026-04-21,2026-04-17,11050.23,72,Delayed
SHP004758,2026-03-22,2026-03-24,2026-03-30,Nagpur,Guwahati,Central,LTL,CARR_03,CUST_089,2026-03-30,2026-03-30,22350.69,2093,Delivered
SHP001289,2026-04-21,2026-04-21,2026-04-28,Bhopal,Jaipur,Central,LTL,CARR_14,CUST_097,2026-04-28,2026-04-27,14717.53,1245,Delivered
SHP004984,2026-05-18,2026-05-18,2026-05-26,Pune,Hyderabad,West,PTL,CARR_09,CUST_096,2026-05-26,2026-05-24,3207.54,442,Delivered
SHP000600,2026-02-08,2026-02-10,2026-02-18,Kochi,Indore,South,LTL,CARR_11,CUST_055,2026-02-18,2026-02-20,14031.38,1225,Delivered
SHP002802,2026-03-17,2026-03-20,2026-03-28,Jaipur,Chandigarh,North,LTL,CARR_01,CUST_033,2026-03-28,2026-03-22,7223.28,699,Delivered
SHP001333,2026-01-10,2026-01-13,2026-01-21,Chandigarh,Bhopal,North,LTL,CARR_06,CUST_002,2026-01-21,2026-01-15,24164.69,2140,Delivered
SHP004862,2026-06-25,2026-06-25,2026-07-03,Bhubaneswar,Chandigarh,East,FTL,CARR_07,CUST_084,2026-07-03,2026-07-03,438355.64,2238,Delivered
SHP000543,2026-03-19,2026-03-22,2026-03-26,Nagpur,Pune,Central,PTL,CARR_05,CUST_089,2026-03-26,2026-04-01,14931.25,1735,Delayed
SHP001483,2026-02-05,2026-02-07,2026-02-11,Chandigarh,Jaipur,North,PTL,CARR_10,CUST_098,2026-02-11,,958.89,121,Cancelled
SHP002137,2026-06-10,2026-06-13,2026-06-18,Patna,Nagpur,East,PTL,CARR_15,CUST_117,2026-06-18,2026-06-15,17381.79,2258,Delivered
SHP002561,2026-01-06,2026-01-07,2026-01-13,Mumbai,Lucknow,West,LTL,CARR_12,CUST_055,2026-01-13,2026-01-12,10069.0,736,Delivered
SHP001257,2026-06-08,2026-06-11,2026-06-13,Kochi,Ahmedabad,South,FTL,CARR_08,CUST_074,2026-06-13,,50069.14,2353,In-Transit
SHP000794,2026-02-20,2026-02-21,2026-02-27,Lucknow,Kochi,North,FTL,CARR_08,CUST_052,2026-02-27,2026-02-28,12289.98,560,Delivered
SHP001704,2026-03-20,2026-03-22,2026-03-24,Guwahati,Delhi,East,FTL,CARR_12,CUST_032,2026-03-24,,9579.02,372,In-Transit
SHP004850,2026-04-02,2026-04-05,2026-04-08,Nagpur,Kochi,Central,LTL,CARR_04,CUST_034,2026-04-08,2026-04-08,21179.02,1625,Delivered
SHP002660,2026-03-25,2026-03-28,2026-04-01,Jaipur,Delhi,North,PTL,CARR_09,CUST_119,2026-04-01,2026-04-03,14789.39,2025,Delivered
SHP004106,2026-01-12,2026-01-15,2026-01-21,Hyderabad,Chandigarh,South,LTL,CARR_05,CUST_017,2026-01-21,,18679.55,1456,In-Transit
SHP004161,2026-05-28,2026-05-28,2026-06-03,Patna,Jaipur,East,LTL,CARR_01,CUST_076,2026-06-03,2026-05-30,20603.37,1940,Delivered
SHP003034,2026-03-09,2026-03-10,2026-03-14,Kochi,Kolkata,South,LTL,CARR_04,CUST_093,2026-03-14,,18836.15,1424,Delivered
SHP003993,2026-04-28,2026-04-28,2026-05-05,Chandigarh,Mumbai,North,FTL,CARR_01,CUST_037,2026-05-05,,26734.67,1146,In-Transit
SHP000396,2026-05-17,2026-05-19,2026-05-25,Surat,Bhopal,West,LTL,CARR_09,CUST_087,2026-05-25,2026-05-27,20365.02,1557,Delayed
SHP001787,2026-05-10,2026-05-12,2026-05-17,Surat,Patna,West,LTL,CARR_02,CUST_018,2026-05-17,2026-05-16,2559.07,248,Delivered
SHP002771,2026-03-17,2026-03-17,2026-03-21,Chandigarh,Ahmedabad,North,FTL,CARR_08,CUST_049,2026-03-21,2026-03-22,16908.38,634,Delivered
SHP001577,2026-03-28,2026-03-29,2026-04-06,Bengaluru,Delhi,South,PTL,CARR_04,CUST_059,2026-04-06,2026-04-08,18373.3,2253,Delivered
SHP000614,2026-04-01,2026-04-01,2026-04-04,Patna,Patna,East,FTL,CARR_10,CUST_047,2026-04-04,2026-04-03,44908.53,1937,Delivered
SHP004915,2026-03-22,2026-03-23,2026-03-27,Patna,Nagpur,East,LTL,CARR_08,CUST_038,2026-03-27,2026-03-31,2764.18,264,Delivered
SHP004593,2026-02-13,2026-02-13,2026-02-21,Kochi,Jaipur,South,FTL,CARR_02,CUST_045,2026-02-21,,45581.82,2056,Delayed
SHP002644,2026-03-18,2026-03-20,2026-03-26,Ahmedabad,Jaipur,West,FTL,CARR_05,CUST_012,2026-03-26,,30151.35,1117,In-Transit
SHP000063,2026-03-15,2026-03-16,2026-03-24,Ahmedabad,Delhi,West,PTL,CARR_12,CUST_064,2026-03-24,2026-03-26,10937.14,1493,Delivered
SHP002497,2026-05-21,2026-05-24,2026-05-27,Guwahati,Mumbai,East,LTL,CARR_08,CUST_069,2026-05-27,2026-05-31,21145.91,1623,Delivered
SHP004341,2026-01-21,2026-01-23,2026-01-26,Mumbai,Bengaluru,West,FTL,CARR_13,CUST_080,2026-01-26,2026-01-28,21132.24,835,Delivered
SHP003060,2026-05-15,2026-05-15,2026-05-22,Kochi,Ahmedabad,South,FTL,CARR_05,CUST_102,2026-05-22,,27033.59,1041,Delivered
SHP002945,2026-01-27,2026-01-27,2026-02-01,Kolkata,Guwahati,East,LTL,CARR_05,CUST_017,2026-02-01,2026-02-05,16728.04,1309,Delivered
SHP000121,2026-05-15,2026-05-18,2026-05-21,Chandigarh,Nagpur,North,LTL,CARR_11,CUST_062,2026-05-21,2026-05-24,26050.41,1932,Delivered
SHP000653,2026-06-26,2026-06-27,2026-07-01,Chandigarh,Raipur,North,LTL,CARR_14,CUST_117,2026-07-01,2026-06-30,3607.17,334,Delivered
SHP002585,2026-03-24,2026-03-24,2026-03-31,Lucknow,Chandigarh,North,LTL,CARR_02,CUST_031,2026-03-31,2026-03-26,3882.68,351,Delivered
SHP002428,2026-02-07,2026-02-10,2026-02-18,Guwahati,Raipur,East,LTL,CARR_15,CUST_015,2026-02-18,2026-02-16,25449.32,2004,Delivered
SHP002166,2026-06-14,2026-06-14,2026-06-17,Nagpur,Bengaluru,Central,PTL,CARR_14,CUST_015,2026-06-17,2026-06-19,19562.7,2386,Delivered
SHP001360,2026-03-07,2026-03-07,2026-03-10,Kochi,Jaipur,South,LTL,CARR_08,CUST_055,2026-03-10,,15968.44,1367,Delivered
SHP004577,2026-03-09,2026-03-11,2026-03-13,Nagpur,Mumbai,Central,PTL,CARR_10,CUST_077,2026-03-13,2026-03-18,13881.42,1892,Delivered
SHP000025,2026-05-29,2026-05-31,2026-06-02,Indore,Delhi,Central,PTL,CARR_05,CUST_023,2026-06-02,,19552.48,2493,In-Transit
SHP000639,2026-01-03,2026-01-05,2026-01-10,Bhubaneswar,Hyderabad,East,FTL,CARR_06,CUST_089,2026-01-10,2026-01-09,64606.74,2374,Delayed
SHP000917,2026-05-26,2026-05-29,2026-06-02,Ahmedabad,Kochi,West,LTL,CARR_05,CUST_120,2026-06-02,2026-06-07,7214.94,649,Delivered
SHP001025,2026-01-02,2026-01-05,2026-01-10,Kolkata,Chandigarh,East,LTL,CARR_04,CUST_001,2026-01-10,2026-01-15,17139.32,1644,Delivered
SHP004981,2026-04-03,2026-04-06,2026-04-08,Bengaluru,Ahmedabad,South,LTL,CARR_02,CUST_043,2026-04-08,,17042.34,1471,Delivered
SHP003132,2026-03-24,2026-03-27,2026-04-02,Delhi,Jaipur,North,LTL,CARR_05,CUST_087,2026-04-02,2026-03-29,25561.99,1902,Delayed
SHP003975,2026-04-27,2026-04-27,2026-05-04,Pune,Hyderabad,West,LTL,CARR_11,CUST_031,2026-05-04,2026-05-04,9996.66,932,Delivered
SHP003865,2026-02-27,2026-02-28,2026-03-06,Jaipur,Raipur,North,PTL,CARR_02,CUST_050,2026-03-06,,10183.63,1331,Cancelled
SHP004182,2026-06-18,2026-06-19,2026-06-26,Raipur,Indore,Central,LTL,CARR_03,CUST_110,2026-06-26,2026-06-21,15557.01,1469,Delivered
SHP000693,2026-01-16,2026-01-18,2026-01-20,Raipur,Indore,Central,FTL,CARR_12,CUST_030,2026-01-20,2026-01-23,37879.06,1497,Delivered
SHP000035,2026-06-09,2026-06-09,2026-06-15,Ahmedabad,Pune,West,PTL,CARR_15,CUST_017,2026-06-15,2026-06-16,19811.62,2361,Delivered
SHP004072,2026-04-03,2026-04-06,2026-04-10,Bengaluru,Indore,South,LTL,CARR_01,CUST_083,2026-04-10,,22455.83,2194,Delivered
SHP003448,2026-04-21,2026-04-23,2026-04-27,Nagpur,Delhi,Central,PTL,CARR_06,CUST_065,2026-04-27,2026-04-27,20559.63,2352,Delivered
SHP001361,2026-06-30,2026-06-30,2026-07-08,Bhubaneswar,Patna,East,LTL,CARR_02,CUST_076,2026-07-08,,24585.68,2208,Cancelled
SHP001336,2026-03-01,2026-03-03,2026-03-07,Nagpur,Pune,Central,FTL,CARR_11,CUST_055,2026-03-07,2026-03-07,66641.05,2453,Delivered
SHP004863,2026-06-15,2026-06-17,2026-06-23,Bengaluru,Mumbai,South,LTL,CARR_02,CUST_030,2026-06-23,,8801.15,688,Delayed
SHP003606,2026-03-11,2026-03-14,2026-03-17,Jaipur,Kolkata,North,LTL,CARR_01,CUST_066,2026-03-17,2026-03-20,24530.47,2150,Delayed
SHP000645,2026-03-23,2026-03-24,2026-04-01,Ahmedabad,Chennai,West,LTL,CARR_02,CUST_017,2026-04-01,2026-04-03,21762.55,1742,Delivered
SHP004130,2026-02-09,2026-02-11,2026-02-14,Patna,Chandigarh,East,PTL,CARR_06,CUST_052,2026-02-14,2026-02-16,15107.93,1938,Delivered
SHP004515,2026-05-23,2026-05-26,2026-05-30,Kochi,Indore,South,FTL,CARR_09,CUST_088,2026-05-30,,15245.6,617,Delivered
SHP002121,2026-02-27,2026-02-28,2026-03-02,Bhubaneswar,Indore,East,FTL,CARR_07,CUST_118,2026-03-02,2026-03-08,341353.71,1555,Delivered
SHP003275,2026-05-02,2026-05-05,2026-05-10,Mumbai,Kochi,West,LTL,CARR_12,CUST_008,2026-05-10,2026-05-15,23350.99,1839,Delivered
SHP003777,2026-04-15,2026-04-17,2026-04-25,Ahmedabad,Mumbai,West,FTL,CARR_14,CUST_008,2026-04-25,2026-04-23,19398.45,696,Delivered
SHP002688,2026-06-15,2026-06-18,2026-06-20,Kochi,Kochi,South,FTL,CARR_06,CUST_001,2026-06-20,2026-06-19,8185.53,366,Delivered
SHP000730,2026-01-21,2026-01-22,2026-01-29,Surat,Bhubaneswar,West,PTL,CARR_06,CUST_068,2026-01-29,,10098.09,1187,Cancelled
SHP004643,2026-05-08,2026-05-10,2026-05-13,Jaipur,Hyderabad,North,PTL,CARR_09,CUST_003,2026-05-13,,3715.95,517,In-Transit
SHP001262,2026-04-05,2026-04-05,2026-04-07,Jaipur,Pune,North,FTL,CARR_15,CUST_058,2026-04-07,2026-04-06,19888.47,921,Delivered
SHP003151,2026-05-26,2026-05-28,2026-05-30,Patna,Lucknow,East,PTL,CARR_07,CUST_030,2026-05-30,,91670.79,1126,Cancelled
SHP002941,2026-03-17,2026-03-18,2026-03-26,Bhubaneswar,Chennai,East,PTL,CARR_11,CUST_009,2026-03-26,2026-03-23,2456.06,290,Delayed
SHP002743,2026-04-01,2026-04-02,2026-04-07,Guwahati,Kochi,East,FTL,CARR_01,CUST_048,2026-04-07,2026-04-05,17173.68,638,Delayed
SHP000469,2026-01-26,,2026-01-31,Patna,Guwahati,East,LTL,CARR_08,CUST_094,2026-01-31,2026-02-02,6534.64,614,Delivered
SHP000729,2026-05-11,2026-05-14,2026-05-21,Kochi,Jaipur,South,FTL,CARR_01,CUST_018,2026-05-21,,46979.68,1982,Delivered
SHP001087,2026-05-25,2026-05-27,2026-05-29,Jaipur,Nagpur,North,LTL,CARR_09,CUST_009,2026-05-29,2026-06-06,14870.58,1340,Delayed
SHP000493,2026-06-28,2026-06-28,2026-07-03,Jaipur,Ahmedabad,North,FTL,CARR_14,CUST_099,2026-07-03,2026-06-30,44302.0,1567,Delivered
SHP000817,2026-03-26,2026-03-26,2026-03-31,Surat,Chandigarh,West,LTL,CARR_01,CUST_081,2026-03-31,,2128.88,166,Cancelled
SHP004242,2026-03-28,2026-03-30,2026-04-01,Chennai,Hyderabad,South,FTL,CARR_10,CUST_079,2026-04-01,,49725.73,1808,Delivered
SHP000808,2026-06-12,2026-06-13,2026-06-19,Nagpur,Patna,Central,FTL,CARR_03,CUST_082,2026-06-19,2026-06-16,49449.36,1786,Delivered
SHP004192,2026-04-25,2026-04-28,2026-04-30,Chandigarh,Chandigarh,North,FTL,CARR_09,CUST_094,2026-04-30,,32631.29,1366,Cancelled
SHP001692,2026-02-04,2026-02-06,2026-02-14,Guwahati,Pune,East,LTL,CARR_05,CUST_006,2026-02-14,2026-02-09,27611.71,2347,Delivered
SHP000461,2026-02-07,2026-02-10,2026-02-12,Chennai,Pune,South,FTL,CARR_13,CUST_060,2026-02-12,,11855.28,527,Delivered
SHP003218,2026-06-27,2026-06-30,2026-07-04,Kochi,Raipur,South,LTL,CARR_03,CUST_086,2026-07-04,,5337.45,471,Delivered
SHP001089,2026-01-26,2026-01-27,2026-02-01,Surat,Indore,West,FTL,CARR_15,CUST_049,2026-02-01,2026-01-31,34754.38,1224,Delivered
SHP001418,2026-05-30,2026-05-30,2026-06-02,Hyderabad,Hyderabad,South,FTL,CARR_10,CUST_003,2026-06-02,,46236.79,1928,Delivered
SHP000125,2026-05-02,2026-05-05,2026-05-13,Bengaluru,Nagpur,South,LTL,CARR_15,CUST_113,2026-05-13,2026-05-09,13922.71,1226,Delivered
SHP001227,2026-01-15,2026-01-15,2026-01-18,Patna,Chandigarh,East,FTL,CARR_06,CUST_027,2026-01-18,2026-01-18,61823.79,2432,Delivered
SHP000709,2026-02-17,2026-02-20,2026-02-23,Kochi,Chennai,South,FTL,CARR_03,CUST_063,2026-02-23,,22447.32,863,Delivered
SHP001352,2026-01-29,2026-01-30,2026-02-07,Guwahati,Hyderabad,East,FTL,CARR_13,CUST_118,2026-02-07,2026-02-08,10151.84,362,Delayed
SHP001202,2026-03-22,2026-03-24,2026-03-26,Pune,Raipur,West,LTL,CARR_07,CUST_009,2026-03-26,,178367.49,1530,In-Transit
SHP003108,2026-05-25,2026-05-26,2026-05-28,Ahmedabad,Kolkata,West,FTL,CARR_11,CUST_096,2026-05-28,,53718.49,2037,In-Transit
SHP002090,2026-06-07,2026-06-07,2026-06-09,Jaipur,Patna,North,LTL,CARR_09,CUST_008,2026-06-09,,23169.91,1900,In-Transit
SHP002836,2026-01-20,2026-01-22,2026-01-29,Hyderabad,Lucknow,South,FTL,CARR_01,CUST_028,2026-01-29,,57044.12,2044,Delivered
SHP001214,2026-05-31,2026-06-01,2026-06-04,Kolkata,Kolkata,East,FTL,CARR_15,CUST_078,2026-06-04,2026-06-11,25836.8,1108,Delivered
SHP001326,2026-02-15,2026-02-17,2026-02-23,Hyderabad,Delhi,South,LTL,CARR_02,CUST_081,2026-02-23,,1381.62,123,Cancelled
SHP003209,2026-04-02,2026-04-04,2026-04-08,Ahmedabad,Hyderabad,West,PTL,CARR_14,CUST_007,2026-04-08,2026-04-12,8610.38,1058,Delivered
SHP004316,2026-03-06,2026-03-08,2026-03-13,Chennai,Raipur,South,LTL,CARR_01,CUST_087,2026-03-13,,4127.51,340,Delivered
SHP004365,2026-03-05,2026-03-06,2026-03-14,Chandigarh,Surat,North,FTL,CARR_04,CUST_111,2026-03-14,2026-03-08,39965.47,1437,Delivered
SHP000914,2026-05-17,2026-05-17,2026-05-24,Nagpur,Ahmedabad,Central,FTL,CARR_08,CUST_044,2026-05-24,,32438.13,1148,Cancelled
SHP001746,2026-01-05,2026-01-07,2026-01-11,Ahmedabad,Ahmedabad,West,LTL,CARR_01,CUST_062,2026-01-11,2026-01-13,14139.61,1128,Delivered
SHP003494,2026-01-09,2026-01-10,2026-01-18,Nagpur,Bhubaneswar,Central,PTL,CARR_03,CUST_056,2026-01-18,2026-01-13,5631.85,749,Delivered
SHP004726,2026-05-14,2026-05-15,2026-05-20,Chandigarh,Chandigarh,North,LTL,CARR_01,CUST_015,2026-05-20,2026-05-18,11509.84,1124,Delayed
SHP001614,2026-01-23,2026-01-24,2026-01-29,Bengaluru,Patna,South,LTL,CARR_07,CUST_055,2026-01-29,,95717.12,747,Delivered
SHP000354,2026-04-13,2026-04-16,2026-04-22,Jaipur,Bhopal,North,LTL,CARR_09,CUST_060,2026-04-22,2026-04-20,12756.9,1048,Delayed
SHP001306,2026-04-26,2026-04-27,2026-04-29,Kochi,Chandigarh,South,LTL,CARR_01,CUST_084,2026-04-29,,5434.74,497,In-Transit
SHP002074,2026-06-22,2026-06-25,2026-06-29,Raipur,Delhi,Central,PTL,CARR_09,CUST_044,2026-06-29,2026-06-29,16195.36,2101,Delayed
SHP004087,2026-03-28,2026-03-31,2026-04-05,Chandigarh,Lucknow,North,FTL,CARR_07,CUST_096,2026-04-05,2026-04-07,235952.4,998,Delayed
SHP002615,2026-04-25,2026-04-28,2026-05-06,Kochi,Mumbai,South,LTL,CARR_14,CUST_036,2026-05-06,,5633.76,504,Delivered
SHP002129,2026-04-12,2026-04-12,2026-04-15,Patna,Chandigarh,East,LTL,CARR_07,CUST_045,2026-04-15,2026-04-15,118249.49,874,Delayed
SHP001518,2026-03-25,2026-03-25,2026-03-29,Raipur,Bengaluru,Central,FTL,CARR_10,CUST_011,2026-03-29,2026-03-27,24180.03,987,Delivered
SHP001200,2026-05-03,2026-05-04,2026-05-12,Hyderabad,Lucknow,South,FTL,CARR_15,CUST_082,2026-05-12,,13097.9,519,Delivered
SHP000613,2026-05-08,2026-05-08,2026-05-11,Pune,Bengaluru,West,PTL,CARR_10,CUST_081,2026-05-11,2026-05-09,10684.99,1317,Delayed
SHP003385,2026-02-01,2026-02-01,2026-02-08,Chennai,Raipur,South,LTL,CARR_04,CUST_017,2026-02-08,,11362.0,1034,Delivered
SHP003932,2026-01-18,2026-01-21,2026-01-29,Surat,Chandigarh,West,FTL,CARR_01,CUST_011,2026-01-29,2026-01-22,10338.97,461,Delivered
SHP002225,2026-01-08,2026-01-10,2026-01-15,Bengaluru,Nagpur,South,FTL,CARR_08,CUST_029,2026-01-15,,25024.23,908,Delivered
SHP001566,2026-01-22,2026-01-24,2026-02-01,Hyderabad,Indore,South,FTL,CARR_15,CUST_029,2026-02-01,,15617.93,620,Delivered
SHP001883,2026-06-12,2026-06-14,2026-06-18,Bhopal,Patna,Central,PTL,CARR_11,CUST_057,2026-06-18,2026-06-18,9948.63,1160,Delayed
SHP003174,2026-04-12,2026-04-12,2026-04-16,Ahmedabad,Kochi,West,FTL,CARR_14,CUST_084,2026-04-16,2026-04-16,55593.57,2145,Delayed
SHP002628,,2026-05-04,2026-05-11,Bhubaneswar,Hyderabad,East,FTL,CARR_08,CUST_093,2026-05-11,2026-05-09,59793.02,2302,Delivered
SHP003365,2026-02-24,2026-02-27,2026-03-03,Bhubaneswar,Lucknow,East,FTL,CARR_07,CUST_076,2026-03-03,2026-03-02,73183.84,288,Delivered
SHP002063,2026-01-08,2026-01-11,2026-01-16,Ahmedabad,Chandigarh,West,PTL,CARR_03,CUST_016,2026-01-16,2026-01-15,19675.79,2332,Delivered
SHP004397,2026-04-04,2026-04-06,2026-04-10,Hyderabad,Kochi,South,LTL,CARR_11,CUST_104,2026-04-10,,21795.7,1868,Delivered
SHP002444,2026-04-15,2026-04-15,2026-04-17,Surat,Bhubaneswar,West,FTL,CARR_06,CUST_018,2026-04-17,2026-04-21,4247.76,173,Delayed
SHP004500,2026-03-05,2026-03-06,2026-03-14,Surat,Guwahati,West,FTL,CARR_05,CUST_068,2026-03-14,2026-03-12,34126.8,1367,Delivered
SHP002224,2026-04-09,2026-04-12,2026-04-15,Jaipur,Hyderabad,North,PTL,CARR_12,CUST_067,2026-04-15,2026-04-18,14512.73,2084,Delayed
SHP002101,2026-02-23,2026-02-25,2026-03-03,Ahmedabad,Bhubaneswar,West,LTL,CARR_13,CUST_100,2026-03-03,2026-03-03,22448.35,2142,Delivered
SHP000330,2026-03-11,2026-03-14,2026-03-21,Chennai,Lucknow,South,LTL,CARR_01,CUST_119,2026-03-21,2026-03-18,11376.64,880,Delivered
SHP003016,2026-03-30,2026-04-02,2026-04-06,Hyderabad,Bengaluru,South,FTL,CARR_03,CUST_102,2026-04-06,,59473.26,2346,Cancelled
SHP003903,2026-06-30,2026-07-02,2026-07-08,Raipur,Chandigarh,Central,PTL,CARR_09,CUST_021,2026-07-08,2026-07-05,17544.44,2289,Delivered
SHP000611,2026-05-09,2026-05-10,2026-05-16,Bengaluru,Guwahati,South,PTL,CARR_09,CUST_013,2026-05-16,,12830.67,1615,Cancelled
SHP004300,2026-05-09,2026-05-12,2026-05-14,Kochi,Delhi,South,FTL,CARR_10,CUST_087,2026-05-14,,39132.05,1553,Cancelled
SHP001763,2026-06-26,2026-06-28,2026-07-01,Bhubaneswar,Kolkata,East,FTL,CARR_02,CUST_103,2026-07-01,2026-06-30,45450.64,1614,Delivered
SHP001784,2026-02-17,2026-02-20,2026-02-27,Kochi,Kochi,South,FTL,CARR_08,CUST_076,2026-02-27,,8643.86,399,Delivered
SHP000755,2026-03-19,2026-03-22,2026-03-24,Lucknow,Bhopal,North,FTL,CARR_11,CUST_096,2026-03-24,2026-03-29,22787.29,803,Delivered
SHP004078,2026-04-07,2026-04-09,2026-04-14,Guwahati,Chennai,East,PTL,CARR_02,CUST_056,2026-04-14,2026-04-15,8598.66,962,Delivered
SHP004388,2026-06-30,2026-07-01,2026-07-04,Jaipur,Raipur,North,FTL,CARR_10,CUST_026,2026-07-04,2026-07-08,24539.91,1080,Delivered
SHP002747,2026-04-10,2026-04-12,2026-04-16,Guwahati,Patna,East,LTL,CARR_08,CUST_102,2026-04-16,2026-04-17,5557.69,516,Delivered
SHP004098,2026-02-28,2026-03-03,2026-03-05,Nagpur,Bhubaneswar,Central,LTL,CARR_07,CUST_055,2026-03-05,2026-03-07,162067.33,1519,Delivered
SHP001565,2026-05-25,2026-05-28,2026-05-31,Guwahati,Kolkata,East,FTL,CARR_14,CUST_064,2026-05-31,2026-05-29,26666.1,1186,Delivered
SHP001595,2026-02-21,2026-02-22,2026-02-27,Surat,Ahmedabad,West,LTL,CARR_12,CUST_067,2026-02-27,2026-02-25,3789.09,318,Delivered
SHP004275,2026-01-08,2026-01-11,2026-01-15,Kochi,Kochi,South,FTL,CARR_14,CUST_076,2026-01-15,,20982.96,947,In-Transit
SHP002731,2026-05-07,2026-05-07,2026-05-13,Kolkata,Nagpur,East,LTL,CARR_15,CUST_020,2026-05-13,,8316.05,707,Cancelled
SHP002844,2026-03-03,2026-03-05,2026-03-08,Bengaluru,Patna,South,LTL,CARR_14,CUST_005,2026-03-08,2026-03-09,9370.8,701,Delivered
SHP001682,2026-01-24,2026-01-26,2026-02-03,Pune,Hyderabad,West,FTL,CARR_09,CUST_050,2026-02-03,2026-01-28,8222.45,317,Delivered
SHP003918,2026-02-21,2026-02-23,2026-03-02,Indore,Kolkata,Central,FTL,CARR_02,CUST_101,2026-03-02,2026-02-26,41383.92,1626,Delivered
SHP002996,2026-02-10,2026-02-10,2026-02-13,Mumbai,Guwahati,West,FTL,CARR_15,CUST_052,2026-02-13,,45132.4,1598,Cancelled
SHP002829,2026-02-27,2026-03-02,2026-03-10,Surat,Surat,West,FTL,CARR_15,CUST_030,2026-03-10,2026-03-06,49539.15,2237,Delivered
SHP003184,2026-02-18,2026-02-18,2026-02-25,Indore,Delhi,Central,PTL,CARR_08,CUST_010,2026-02-25,2026-02-22,13967.68,2034,Delivered
SHP004344,2026-01-15,2026-01-17,2026-01-24,Bengaluru,Bengaluru,South,PTL,CARR_07,CUST_056,2026-01-24,,14203.71,162,Delayed
SHP001660,2026-04-06,2026-04-07,2026-04-13,Surat,Jaipur,West,FTL,CARR_11,CUST_014,2026-04-13,2026-04-12,21609.12,978,Delivered
SHP004591,2026-01-18,2026-01-21,2026-01-27,Chandigarh,Hyderabad,North,FTL,CARR_04,CUST_037,2026-01-27,,18125.11,672,In-Transit
SHP000290,2026-04-03,2026-04-05,2026-04-07,Guwahati,Lucknow,East,LTL,CARR_05,CUST_047,2026-04-07,,18464.89,1736,Cancelled
SHP002592,2026-05-25,2026-05-26,2026-05-30,Bhopal,Delhi,Central,LTL,CARR_13,CUST_023,2026-05-30,2026-06-04,3760.13,287,Delivered
SHP002376,2026-04-20,2026-04-20,2026-04-28,Surat,Bengaluru,West,LTL,CARR_09,CUST_065,2026-04-28,2026-04-21,8064.02,708,Delayed
SHP002985,2026-06-14,2026-06-16,2026-06-24,Chennai,Indore,South,LTL,CARR_12,CUST_009,2026-06-24,,9424.48,690,Delivered
SHP002733,2026-01-13,,2026-01-20,Indore,Bengaluru,Central,LTL,CARR_14,CUST_061,2026-01-20,2026-01-19,28010.81,2175,Delivered
SHP003079,2026-04-07,2026-04-10,2026-04-17,Pune,Ahmedabad,West,PTL,CARR_13,CUST_009,2026-04-17,2026-04-17,11685.32,1527,Delivered
SHP002865,2026-04-18,2026-04-21,2026-04-29,Surat,Hyderabad,West,FTL,CARR_06,CUST_020,2026-04-29,2026-04-25,41985.17,1899,Delivered
SHP003947,2026-01-10,2026-01-11,2026-01-15,Bhubaneswar,Kolkata,East,FTL,CARR_07,CUST_036,2026-01-15,,188026.59,767,In-Transit
SHP000635,2026-02-05,2026-02-06,2026-02-13,Chennai,Kolkata,South,PTL,CARR_01,CUST_042,2026-02-13,2026-02-08,4227.18,568,Delivered
SHP002544,2026-06-21,2026-06-22,2026-06-27,Indore,Bengaluru,Central,FTL,CARR_05,CUST_100,2026-06-27,2026-07-02,63939.28,2278,Delivered
SHP001860,2026-03-01,2026-03-01,2026-03-08,Hyderabad,Kolkata,South,FTL,CARR_02,CUST_110,2026-03-08,,58384.32,2327,Delivered
SHP004197,2026-05-30,2026-06-02,2026-06-10,Indore,Bhubaneswar,Central,FTL,CARR_09,CUST_025,2026-06-10,2026-06-01,17724.2,761,Delivered
SHP002709,2026-05-20,2026-05-23,2026-05-27,Bhubaneswar,Kochi,East,PTL,CARR_08,CUST_110,2026-05-27,2026-05-25,12048.11,1407,Delivered
SHP002072,2026-06-15,2026-06-17,2026-06-24,Bhubaneswar,Raipur,East,FTL,CARR_14,CUST_097,2026-06-24,2026-06-23,48354.06,1868,Delivered
SHP001813,2026-02-26,2026-02-28,2026-03-03,Chennai,Patna,South,LTL,CARR_09,CUST_089,2026-03-03,,14047.8,1066,Cancelled
SHP001225,,2026-02-04,2026-02-08,Chennai,Chennai,South,LTL,CARR_04,CUST_002,2026-02-08,,20764.68,1693,Delivered
SHP003504,2026-01-06,2026-01-06,2026-01-12,Patna,Chandigarh,East,LTL,CARR_15,CUST_034,2026-01-12,2026-01-08,23826.51,2289,Delivered
SHP001163,2026-01-30,2026-01-30,2026-02-04,Raipur,Indore,Central,FTL,CARR_03,CUST_114,2026-02-04,2026-02-06,42776.42,1868,Delivered
SHP003421,2026-03-15,2026-03-16,2026-03-21,Lucknow,Hyderabad,North,LTL,CARR_08,CUST_066,2026-03-21,2026-03-19,26799.61,1965,Delayed
SHP004254,2026-05-27,2026-05-27,2026-06-03,Ahmedabad,Lucknow,West,LTL,CARR_10,CUST_033,2026-06-03,2026-06-04,1981.51,169,Delivered
SHP002019,2026-03-03,2026-03-03,2026-03-11,Bengaluru,Pune,South,LTL,CARR_01,CUST_020,2026-03-11,,29889.36,2387,Cancelled
SHP003755,2026-01-14,2026-01-16,2026-01-22,Surat,Pune,West,PTL,CARR_06,CUST_064,2026-01-22,,16167.49,2220,In-Transit
SHP004013,2026-06-16,2026-06-18,2026-06-23,Pune,Delhi,West,LTL,CARR_05,CUST_070,2026-06-23,2026-06-23,4102.27,370,Delivered
SHP003880,2026-03-24,2026-03-26,2026-03-30,Patna,Bhubaneswar,East,PTL,CARR_13,CUST_041,2026-03-30,2026-03-28,8153.15,1156,Delivered
SHP004985,2026-05-01,2026-05-04,2026-05-08,Delhi,Chennai,North,PTL,CARR_10,CUST_101,2026-05-08,2026-05-05,6647.35,955,Delivered
SHP003748,2026-04-09,2026-04-10,2026-04-17,Delhi,Raipur,North,LTL,CARR_13,CUST_014,2026-04-17,2026-04-17,29012.11,2399,Delivered
SHP003196,2026-03-07,2026-03-10,2026-03-15,Raipur,Kolkata,Central,PTL,CARR_11,CUST_006,2026-03-15,2026-03-12,11131.89,1269,Delivered
SHP002636,2026-04-17,2026-04-17,2026-04-20,Lucknow,Patna,North,FTL,CARR_08,CUST_047,2026-04-20,2026-04-25,1743.02,77,Delivered
SHP003560,2026-05-06,2026-05-09,2026-05-11,Nagpur,Indore,Central,FTL,CARR_15,CUST_049,2026-05-11,,43381.98,1825,In-Transit
SHP004774,2026-06-04,2026-06-06,2026-06-11,Guwahati,Lucknow,East,PTL,CARR_13,CUST_009,2026-06-11,2026-06-11,13767.95,1922,Delivered
SHP003804,2026-05-04,2026-05-04,2026-05-09,Bhopal,Surat,Central,PTL,CARR_05,CUST_060,2026-05-09,2026-05-01,18712.91,2430,Delivered
SHP003796,2026-05-14,2026-05-14,2026-05-22,Mumbai,Mumbai,West,FTL,CARR_04,CUST_081,2026-05-22,2026-05-17,36601.21,1438,Delivered
SHP004586,2026-03-24,2026-03-27,2026-04-03,Chennai,Lucknow,South,FTL,CARR_10,CUST_114,2026-04-03,,26104.65,1191,Delivered
SHP000460,2026-04-12,2026-04-14,2026-04-17,Raipur,Bhubaneswar,Central,LTL,CARR_12,CUST_087,2026-04-17,2026-04-13,6180.72,603,Delivered
SHP002740,2026-01-25,2026-01-26,2026-01-30,Chennai,Hyderabad,South,FTL,CARR_12,CUST_019,2026-01-30,,55080.88,2026,Delayed
SHP001493,2026-06-20,2026-06-20,2026-06-27,Raipur,Chandigarh,Central,FTL,CARR_11,CUST_101,2026-06-27,,10420.44,411,In-Transit
SHP003489,2026-02-15,2026-02-17,2026-02-19,Bengaluru,Guwahati,South,FTL,CARR_07,CUST_055,2026-02-19,,447014.43,1806,Delivered
SHP003019,2026-02-09,2026-02-09,2026-02-17,Surat,Mumbai,West,LTL,CARR_11,CUST_047,2026-02-17,,17815.67,1410,Cancelled
SHP003056,2026-05-28,2026-05-31,2026-06-04,Kolkata,Raipur,East,LTL,CARR_13,CUST_023,2026-06-04,2026-06-01,25754.85,2192,Delivered
SHP000036,2026-04-08,2026-04-10,2026-04-14,Guwahati,Patna,East,LTL,CARR_06,CUST_098,2026-04-14,,4578.85,385,In-Transit
SHP000160,2026-06-15,2026-06-15,2026-06-22,Kolkata,Chandigarh,East,LTL,CARR_06,CUST_022,2026-06-22,2026-06-25,23065.36,1686,Delivered
SHP001069,2026-02-23,2026-02-23,2026-03-03,Kolkata,Mumbai,East,FTL,CARR_14,CUST_021,2026-03-03,2026-02-24,17233.48,661,Delivered
SHP004297,2026-04-24,2026-04-25,2026-04-27,Pune,Ahmedabad,West,LTL,CARR_01,CUST_007,2026-04-27,2026-04-28,7273.81,615,Delivered
SHP000601,2026-05-03,2026-05-03,2026-05-09,Delhi,Chennai,North,FTL,CARR_07,CUST_058,2026-05-09,2026-05-05,466672.02,1800,Delivered
SHP001433,2026-02-17,2026-02-19,2026-02-23,Raipur,Chennai,Central,LTL,CARR_04,CUST_039,2026-02-23,2026-02-24,21194.41,1887,Delivered
SHP004831,2026-06-02,2026-06-04,2026-06-12,Mumbai,Bengaluru,West,PTL,CARR_13,CUST_084,2026-06-12,2026-06-08,11706.97,1591,Delivered
SHP002389,2026-02-15,2026-02-17,2026-02-24,Kolkata,Bhubaneswar,East,FTL,CARR_06,CUST_098,2026-02-24,2026-02-25,36536.59,1280,Delivered
SHP001113,2026-03-22,2026-03-22,2026-03-24,Surat,Surat,West,FTL,CARR_03,CUST_098,2026-03-24,2026-03-29,10353.58,474,Delivered
SHP002742,2026-05-14,2026-05-17,2026-05-23,Nagpur,Raipur,Central,FTL,CARR_12,CUST_045,2026-05-23,,22897.61,825,In-Transit
SHP002112,2026-05-17,2026-05-18,2026-05-22,Kochi,Nagpur,South,PTL,CARR_02,CUST_072,2026-05-22,,10994.33,1210,Delivered
SHP004493,2026-02-08,2026-02-08,2026-02-14,Lucknow,Lucknow,North,FTL,CARR_02,CUST_084,2026-02-14,,58621.82,2236,Cancelled
SHP000046,2026-05-23,2026-05-26,2026-06-01,Chandigarh,Hyderabad,North,FTL,CARR_04,CUST_016,2026-06-01,2026-06-05,26363.94,974,Delivered
SHP000478,2026-02-11,2026-02-12,2026-02-15,Surat,Surat,West,LTL,CARR_07,CUST_106,2026-02-15,2026-02-21,221174.04,2035,Delivered
SHP003247,2026-05-26,2026-05-27,2026-06-01,Delhi,Indore,North,LTL,CARR_11,CUST_088,2026-06-01,2026-06-06,3046.59,270,Delivered
SHP000057,2026-06-16,2026-06-17,2026-06-19,Guwahati,Surat,East,PTL,CARR_13,CUST_106,2026-06-19,2026-06-25,4539.12,567,Delivered
SHP003190,2026-02-04,2026-02-06,2026-02-13,Chennai,Hyderabad,South,FTL,CARR_07,CUST_033,2026-02-13,2026-02-15,353657.45,1631,Delivered
SHP000866,2026-03-03,2026-03-03,2026-03-07,Ahmedabad,Kochi,West,FTL,CARR_06,CUST_095,2026-03-07,2026-03-08,15431.78,710,Delivered
SHP004214,2026-05-03,2026-05-03,2026-05-05,Raipur,Ahmedabad,Central,PTL,CARR_01,CUST_046,2026-05-05,2026-05-11,12696.57,1531,Delivered
SHP003672,2026-06-25,2026-06-27,2026-06-29,Ahmedabad,Chandigarh,West,PTL,CARR_07,CUST_062,2026-06-29,2026-07-07,131264.37,1926,Delivered
SHP000450,2026-02-07,2026-02-07,2026-02-09,Raipur,Surat,Central,FTL,CARR_12,CUST_111,2026-02-09,2026-02-13,24540.99,884,Delivered
SHP001848,2026-05-13,2026-05-15,2026-05-19,Ahmedabad,Raipur,West,LTL,CARR_11,CUST_075,2026-05-19,2026-05-24,22633.86,2166,Delivered
SHP004340,2026-05-06,2026-05-06,2026-05-11,Ahmedabad,Surat,West,FTL,CARR_04,CUST_060,2026-05-11,2026-05-16,31243.8,1088,Delivered
SHP004980,2026-02-01,2026-02-01,2026-02-04,Pune,Hyderabad,West,LTL,CARR_15,CUST_092,2026-02-04,2026-02-03,23869.03,2317,Delivered
SHP003658,2026-04-16,2026-04-18,2026-04-20,Hyderabad,Jaipur,South,FTL,CARR_01,CUST_058,2026-04-20,,64096.05,2329,Delivered
SHP000019,2026-04-05,,2026-04-12,Indore,Hyderabad,Central,PTL,CARR_15,CUST_032,2026-04-12,2026-04-10,19311.33,2275,Delivered
SHP001663,2026-01-12,2026-01-14,2026-01-19,Mumbai,Ahmedabad,West,LTL,CARR_05,CUST_009,2026-01-19,2026-01-15,7911.18,644,Delivered
SHP002014,2026-06-20,2026-06-23,2026-07-01,Raipur,Patna,Central,LTL,CARR_02,CUST_055,2026-07-01,2026-06-20,5444.0,443,Delivered
SHP003653,2026-02-08,2026-02-11,2026-02-19,Raipur,Mumbai,Central,FTL,CARR_04,CUST_043,2026-02-19,,15064.93,563,In-Transit
SHP003875,2026-03-06,2026-03-09,2026-03-13,Jaipur,Raipur,North,FTL,CARR_01,CUST_071,2026-03-13,2026-03-19,30455.57,1159,Delivered
SHP003144,2026-03-29,2026-03-29,2026-04-05,Guwahati,Delhi,East,PTL,CARR_03,CUST_086,2026-04-05,2026-03-30,6525.87,813,Delivered
SHP000521,2026-02-10,2026-02-12,2026-02-15,Chennai,Guwahati,South,PTL,CARR_11,CUST_061,2026-02-15,,17960.69,2108,Delivered
SHP002311,2026-01-27,2026-01-30,2026-02-02,Hyderabad,Lucknow,South,LTL,CARR_01,CUST_110,2026-02-02,,11798.28,1056,Delivered
SHP001531,2026-03-15,2026-03-18,2026-03-22,Pune,Nagpur,West,FTL,CARR_04,CUST_085,2026-03-22,2026-03-27,56369.32,2098,Delivered
SHP003562,2026-03-19,2026-03-22,2026-03-25,Hyderabad,Lucknow,South,FTL,CARR_09,CUST_064,2026-03-25,,32514.43,1338,Delivered
SHP000489,2026-01-11,2026-01-11,2026-01-19,Chennai,Raipur,South,PTL,CARR_09,CUST_058,2026-01-19,,10325.3,1234,Delivered
SHP004698,2026-03-05,2026-03-06,2026-03-14,Kolkata,Bhubaneswar,East,PTL,CARR_11,CUST_092,2026-03-14,2026-03-12,5769.82,687,Delivered
SHP002934,2026-06-27,2026-06-28,2026-07-05,Nagpur,Kolkata,Central,FTL,CARR_15,CUST_021,2026-07-05,2026-07-02,45041.39,1930,Delivered
SHP000524,2026-02-25,2026-02-28,2026-03-08,Hyderabad,Indore,South,LTL,CARR_02,CUST_090,2026-03-08,,24612.7,2314,Delivered
SHP003873,2026-03-18,2026-03-21,2026-03-26,Bhubaneswar,Pune,East,FTL,CARR_11,CUST_069,2026-03-26,2026-03-28,4226.22,195,Delivered
SHP004355,2026-04-03,2026-04-03,2026-04-06,Patna,Jaipur,East,FTL,CARR_09,CUST_068,2026-04-06,2026-04-11,15967.73,665,Delivered
SHP003628,2026-03-17,2026-03-19,2026-03-21,Delhi,Mumbai,North,FTL,CARR_08,CUST_097,2026-03-21,2026-03-26,51725.96,2258,Delayed
SHP004950,2026-06-28,2026-06-29,2026-07-01,Hyderabad,Surat,South,FTL,CARR_15,CUST_023,2026-07-01,,41826.75,1899,Delivered
SHP003183,2026-04-20,2026-04-23,2026-04-29,Pune,Indore,West,FTL,CARR_01,CUST_028,2026-04-29,,2608.96,108,In-Transit
SHP002115,2026-03-11,2026-03-12,2026-03-17,Bhopal,Raipur,Central,LTL,CARR_14,CUST_039,2026-03-17,2026-03-17,26042.07,2206,Delivered
SHP004270,2026-03-26,2026-03-28,2026-04-04,Surat,Patna,West,LTL,CARR_14,CUST_073,2026-04-04,2026-04-01,5505.58,433,Delivered
SHP002007,2026-02-03,2026-02-04,2026-02-06,Raipur,Indore,Central,LTL,CARR_05,CUST_093,2026-02-06,2026-02-14,11814.91,955,Delivered
SHP000349,2026-04-23,2026-04-23,2026-04-26,Hyderabad,Chennai,South,FTL,CARR_09,CUST_041,2026-04-26,,16195.08,695,Delivered
SHP001617,2026-01-08,2026-01-08,2026-01-16,Nagpur,Surat,Central,LTL,CARR_06,CUST_083,2026-01-16,2026-01-15,23933.18,2039,Delivered
SHP000670,2026-06-18,2026-06-21,2026-06-25,Mumbai,Indore,West,FTL,CARR_11,CUST_115,2026-06-25,,15350.77,620,In-Transit
SHP004936,2026-06-27,2026-06-28,2026-07-01,Hyderabad,Bhopal,South,FTL,CARR_11,CUST_051,2026-07-01,,43169.66,1502,Delivered
SHP004181,2026-04-21,2026-04-24,2026-04-28,Guwahati,Guwahati,East,FTL,CARR_13,CUST_065,2026-04-28,2026-04-27,3112.48,114,Delivered
SHP002057,2026-02-23,2026-02-24,2026-02-27,Nagpur,Ahmedabad,Central,LTL,CARR_01,CUST_118,2026-02-27,,7989.73,735,Cancelled
SHP002220,2026-04-10,2026-04-12,2026-04-14,Ahmedabad,Jaipur,West,PTL,CARR_05,CUST_094,2026-04-14,2026-04-18,2732.99,380,Delivered
SHP002523,2026-04-14,2026-04-14,2026-04-18,Kolkata,Nagpur,East,FTL,CARR_08,CUST_003,2026-04-18,2026-04-21,33966.48,1310,Delivered
SHP000431,2026-01-16,2026-01-17,2026-01-22,Ahmedabad,Raipur,West,PTL,CARR_12,CUST_081,2026-01-22,,4831.87,655,In-Transit
SHP000509,2026-03-23,2026-03-26,2026-03-28,Chennai,Chennai,South,LTL,CARR_12,CUST_048,2026-03-28,,26712.28,2455,Delivered
SHP002172,2026-03-06,2026-03-07,2026-03-13,Bengaluru,Hyderabad,South,FTL,CARR_14,CUST_097,2026-03-13,,43859.85,1786,Delivered
SHP004280,2026-02-17,2026-02-20,2026-02-24,Surat,Nagpur,West,FTL,CARR_07,CUST_068,2026-02-24,,362679.65,1290,Cancelled
SHP000685,2026-06-30,2026-07-03,2026-07-05,Bhubaneswar,Bhopal,East,FTL,CARR_15,CUST_053,2026-07-05,,24803.8,883,Cancelled
SHP003665,2026-01-03,2026-01-05,2026-01-10,Hyderabad,Mumbai,South,FTL,CARR_08,CUST_114,2026-01-10,,55053.6,2061,Delivered
SHP000182,2026-04-12,2026-04-14,2026-04-22,Bhopal,Jaipur,Central,FTL,CARR_15,CUST_008,2026-04-22,2026-04-23,42771.35,1751,Delivered
SHP001284,2026-01-06,2026-01-07,2026-01-12,Bhopal,Bhubaneswar,Central,LTL,CARR_15,CUST_106,2026-01-12,2026-01-09,24137.63,1966,Delivered
SHP004410,2026-01-19,2026-01-19,2026-01-22,Pune,Hyderabad,West,FTL,CARR_09,CUST_037,2026-01-22,2026-01-23,12795.9,575,Delivered
SHP004359,2026-06-11,2026-06-12,2026-06-18,Surat,Mumbai,West,LTL,CARR_14,CUST_062,2026-06-18,,23183.94,1708,Cancelled
SHP000559,2026-05-29,2026-05-29,2026-06-03,Bhubaneswar,Kochi,East,FTL,CARR_06,CUST_097,2026-06-03,2026-06-03,18416.65,720,Delivered
SHP000002,2026-01-02,2026-01-03,2026-01-07,Raipur,Kochi,Central,LTL,CARR_13,CUST_112,2026-01-07,2026-01-10,12782.55,1188,Delayed
SHP001609,2026-02-05,2026-02-08,2026-02-12,Bengaluru,Bengaluru,South,PTL,CARR_08,CUST_089,2026-02-12,,5626.07,649,Delivered
SHP004864,2026-03-30,2026-04-01,2026-04-04,Kolkata,Lucknow,East,LTL,CARR_14,CUST_001,2026-04-04,2026-04-04,4782.75,358,Delivered
SHP004674,2026-06-05,,2026-06-16,Jaipur,Bhubaneswar,North,LTL,CARR_04,CUST_102,2026-06-16,2026-06-09,15744.89,1323,Delivered
SHP001196,2026-06-05,,2026-06-16,Delhi,Raipur,North,FTL,CARR_03,CUST_050,2026-06-16,,57907.42,2121,Cancelled
SHP000181,2026-02-03,2026-02-06,2026-02-11,Bhopal,Bhopal,Central,PTL,CARR_15,CUST_041,2026-02-11,2026-02-16,12540.0,1546,Delivered
SHP003886,2026-05-27,2026-05-27,2026-06-01,Chandigarh,Delhi,North,FTL,CARR_06,CUST_039,2026-06-01,2026-06-01,3800.91,157,Delivered
SHP001684,2026-05-15,2026-05-18,2026-05-24,Patna,Hyderabad,East,FTL,CARR_06,CUST_014,2026-05-24,2026-05-25,29197.25,1092,Delivered
SHP002073,2026-05-08,2026-05-09,2026-05-16,Bhubaneswar,Bhopal,East,PTL,CARR_08,CUST_087,2026-05-16,2026-05-12,11878.46,1744,Delayed
SHP002089,2026-01-03,2026-01-04,2026-01-10,Guwahati,Indore,East,LTL,CARR_04,CUST_104,2026-01-10,2026-01-09,17654.8,1488,Delivered
SHP004563,2026-04-26,2026-04-27,2026-05-02,Chennai,Kochi,South,PTL,CARR_10,CUST_017,2026-05-02,,1109.49,156,Delivered
SHP003786,2026-06-28,2026-06-28,2026-07-05,Bhubaneswar,Chandigarh,East,LTL,CARR_13,CUST_053,2026-07-05,2026-06-29,3920.78,338,Delivered
SHP004552,2026-03-11,2026-03-12,2026-03-14,Bengaluru,Kochi,South,FTL,CARR_09,CUST_102,2026-03-14,,4176.89,149,Delivered
SHP004781,2026-05-06,2026-05-09,2026-05-16,Indore,Kochi,Central,FTL,CARR_03,CUST_042,2026-05-16,2026-05-19,49048.42,2141,Delivered
SHP000210,2026-04-25,2026-04-25,2026-04-30,Raipur,Hyderabad,Central,PTL,CARR_06,CUST_024,2026-04-30,,14522.44,1954,Cancelled
SHP000421,2026-05-08,2026-05-09,2026-05-11,Ahmedabad,Kochi,West,FTL,CARR_05,CUST_063,2026-05-11,,12240.05,457,Cancelled
SHP002662,2026-04-30,,2026-05-08,Bhubaneswar,Delhi,East,FTL,CARR_03,CUST_033,2026-05-08,2026-05-02,46780.23,1842,Delivered
SHP000465,2026-06-22,2026-06-24,2026-07-02,Guwahati,Hyderabad,East,LTL,CARR_07,CUST_054,2026-07-02,,80970.17,713,In-Transit
SHP003983,2026-06-08,2026-06-10,2026-06-14,Indore,Bengaluru,Central,FTL,CARR_07,CUST_082,2026-06-14,,140677.29,571,Cancelled
SHP004428,2026-01-05,2026-01-07,2026-01-10,Chandigarh,Jaipur,North,PTL,CARR_09,CUST_101,2026-01-10,2026-01-16,21188.48,2450,Delivered
SHP000135,2026-01-01,2026-01-01,2026-01-06,Kolkata,Kochi,East,LTL,CARR_12,CUST_029,2026-01-06,2026-01-06,26737.24,2280,Delivered
SHP002641,2026-03-07,2026-03-09,2026-03-12,Surat,Raipur,West,LTL,CARR_14,CUST_042,2026-03-12,2026-03-16,16029.17,1347,Delivered
SHP002088,2026-04-14,2026-04-16,2026-04-18,Bhopal,Mumbai,Central,LTL,CARR_11,CUST_103,2026-04-18,2026-04-18,20092.29,1800,Delivered
SHP000133,2026-01-12,2026-01-15,2026-01-22,Lucknow,Kolkata,North,LTL,CARR_10,CUST_010,2026-01-22,2026-01-21,3778.09,311,Delivered
SHP000530,2026-03-24,2026-03-25,2026-03-30,Raipur,Mumbai,Central,FTL,CARR_02,CUST_046,2026-03-30,2026-03-26,28702.11,1345,Delivered
SHP001768,2026-04-10,2026-04-12,2026-04-20,Nagpur,Chandigarh,Central,PTL,CARR_11,CUST_021,2026-04-20,2026-04-18,12533.19,1690,Delivered
SHP002706,2026-05-07,2026-05-07,2026-05-14,Patna,Kochi,East,FTL,CARR_03,CUST_001,2026-05-14,2026-05-12,44415.99,2061,Delivered
SHP003393,2026-06-18,2026-06-20,2026-06-26,Bengaluru,Chandigarh,South,FTL,CARR_10,CUST_105,2026-06-26,,19362.6,764,In-Transit
SHP003377,2026-05-14,2026-05-14,2026-05-16,Nagpur,Lucknow,Central,FTL,CARR_05,CUST_099,2026-05-16,2026-05-23,54114.96,2239,Delivered
SHP000216,2026-06-25,2026-06-25,2026-06-28,Bhubaneswar,Bhubaneswar,East,PTL,CARR_14,CUST_090,2026-06-28,2026-06-29,11696.8,1280,Delivered
SHP004289,2026-04-11,2026-04-13,2026-04-19,Mumbai,Lucknow,West,LTL,CARR_11,CUST_033,2026-04-19,2026-04-16,28544.43,2096,Delivered
SHP004342,2026-02-09,2026-02-11,2026-02-17,Ahmedabad,Jaipur,West,FTL,CARR_05,CUST_024,2026-02-17,2026-02-17,17227.85,620,Delivered
SHP002956,2026-03-11,2026-03-12,2026-03-19,Chandigarh,Nagpur,North,LTL,CARR_08,CUST_019,2026-03-19,2026-03-13,21492.89,1795,Delivered
SHP003772,2026-04-25,2026-04-26,2026-04-29,Delhi,Guwahati,North,LTL,CARR_05,CUST_016,2026-04-29,2026-05-04,12064.9,1160,Delivered
SHP001522,2026-01-05,2026-01-05,2026-01-10,Kolkata,Bhubaneswar,East,LTL,CARR_10,CUST_019,2026-01-10,,11739.59,1073,In-Transit
SHP000104,2026-04-24,2026-04-24,2026-04-27,Bhopal,Nagpur,Central,LTL,CARR_06,CUST_048,2026-04-27,2026-05-04,25553.62,2218,Delivered
SHP004895,2026-05-31,2026-05-31,2026-06-04,Ahmedabad,Chandigarh,West,LTL,CARR_04,CUST_093,2026-06-04,,19092.88,1598,In-Transit
SHP002853,2026-01-07,2026-01-08,2026-01-15,Kochi,Guwahati,South,FTL,CARR_12,CUST_091,2026-01-15,,17900.71,839,Delivered
SHP001256,2026-04-22,2026-04-22,2026-04-29,Nagpur,Bhubaneswar,Central,FTL,CARR_05,CUST_086,2026-04-29,2026-04-30,35432.31,1270,Delivered
SHP003951,2026-04-15,2026-04-18,2026-04-23,Bhopal,Delhi,Central,PTL,CARR_14,CUST_038,2026-04-23,2026-04-17,3704.79,523,Delivered
SHP003626,2026-03-17,2026-03-18,2026-03-20,Ahmedabad,Chandigarh,West,PTL,CARR_10,CUST_098,2026-03-20,,2853.62,398,In-Transit
SHP003055,2026-03-18,2026-03-18,2026-03-21,Chandigarh,Lucknow,North,LTL,CARR_12,CUST_005,2026-03-21,2026-03-25,14325.12,1053,Delivered
SHP004878,2026-01-28,2026-01-31,2026-02-06,Kochi,Hyderabad,South,LTL,CARR_14,CUST_055,2026-02-06,,25692.27,2352,Delivered
SHP002973,2026-05-17,2026-05-17,2026-05-20,Raipur,Bhubaneswar,Central,FTL,CARR_10,CUST_009,2026-05-20,2026-05-20,53149.64,2266,Delivered
SHP001329,2026-02-15,2026-02-16,2026-02-21,Bhubaneswar,Mumbai,East,PTL,CARR_05,CUST_084,2026-02-21,2026-02-24,8367.48,946,Delivered
SHP000934,2026-06-13,2026-06-14,2026-06-22,Jaipur,Pune,North,LTL,CARR_04,CUST_056,2026-06-22,,32197.25,2468,In-Transit
SHP004183,2026-06-08,2026-06-08,2026-06-15,Pune,Chandigarh,West,FTL,CARR_08,CUST_010,2026-06-15,2026-06-18,22661.96,857,Delivered
SHP003269,2026-03-13,2026-03-16,2026-03-19,Kochi,Delhi,South,LTL,CARR_04,CUST_020,2026-03-19,,18852.79,1645,Delivered
SHP004572,2026-06-10,2026-06-12,2026-06-19,Jaipur,Hyderabad,North,FTL,CARR_09,CUST_090,2026-06-19,2026-06-19,23962.32,958,Delivered
SHP001239,2026-02-08,2026-02-10,2026-02-12,Chennai,Jaipur,South,LTL,CARR_15,CUST_021,2026-02-12,,18544.99,1371,Delayed
SHP002869,2026-05-05,2026-05-08,2026-05-12,Lucknow,Chennai,North,FTL,CARR_11,CUST_040,2026-05-12,2026-05-11,60241.4,2470,Delivered
SHP004036,2026-06-23,2026-06-23,2026-06-29,Pune,Pune,West,LTL,CARR_10,CUST_090,2026-06-29,2026-06-24,30535.27,2429,Delayed
SHP004435,2026-06-19,2026-06-22,2026-06-30,Patna,Lucknow,East,LTL,CARR_12,CUST_112,2026-06-30,2026-06-19,8955.63,743,Delivered
SHP000091,2026-02-16,2026-02-17,2026-02-19,Bhopal,Patna,Central,LTL,CARR_03,CUST_021,2026-02-19,2026-02-25,19937.88,1732,Delivered
SHP001814,2026-06-23,2026-06-24,2026-06-27,Pune,Bhubaneswar,West,FTL,CARR_15,CUST_108,2026-06-27,2026-06-25,24227.87,992,Delivered
SHP003730,2026-04-08,2026-04-09,2026-04-13,Lucknow,Chennai,North,PTL,CARR_02,CUST_040,2026-04-13,2026-04-15,8963.2,1255,Delivered
SHP001489,2026-05-27,2026-05-27,2026-06-03,Bhopal,Chennai,Central,FTL,CARR_11,CUST_106,2026-06-03,2026-05-28,42615.33,1804,Delivered
SHP004478,2026-02-26,2026-03-01,2026-03-07,Surat,Chandigarh,West,FTL,CARR_14,CUST_088,2026-03-07,2026-03-02,3234.01,116,Delivered
SHP001264,2026-01-05,2026-01-05,2026-01-10,Surat,Bhopal,West,LTL,CARR_08,CUST_117,2026-01-10,2026-01-14,8336.4,713,Delivered
SHP002959,,2026-01-18,2026-01-23,Kolkata,Kochi,East,LTL,CARR_14,CUST_052,2026-01-23,,6887.03,502,Cancelled
SHP004389,2026-01-18,2026-01-21,2026-01-27,Hyderabad,Delhi,South,PTL,CARR_06,CUST_019,2026-01-27,,3467.79,501,Delivered
SHP002293,2026-05-14,2026-05-14,2026-05-21,Bengaluru,Kolkata,South,FTL,CARR_04,CUST_085,2026-05-21,,20497.89,877,Delivered
SHP001685,2026-05-22,2026-05-24,2026-05-26,Patna,Nagpur,East,FTL,CARR_10,CUST_018,2026-05-26,2026-05-30,44021.95,1892,Delivered
SHP004286,2026-02-21,2026-02-22,2026-02-28,Surat,Kolkata,West,LTL,CARR_15,CUST_066,2026-02-28,2026-02-27,20572.7,1565,Delivered
SHP004959,2026-04-01,2026-04-02,2026-04-09,Ahmedabad,Mumbai,West,LTL,CARR_09,CUST_064,2026-04-09,2026-04-06,14810.4,1232,Delivered
SHP002922,2026-06-01,2026-06-04,2026-06-07,Bhopal,Ahmedabad,Central,LTL,CARR_07,CUST_112,2026-06-07,2026-06-02,82726.92,877,Delivered
SHP001022,2026-05-25,2026-05-28,2026-05-30,Jaipur,Mumbai,North,PTL,CARR_15,CUST_089,2026-05-30,,20072.58,2299,In-Transit
SHP004279,2026-03-30,2026-04-02,2026-04-08,Pune,Pune,West,LTL,CARR_14,CUST_088,2026-04-08,2026-04-03,3816.45,335,Delivered
SHP001846,2026-03-01,2026-03-01,2026-03-03,Chandigarh,Kochi,North,LTL,CARR_08,CUST_045,2026-03-03,2026-03-10,17629.15,1474,Delayed
SHP003906,2026-01-26,2026-01-26,2026-02-02,Surat,Chandigarh,West,FTL,CARR_04,CUST_048,2026-02-02,2026-01-30,58054.52,2448,Delivered
SHP000631,2026-02-19,2026-02-20,2026-02-28,Ahmedabad,Chennai,West,LTL,CARR_04,CUST_039,2026-02-28,2026-02-27,14031.83,1116,Delivered
SHP004814,2026-03-22,2026-03-25,2026-04-02,Surat,Indore,West,FTL,CARR_05,CUST_039,2026-04-02,2026-04-02,38135.64,1462,Delivered
SHP002517,2026-05-16,2026-05-17,2026-05-22,Pune,Bhopal,West,PTL,CARR_09,CUST_048,2026-05-22,2026-05-18,17376.68,2340,Delayed
SHP001154,2026-02-16,2026-02-18,2026-02-22,Delhi,Kolkata,North,FTL,CARR_14,CUST_093,2026-02-22,2026-02-28,48157.32,1852,Delivered
SHP002061,2026-04-03,2026-04-06,2026-04-09,Chennai,Bengaluru,South,PTL,CARR_12,CUST_100,2026-04-09,2026-04-16,1792.06,200,Delivered
SHP003613,2026-01-09,2026-01-10,2026-01-18,Chennai,Nagpur,South,PTL,CARR_12,CUST_052,2026-01-18,,18257.37,2480,Delivered
SHP004113,2026-01-03,2026-01-05,2026-01-10,Indore,Chennai,Central,LTL,CARR_09,CUST_083,2026-01-10,,11073.07,997,In-Transit
SHP000936,2026-06-17,2026-06-20,2026-06-26,Bhubaneswar,Jaipur,East,LTL,CARR_07,CUST_114,2026-06-26,2026-06-22,144647.06,1254,Delivered
SHP002940,2026-02-21,2026-02-24,2026-02-27,Kolkata,Guwahati,East,FTL,CARR_01,CUST_032,2026-02-27,2026-03-01,33991.25,1233,Delivered
SHP001981,2026-03-08,2026-03-08,2026-03-14,Jaipur,Mumbai,North,PTL,CARR_10,CUST_025,2026-03-14,2026-03-18,3094.58,398,Delayed
SHP000382,2026-02-13,2026-02-15,2026-02-18,Hyderabad,Delhi,South,FTL,CARR_13,CUST_054,2026-02-18,,42600.76,1846,Delivered
SHP004652,2026-03-15,2026-03-16,2026-03-20,Bhubaneswar,Jaipur,East,PTL,CARR_06,CUST_058,2026-03-20,2026-03-24,16016.79,2212,Delayed
SHP002893,2026-01-21,2026-01-21,2026-01-27,Bhopal,Bhubaneswar,Central,PTL,CARR_15,CUST_070,2026-01-27,2026-01-30,4324.95,545,Delivered
SHP000516,2026-05-22,2026-05-25,2026-05-29,Pune,Chennai,West,LTL,CARR_09,CUST_076,2026-05-29,2026-06-02,4542.15,401,Delivered
SHP001129,2026-03-17,2026-03-18,2026-03-23,Lucknow,Mumbai,North,FTL,CARR_02,CUST_105,2026-03-23,2026-03-24,10068.76,430,Delayed
SHP001141,2026-02-04,2026-02-06,2026-02-09,Guwahati,Kolkata,East,LTL,CARR_04,CUST_106,2026-02-09,2026-02-14,22759.81,2110,Delivered
SHP003077,2026-03-29,2026-04-01,2026-04-09,Chennai,Raipur,South,LTL,CARR_12,CUST_001,2026-04-09,,8255.99,660,Delivered
SHP003923,2026-06-26,2026-06-26,2026-07-04,Ahmedabad,Kochi,West,LTL,CARR_06,CUST_101,2026-07-04,2026-07-05,23671.0,2165,Delivered
SHP004598,2026-01-01,2026-01-02,2026-01-07,Mumbai,Mumbai,West,PTL,CARR_06,CUST_092,2026-01-07,,13217.96,1683,In-Transit
SHP001633,2026-05-06,,2026-05-11,Nagpur,Bhopal,Central,LTL,CARR_08,CUST_030,2026-05-11,2026-05-17,14408.58,1154,Delayed
SHP004262,2026-02-02,2026-02-02,2026-02-09,Mumbai,Nagpur,West,LTL,CARR_15,CUST_119,2026-02-09,2026-02-12,12365.49,1017,Delivered
SHP004745,2026-04-06,2026-04-07,2026-04-15,Chandigarh,Bengaluru,North,LTL,CARR_14,CUST_018,2026-04-15,2026-04-10,8839.38,790,Delivered
SHP004930,2026-04-24,2026-04-25,2026-05-02,Patna,Bhopal,East,FTL,CARR_11,CUST_036,2026-05-02,2026-05-05,51295.72,2406,Delivered
SHP001304,2026-01-09,2026-01-09,2026-01-13,Surat,Bengaluru,West,PTL,CARR_03,CUST_100,2026-01-13,,7877.5,1018,In-Transit
SHP000007,2026-01-29,2026-01-30,2026-02-07,Patna,Kochi,East,FTL,CARR_01,CUST_111,2026-02-07,2026-02-02,45761.34,1779,Delivered
SHP004070,2026-03-29,2026-04-01,2026-04-07,Nagpur,Mumbai,Central,FTL,CARR_08,CUST_005,2026-04-07,,51025.69,1938,Cancelled
SHP002779,2026-05-29,2026-05-30,2026-06-04,Jaipur,Chennai,North,FTL,CARR_15,CUST_002,2026-06-04,2026-06-08,11508.55,540,Delivered
SHP004387,2026-05-14,2026-05-17,2026-05-20,Lucknow,Mumbai,North,FTL,CARR_07,CUST_038,2026-05-20,2026-05-22,136486.75,674,Delivered
SHP004509,2026-02-26,2026-02-27,2026-03-01,Lucknow,Bhubaneswar,North,PTL,CARR_15,CUST_087,2026-03-01,2026-03-06,14048.37,1696,Delivered
SHP003333,2026-02-06,2026-02-09,2026-02-15,Mumbai,Chandigarh,West,LTL,CARR_11,CUST_099,2026-02-15,2026-02-15,18080.35,1747,Delayed
SHP001579,2026-03-12,2026-03-12,2026-03-20,Patna,Nagpur,East,FTL,CARR_02,CUST_100,2026-03-20,2026-03-19,33626.35,1496,Delivered
SHP004175,2026-04-04,2026-04-06,2026-04-14,Lucknow,Bhopal,North,PTL,CARR_15,CUST_024,2026-04-14,,17066.27,2120,In-Transit
SHP000207,2026-01-24,2026-01-26,2026-02-01,Patna,Pune,East,LTL,CARR_09,CUST_115,2026-02-01,2026-02-05,25816.31,2027,Delivered
SHP004051,2026-02-15,2026-02-16,2026-02-18,Ahmedabad,Bhubaneswar,West,LTL,CARR_15,CUST_025,2026-02-18,2026-02-22,17467.44,1546,Delivered
SHP002238,2026-05-01,2026-05-02,2026-05-10,Nagpur,Chandigarh,Central,LTL,CARR_12,CUST_021,2026-05-10,2026-05-08,22119.41,2082,Delivered
SHP001497,2026-03-23,2026-03-26,2026-03-30,Bengaluru,Bhubaneswar,South,FTL,CARR_01,CUST_088,2026-03-30,,14864.35,570,Delivered
SHP000212,2026-05-09,2026-05-10,2026-05-18,Ahmedabad,Lucknow,West,PTL,CARR_12,CUST_005,2026-05-18,2026-05-12,13628.96,1889,Delayed
SHP002140,,2026-04-08,2026-04-15,Bhubaneswar,Hyderabad,East,LTL,CARR_15,CUST_108,2026-04-15,2026-04-09,27692.34,2087,Delayed
SHP001479,,2026-01-14,2026-01-20,Kochi,Chandigarh,South,FTL,CARR_12,CUST_043,2026-01-20,,31898.16,1188,Delivered
SHP000800,2026-04-17,2026-04-20,2026-04-28,Bengaluru,Mumbai,South,FTL,CARR_08,CUST_060,2026-04-28,2026-04-23,1226.46,52,Delivered
SHP002398,2026-01-14,2026-01-15,2026-01-20,Nagpur,Patna,Central,FTL,CARR_13,CUST_001,2026-01-20,2026-01-21,20816.13,970,Delayed
SHP002189,2026-03-20,2026-03-21,2026-03-23,Hyderabad,Ahmedabad,South,FTL,CARR_04,CUST_040,2026-03-23,,41545.21,1734,Cancelled
SHP003428,2026-05-02,2026-05-04,2026-05-12,Pune,Pune,West,LTL,CARR_12,CUST_103,2026-05-12,2026-05-05,9777.16,817,Delivered
SHP004147,2026-05-29,2026-05-29,2026-06-02,Kochi,Nagpur,South,PTL,CARR_01,CUST_008,2026-06-02,,16486.93,2142,Cancelled
SHP000333,2026-01-24,2026-01-24,2026-02-01,Kolkata,Nagpur,East,LTL,CARR_11,CUST_058,2026-02-01,2026-01-27,33221.04,2447,Delivered
SHP002378,2026-06-21,2026-06-21,2026-06-26,Guwahati,Delhi,East,FTL,CARR_15,CUST_075,2026-06-26,2026-06-22,22829.75,908,Delayed
SHP004820,2026-04-27,2026-04-30,2026-05-08,Bengaluru,Raipur,South,FTL,CARR_13,CUST_007,2026-05-08,,62586.92,2192,Delivered
SHP001467,2026-05-11,2026-05-13,2026-05-21,Pune,Delhi,West,FTL,CARR_07,CUST_025,2026-05-21,2026-05-20,347759.8,1124,Delivered
SHP002974,2026-01-10,2026-01-10,2026-01-14,Chennai,Pune,South,FTL,CARR_11,CUST_083,2026-01-14,,43903.4,1845,In-Transit
SHP001695,2026-06-06,2026-06-07,2026-06-15,Kochi,Raipur,South,LTL,CARR_02,CUST_104,2026-06-15,,15692.21,1254,Delivered
SHP001030,2026-02-13,2026-02-14,2026-02-19,Pune,Chandigarh,West,PTL,CARR_06,CUST_046,2026-02-19,2026-02-20,3921.03,495,Delayed
SHP003447,2026-04-10,2026-04-10,2026-04-14,Mumbai,Kolkata,West,LTL,CARR_10,CUST_106,2026-04-14,,18908.83,1623,Cancelled
SHP004352,2026-04-22,2026-04-24,2026-05-01,Delhi,Chennai,North,FTL,CARR_02,CUST_019,2026-05-01,2026-04-27,46129.16,2100,Delayed
SHP001149,2026-02-28,2026-03-03,2026-03-08,Hyderabad,Patna,South,LTL,CARR_03,CUST_041,2026-03-08,,7456.84,614,Delivered
SHP001409,2026-03-02,2026-03-04,2026-03-11,Chandigarh,Nagpur,North,PTL,CARR_02,CUST_087,2026-03-11,2026-03-09,905.1,128,Delivered
SHP000168,2026-02-26,2026-02-28,2026-03-04,Surat,Pune,West,FTL,CARR_01,CUST_102,2026-03-04,2026-03-01,24523.6,970,Delivered
SHP001041,2026-03-02,2026-03-05,2026-03-10,Raipur,Lucknow,Central,FTL,CARR_15,CUST_023,2026-03-10,,45576.15,2006,In-Transit
SHP002547,2026-03-16,2026-03-16,2026-03-20,Hyderabad,Lucknow,South,FTL,CARR_01,CUST_068,2026-03-20,,55606.6,2016,Delayed
SHP000439,2026-04-16,2026-04-18,2026-04-26,Mumbai,Kolkata,West,PTL,CARR_08,CUST_061,2026-04-26,2026-04-25,4046.92,461,Delivered
SHP002722,2026-05-28,2026-05-31,2026-06-04,Mumbai,Pune,West,LTL,CARR_01,CUST_120,2026-06-04,,3338.83,280,Cancelled
SHP002668,2026-05-30,2026-06-01,2026-06-05,Bhubaneswar,Mumbai,East,FTL,CARR_13,CUST_070,2026-06-05,,42733.0,1612,In-Transit
SHP002562,2026-02-08,2026-02-09,2026-02-17,Kolkata,Guwahati,East,FTL,CARR_06,CUST_025,2026-02-17,2026-02-17,54763.37,2070,Delivered
SHP003157,2026-03-29,2026-03-30,2026-04-03,Pune,Hyderabad,West,FTL,CARR_01,CUST_068,2026-04-03,2026-04-07,39789.15,1509,Delivered
SHP002165,2026-06-06,2026-06-06,2026-06-13,Jaipur,Ahmedabad,North,LTL,CARR_08,CUST_083,2026-06-13,2026-06-12,24217.46,1989,Delivered
SHP002183,2026-04-18,2026-04-21,2026-04-29,Pune,Pune,West,FTL,CARR_05,CUST_018,2026-04-29,2026-04-30,54387.35,1959,Delayed
SHP000339,2026-04-08,2026-04-08,2026-04-16,Ahmedabad,Delhi,West,LTL,CARR_06,CUST_048,2026-04-16,2026-04-15,24039.32,2304,Delivered
SHP002765,2026-05-31,2026-06-02,2026-06-04,Indore,Ahmedabad,Central,FTL,CARR_10,CUST_013,2026-06-04,2026-06-11,2081.38,97,Delivered
SHP004701,2026-06-02,2026-06-04,2026-06-07,Chennai,Pune,South,LTL,CARR_12,CUST_096,2026-06-07,,1835.64,172,Delivered
SHP003346,2026-03-29,2026-03-30,2026-04-04,Kolkata,Bengaluru,East,FTL,CARR_07,CUST_082,2026-04-04,2026-04-06,438084.7,2082,Delivered
SHP000669,2026-04-05,2026-04-07,2026-04-12,Surat,Bhubaneswar,West,LTL,CARR_10,CUST_064,2026-04-12,,5804.56,489,In-Transit
SHP002540,2026-05-06,,2026-05-11,Bhubaneswar,Nagpur,East,LTL,CARR_04,CUST_054,2026-05-11,2026-05-16,19853.95,1701,Delivered
SHP003013,2026-05-06,2026-05-09,2026-05-16,Bhopal,Bhopal,Central,FTL,CARR_05,CUST_009,2026-05-16,2026-05-15,52874.66,2380,Delayed
SHP004684,2026-04-18,2026-04-18,2026-04-25,Chandigarh,Lucknow,North,FTL,CARR_15,CUST_036,2026-04-25,2026-04-19,52448.04,2048,Delivered
SHP002914,2026-06-11,2026-06-14,2026-06-17,Chandigarh,Bhopal,North,FTL,CARR_07,CUST_001,2026-06-17,2026-06-11,260313.48,1265,Delivered
SHP001477,2026-05-12,2026-05-15,2026-05-17,Chandigarh,Hyderabad,North,PTL,CARR_05,CUST_009,2026-05-17,,5565.93,638,Cancelled
SHP001932,,2026-03-15,2026-03-19,Raipur,Raipur,Central,PTL,CARR_06,CUST_038,2026-03-19,2026-03-24,16387.34,1901,Delayed
SHP002358,,2026-01-07,2026-01-10,Bhopal,Raipur,Central,FTL,CARR_11,CUST_084,2026-01-10,,34904.5,1640,In-Transit
SHP003122,2026-03-18,2026-03-21,2026-03-24,Kolkata,Indore,East,PTL,CARR_02,CUST_097,2026-03-24,2026-03-27,14462.86,1848,Delivered
SHP002441,2026-05-01,2026-05-02,2026-05-10,Kochi,Chandigarh,South,FTL,CARR_12,CUST_080,2026-05-10,,13513.51,603,In-Transit
SHP004260,2026-06-16,2026-06-17,2026-06-25,Pune,Kolkata,West,PTL,CARR_12,CUST_082,2026-06-25,2026-06-25,5049.93,611,Delivered
SHP004142,2026-03-23,2026-03-25,2026-04-02,Nagpur,Chennai,Central,LTL,CARR_14,CUST_059,2026-04-02,2026-03-27,11809.6,883,Delivered
SHP003943,2026-02-11,2026-02-11,2026-02-18,Indore,Chandigarh,Central,FTL,CARR_13,CUST_019,2026-02-18,2026-02-18,29423.5,1097,Delivered
SHP003760,2026-06-04,2026-06-06,2026-06-09,Chennai,Hyderabad,South,FTL,CARR_03,CUST_004,2026-06-09,,31791.8,1114,Delivered
SHP003499,2026-02-17,2026-02-19,2026-02-25,Surat,Mumbai,West,FTL,CARR_11,CUST_111,2026-02-25,2026-03-01,37556.28,1377,Delivered
SHP002697,2026-06-29,2026-07-01,2026-07-08,Bhubaneswar,Chennai,East,LTL,CARR_03,CUST_076,2026-07-08,2026-07-07,23214.87,1920,Delayed
SHP000072,2026-04-03,2026-04-03,2026-04-09,Kochi,Bhopal,South,LTL,CARR_08,CUST_058,2026-04-09,,13018.55,957,Delivered
SHP001520,2026-01-19,2026-01-21,2026-01-24,Chandigarh,Pune,North,FTL,CARR_13,CUST_093,2026-01-24,2026-01-26,18204.54,853,Delivered
SHP000124,2026-05-31,2026-06-01,2026-06-03,Indore,Indore,Central,FTL,CARR_10,CUST_095,2026-06-03,2026-06-05,51047.15,2225,Delivered
SHP001683,2026-02-08,2026-02-10,2026-02-15,Nagpur,Patna,Central,FTL,CARR_11,CUST_110,2026-02-15,2026-02-11,47050.89,1789,Delivered
SHP001874,2026-05-01,2026-05-02,2026-05-05,Kochi,Chennai,South,LTL,CARR_01,CUST_114,2026-05-05,,20475.84,1857,Delivered
SHP001400,2026-04-10,2026-04-11,2026-04-17,Guwahati,Guwahati,East,PTL,CARR_03,CUST_087,2026-04-17,2026-04-18,2496.84,325,Delivered
SHP003309,2026-06-21,2026-06-21,2026-06-25,Bhubaneswar,Chandigarh,East,FTL,CARR_01,CUST_049,2026-06-25,2026-06-26,14704.8,559,Delivered
SHP002084,2026-02-21,2026-02-22,2026-03-02,Indore,Raipur,Central,LTL,CARR_11,CUST_061,2026-03-02,2026-02-26,1619.79,138,Delivered
SHP001485,2026-06-14,2026-06-17,2026-06-25,Chennai,Chandigarh,South,PTL,CARR_06,CUST_101,2026-06-25,,8338.36,1182,Delivered
SHP002128,2026-04-28,2026-04-28,2026-05-03,Surat,Bhubaneswar,West,PTL,CARR_04,CUST_106,2026-05-03,2026-05-03,9383.89,1029,Delivered
SHP002572,2026-03-15,2026-03-15,2026-03-22,Kolkata,Mumbai,East,LTL,CARR_11,CUST_106,2026-03-22,2026-03-17,10995.61,923,Delayed
SHP001600,2026-01-03,2026-01-06,2026-01-12,Pune,Lucknow,West,FTL,CARR_12,CUST_108,2026-01-12,,20799.6,733,In-Transit
SHP001254,2026-05-09,2026-05-09,2026-05-15,Chandigarh,Surat,North,PTL,CARR_02,CUST_059,2026-05-15,2026-05-15,14465.19,1766,Delivered
SHP003982,2026-06-23,2026-06-24,2026-06-26,Hyderabad,Chandigarh,South,PTL,CARR_09,CUST_104,2026-06-26,2026-06-25,12448.9,1532,Delivered
SHP002342,2026-03-22,2026-03-24,2026-03-29,Chandigarh,Kolkata,North,FTL,CARR_11,CUST_067,2026-03-29,2026-03-25,3192.39,143,Delivered
SHP000750,2026-04-19,2026-04-19,2026-04-24,Raipur,Mumbai,Central,LTL,CARR_11,CUST_052,2026-04-24,2026-04-24,14274.42,1109,Delivered
SHP003025,2026-06-27,2026-06-30,2026-07-02,Jaipur,Kolkata,North,PTL,CARR_11,CUST_092,2026-07-02,2026-07-01,2389.79,289,Delivered
SHP002830,2026-04-04,2026-04-06,2026-04-11,Guwahati,Kolkata,East,LTL,CARR_07,CUST_051,2026-04-11,2026-04-16,181492.78,1903,Delivered
SHP001965,2026-05-03,2026-05-05,2026-05-09,Chandigarh,Bhopal,North,LTL,CARR_15,CUST_065,2026-05-09,,1834.36,173,In-Transit
SHP003017,2026-05-22,2026-05-24,2026-05-28,Jaipur,Raipur,North,FTL,CARR_07,CUST_036,2026-05-28,2026-05-30,121470.38,448,Delivered
SHP003135,2026-01-01,2026-01-04,2026-01-09,Chandigarh,Ahmedabad,North,PTL,CARR_13,CUST_060,2026-01-09,2026-01-14,1567.84,171,Delivered
SHP004210,2026-02-08,2026-02-08,2026-02-11,Ahmedabad,Chennai,West,LTL,CARR_09,CUST_030,2026-02-11,2026-02-18,29444.08,2461,Delivered
SHP002457,2026-01-15,2026-01-17,2026-01-23,Chandigarh,Jaipur,North,PTL,CARR_10,CUST_045,2026-01-23,2026-01-21,20067.22,2383,Delivered
SHP002557,2026-06-25,2026-06-26,2026-07-01,Lucknow,Chennai,North,PTL,CARR_07,CUST_007,2026-07-01,,80186.01,1181,Cancelled
SHP004096,2026-02-25,2026-02-26,2026-03-04,Chandigarh,Patna,North,LTL,CARR_02,CUST_106,2026-03-04,2026-03-06,11315.21,991,Delivered
SHP004258,2026-02-04,2026-02-04,2026-02-09,Indore,Chandigarh,Central,PTL,CARR_02,CUST_055,2026-02-09,,4318.02,497,In-Transit
SHP003531,2026-03-07,2026-03-08,2026-03-15,Nagpur,Lucknow,Central,PTL,CARR_07,CUST_081,2026-03-15,2026-03-09,37715.19,527,Delayed
SHP003067,2026-04-24,2026-04-26,2026-05-01,Nagpur,Patna,Central,LTL,CARR_02,CUST_071,2026-05-01,2026-05-04,4833.4,404,Delivered
SHP004918,2026-02-16,2026-02-17,2026-02-24,Kochi,Mumbai,South,LTL,CARR_14,CUST_048,2026-02-24,,24134.67,2311,Delivered
SHP003513,2026-04-18,2026-04-18,2026-04-26,Kolkata,Delhi,East,FTL,CARR_08,CUST_060,2026-04-26,2026-04-24,11150.21,440,Delivered
SHP004904,2026-04-22,2026-04-22,2026-04-25,Kochi,Chandigarh,South,FTL,CARR_04,CUST_005,2026-04-25,,49821.61,1872,Delivered
SHP003410,2026-01-27,2026-01-30,2026-02-07,Kolkata,Guwahati,East,PTL,CARR_13,CUST_007,2026-02-07,2026-01-31,12101.3,1483,Delivered
SHP000571,2026-04-10,2026-04-11,2026-04-19,Bhubaneswar,Bhopal,East,PTL,CARR_03,CUST_041,2026-04-19,2026-04-17,18092.17,2227,Delayed
SHP004085,2026-06-10,2026-06-10,2026-06-12,Lucknow,Bhubaneswar,North,LTL,CARR_15,CUST_070,2026-06-12,2026-06-17,28399.01,2144,Delivered
SHP000236,2026-04-09,2026-04-12,2026-04-19,Patna,Lucknow,East,LTL,CARR_08,CUST_035,2026-04-19,2026-04-19,7774.93,733,Delivered
SHP001659,2026-03-18,2026-03-21,2026-03-24,Chennai,Hyderabad,South,LTL,CARR_02,CUST_039,2026-03-24,,24322.52,2074,In-Transit
SHP000390,2026-03-25,2026-03-28,2026-03-31,Ahmedabad,Lucknow,West,LTL,CARR_04,CUST_032,2026-03-31,2026-04-07,33648.9,2473,Delayed
SHP000140,2026-02-04,2026-02-07,2026-02-11,Kochi,Lucknow,South,PTL,CARR_09,CUST_068,2026-02-11,,6696.7,882,Delivered
SHP000847,2026-01-31,2026-02-01,2026-02-07,Lucknow,Delhi,North,PTL,CARR_13,CUST_073,2026-02-07,2026-02-02,15936.42,2284,Delivered
SHP001117,2026-02-02,2026-02-02,2026-02-09,Patna,Bhubaneswar,East,PTL,CARR_03,CUST_040,2026-02-09,,8024.33,1002,Cancelled
SHP000142,2026-04-12,2026-04-13,2026-04-17,Bengaluru,Pune,South,LTL,CARR_12,CUST_027,2026-04-17,,13988.59,1209,Delivered
SHP000556,2026-02-26,2026-03-01,2026-03-04,Lucknow,Lucknow,North,FTL,CARR_14,CUST_038,2026-03-04,2026-03-09,27036.28,1210,Delivered
SHP002875,2026-05-24,2026-05-27,2026-06-01,Bengaluru,Hyderabad,South,LTL,CARR_03,CUST_086,2026-06-01,,10744.6,963,Delivered
SHP003443,2026-03-13,2026-03-15,2026-03-20,Chennai,Kochi,South,FTL,CARR_12,CUST_069,2026-03-20,,63412.68,2245,Delivered
SHP004315,2026-02-08,2026-02-08,2026-02-16,Raipur,Guwahati,Central,FTL,CARR_07,CUST_079,2026-02-16,2026-02-10,598462.46,2436,Delivered
SHP002976,2026-02-10,2026-02-10,2026-02-15,Hyderabad,Mumbai,South,FTL,CARR_13,CUST_115,2026-02-15,,45524.91,1701,Cancelled
SHP003728,2026-01-16,2026-01-18,2026-01-22,Pune,Bhubaneswar,West,LTL,CARR_05,CUST_030,2026-01-22,2026-01-22,15151.77,1118,Delivered
SHP003291,2026-04-04,2026-04-07,2026-04-12,Chennai,Kochi,South,FTL,CARR_03,CUST_103,2026-04-12,,55939.18,2312,In-Transit
SHP003832,2026-04-05,2026-04-08,2026-04-16,Hyderabad,Bhubaneswar,South,LTL,CARR_11,CUST_060,2026-04-16,,17139.72,1629,Delayed
SHP002463,2026-02-04,2026-02-04,2026-02-12,Guwahati,Bhopal,East,FTL,CARR_13,CUST_119,2026-02-12,2026-02-06,47733.92,1911,Delivered
SHP004501,2026-02-27,2026-03-01,2026-03-09,Chennai,Ahmedabad,South,LTL,CARR_13,CUST_026,2026-03-09,,25128.21,2311,Delayed
SHP000573,2026-03-20,2026-03-23,2026-03-31,Guwahati,Nagpur,East,FTL,CARR_14,CUST_012,2026-03-31,2026-03-29,10898.22,419,Delivered
SHP002005,2026-04-09,2026-04-09,2026-04-13,Indore,Lucknow,Central,PTL,CARR_10,CUST_085,2026-04-13,2026-04-16,13794.98,1563,Delivered
SHP004723,2026-01-10,2026-01-10,2026-01-14,Chennai,Chennai,South,FTL,CARR_03,CUST_052,2026-01-14,,27286.48,1222,Delivered
SHP000959,2026-03-26,2026-03-27,2026-03-29,Patna,Nagpur,East,FTL,CARR_07,CUST_011,2026-03-29,2026-04-04,111696.55,457,Delivered
SHP002524,2026-03-16,2026-03-19,2026-03-27,Bhopal,Kochi,Central,FTL,CARR_04,CUST_052,2026-03-27,2026-03-22,17037.9,724,Delivered
SHP002516,2026-02-09,,2026-02-16,Indore,Kochi,Central,LTL,CARR_14,CUST_072,2026-02-16,2026-02-14,25943.59,2399,Delivered
SHP003885,2026-03-12,2026-03-13,2026-03-17,Bhubaneswar,Guwahati,East,LTL,CARR_02,CUST_117,2026-03-17,2026-03-23,1482.72,134,Delivered
SHP002611,2026-03-04,2026-03-07,2026-03-14,Guwahati,Bhopal,East,LTL,CARR_08,CUST_097,2026-03-14,2026-03-14,23468.57,2005,Delivered
SHP003420,2026-04-26,2026-04-29,2026-05-03,Kochi,Delhi,South,LTL,CARR_14,CUST_116,2026-05-03,,4542.85,366,In-Transit
SHP000761,2026-05-18,2026-05-19,2026-05-25,Jaipur,Raipur,North,PTL,CARR_07,CUST_118,2026-05-25,2026-05-26,34633.78,555,Delayed
SHP001664,2026-04-25,2026-04-28,2026-05-06,Mumbai,Nagpur,West,FTL,CARR_09,CUST_015,2026-05-06,2026-04-29,47923.91,2017,Delivered
SHP004659,2026-05-03,2026-05-05,2026-05-11,Ahmedabad,Bhopal,West,LTL,CARR_04,CUST_015,2026-05-11,2026-05-08,23652.05,2012,Delivered
SHP000318,2026-03-28,2026-03-28,2026-04-03,Chandigarh,Ahmedabad,North,LTL,CARR_03,CUST_017,2026-04-03,2026-04-05,3055.51,251,Delivered
SHP001383,2026-02-12,2026-02-14,2026-02-21,Kochi,Kolkata,South,FTL,CARR_10,CUST_008,2026-02-21,,59646.57,2273,Delayed
SHP001519,2026-04-14,2026-04-16,2026-04-20,Mumbai,Raipur,West,FTL,CARR_10,CUST_086,2026-04-20,2026-04-23,13692.22,577,Delivered
SHP000261,2026-06-27,2026-06-28,2026-07-04,Hyderabad,Surat,South,FTL,CARR_11,CUST_040,2026-07-04,,42108.55,1542,Delayed
SHP003235,2026-01-30,2026-02-02,2026-02-08,Guwahati,Bhubaneswar,East,LTL,CARR_09,CUST_019,2026-02-08,2026-02-06,29348.38,2334,Delivered
SHP002066,2026-05-05,2026-05-07,2026-05-09,Guwahati,Chandigarh,East,PTL,CARR_05,CUST_012,2026-05-09,,18656.6,2445,In-Transit
SHP000673,2026-06-23,2026-06-26,2026-07-04,Chandigarh,Bengaluru,North,LTL,CARR_08,CUST_120,2026-07-04,,13705.32,998,In-Transit
SHP000700,2026-05-22,2026-05-25,2026-05-28,Chennai,Mumbai,South,FTL,CARR_07,CUST_034,2026-05-28,,42083.53,189,Delivered
SHP001315,2026-02-28,2026-03-02,2026-03-06,Kochi,Nagpur,South,PTL,CARR_13,CUST_042,2026-03-06,2026-03-11,16780.97,2138,Delivered
SHP001873,2026-04-03,2026-04-06,2026-04-08,Chennai,Bengaluru,South,LTL,CARR_09,CUST_006,2026-04-08,,27101.91,2131,Delivered
SHP001211,2026-01-21,2026-01-21,2026-01-28,Ahmedabad,Raipur,West,LTL,CARR_08,CUST_057,2026-01-28,2026-01-31,16212.82,1516,Delivered
SHP002065,2026-06-26,2026-06-29,2026-07-05,Nagpur,Chandigarh,Central,LTL,CARR_07,CUST_025,2026-07-05,2026-07-05,216705.79,2083,Delivered
SHP001842,2026-03-21,2026-03-23,2026-03-25,Hyderabad,Lucknow,South,PTL,CARR_11,CUST_001,2026-03-25,,16153.91,2107,Delivered
SHP002467,2026-03-14,2026-03-15,2026-03-19,Indore,Chennai,Central,PTL,CARR_12,CUST_120,2026-03-19,2026-03-18,7537.31,917,Delayed
SHP004065,2026-06-29,2026-06-30,2026-07-07,Nagpur,Raipur,Central,FTL,CARR_11,CUST_094,2026-07-07,2026-07-01,32305.38,1341,Delivered
SHP001102,2026-04-15,2026-04-15,2026-04-18,Nagpur,Kochi,Central,FTL,CARR_04,CUST_061,2026-04-18,2026-04-21,23045.76,1068,Delivered
SHP004068,2026-06-29,2026-07-01,2026-07-03,Chandigarh,Chandigarh,North,PTL,CARR_03,CUST_070,2026-07-03,2026-07-06,7844.95,1148,Delivered
SHP003452,2026-05-20,2026-05-21,2026-05-27,Delhi,Indore,North,PTL,CARR_05,CUST_072,2026-05-27,2026-05-23,6388.2,813,Delayed
SHP004780,2026-01-15,2026-01-17,2026-01-25,Lucknow,Kochi,North,FTL,CARR_05,CUST_041,2026-01-25,2026-01-26,56590.87,2113,Delivered
SHP004760,2026-06-25,2026-06-26,2026-07-01,Bhubaneswar,Ahmedabad,East,LTL,CARR_02,CUST_088,2026-07-01,2026-07-03,25010.08,1871,Delivered
SHP003823,2026-05-30,2026-05-30,2026-06-06,Raipur,Kochi,Central,LTL,CARR_06,CUST_055,2026-06-06,2026-06-04,25795.38,1969,Delivered
SHP000973,2026-06-01,2026-06-02,2026-06-09,Ahmedabad,Raipur,West,FTL,CARR_02,CUST_052,2026-06-09,,14705.41,575,In-Transit
SHP003185,2026-04-17,2026-04-18,2026-04-22,Lucknow,Pune,North,LTL,CARR_11,CUST_014,2026-04-22,2026-04-26,8890.16,743,Delivered
SHP004305,2026-06-28,2026-06-30,2026-07-05,Pune,Surat,West,LTL,CARR_08,CUST_068,2026-07-05,2026-07-09,2063.65,165,Delivered
SHP004658,2026-01-08,2026-01-11,2026-01-18,Ahmedabad,Mumbai,West,FTL,CARR_15,CUST_114,2026-01-18,,49235.86,2243,Cancelled
SHP003920,2026-04-30,2026-05-03,2026-05-07,Pune,Chandigarh,West,LTL,CARR_15,CUST_038,2026-05-07,,735.94,60,Cancelled
SHP000064,2026-04-04,2026-04-05,2026-04-09,Bengaluru,Jaipur,South,LTL,CARR_01,CUST_075,2026-04-09,,17892.61,1388,Delivered
SHP002348,2026-01-03,2026-01-03,2026-01-09,Raipur,Ahmedabad,Central,FTL,CARR_08,CUST_114,2026-01-09,2026-01-12,53230.28,1974,Delivered
SHP001045,2026-02-05,2026-02-07,2026-02-11,Bhubaneswar,Kochi,East,LTL,CARR_07,CUST_026,2026-02-11,2026-02-17,106656.92,810,Delivered
SHP004391,2026-01-10,2026-01-13,2026-01-21,Bhopal,Indore,Central,LTL,CARR_09,CUST_033,2026-01-21,2026-01-17,13603.52,1234,Delivered
SHP000591,2026-01-31,2026-02-01,2026-02-03,Indore,Patna,Central,FTL,CARR_05,CUST_071,2026-02-03,2026-02-05,51486.86,2235,Delivered
SHP002107,2026-06-09,2026-06-11,2026-06-16,Bhubaneswar,Nagpur,East,LTL,CARR_06,CUST_046,2026-06-16,2026-06-17,11151.71,817,Delivered
SHP002984,2026-04-10,2026-04-10,2026-04-13,Mumbai,Kochi,West,PTL,CARR_04,CUST_028,2026-04-13,2026-04-15,8622.33,1087,Delivered
SHP002040,2026-05-19,2026-05-22,2026-05-24,Mumbai,Lucknow,West,FTL,CARR_13,CUST_093,2026-05-24,2026-05-29,19463.3,826,Delivered
SHP003355,2026-01-19,2026-01-21,2026-01-29,Pune,Kochi,West,LTL,CARR_12,CUST_052,2026-01-29,2026-01-23,1150.2,94,Delivered
SHP001544,2026-05-14,2026-05-14,2026-05-16,Chandigarh,Guwahati,North,LTL,CARR_01,CUST_021,2026-05-16,2026-05-19,5744.26,538,Delivered
SHP000636,2026-02-20,2026-02-22,2026-02-24,Surat,Raipur,West,PTL,CARR_05,CUST_023,2026-02-24,2026-03-01,21236.71,2440,Delivered
SHP002924,2026-02-25,2026-02-26,2026-03-03,Bengaluru,Kochi,South,FTL,CARR_14,CUST_019,2026-03-03,,12659.84,544,Delivered
SHP003543,2026-02-11,2026-02-11,2026-02-18,Kochi,Indore,South,FTL,CARR_11,CUST_053,2026-02-18,2026-02-19,46746.93,1658,Delivered
SHP000055,,2026-02-19,2026-02-23,Surat,Pune,West,LTL,CARR_03,CUST_050,2026-02-23,,19979.79,1749,In-Transit
SHP004527,2026-05-04,2026-05-05,2026-05-07,Pune,Delhi,West,LTL,CARR_08,CUST_019,2026-05-07,2026-05-14,5533.34,473,Delivered
SHP004504,2026-03-10,2026-03-13,2026-03-21,Pune,Indore,West,PTL,CARR_10,CUST_036,2026-03-21,2026-03-16,14904.23,2092,Delivered
SHP000180,2026-02-18,2026-02-21,2026-02-28,Hyderabad,Jaipur,South,FTL,CARR_10,CUST_066,2026-02-28,,7406.08,273,In-Transit
SHP002363,2026-06-07,2026-06-09,2026-06-12,Kochi,Surat,South,FTL,CARR_07,CUST_084,2026-06-12,,416668.0,2127,Delivered
SHP003161,2026-06-10,2026-06-10,2026-06-16,Chennai,Patna,South,FTL,CARR_04,CUST_106,2026-06-16,,10041.32,381,Delayed
SHP001745,2026-05-19,2026-05-20,2026-05-28,Hyderabad,Bengaluru,South,LTL,CARR_05,CUST_080,2026-05-28,,12677.64,1051,Delivered
SHP002752,2026-04-28,2026-04-28,2026-05-04,Raipur,Delhi,Central,FTL,CARR_15,CUST_001,2026-05-04,2026-05-03,21472.72,764,Delivered
SHP002067,2026-02-19,2026-02-20,2026-02-26,Indore,Kochi,Central,LTL,CARR_14,CUST_017,2026-02-26,2026-03-02,1302.59,103,Delivered
SHP003915,2026-02-15,2026-02-15,2026-02-21,Surat,Indore,West,FTL,CARR_07,CUST_071,2026-02-21,2026-02-19,349666.86,1555,Delivered
SHP004551,2026-05-20,2026-05-20,2026-05-25,Kolkata,Hyderabad,East,FTL,CARR_09,CUST_014,2026-05-25,2026-05-21,44128.07,1687,Delivered
SHP000246,2026-02-03,2026-02-04,2026-02-10,Chennai,Hyderabad,South,LTL,CARR_15,CUST_087,2026-02-10,,17477.46,1370,In-Transit
SHP000123,2026-03-16,2026-03-16,2026-03-23,Lucknow,Ahmedabad,North,PTL,CARR_13,CUST_019,2026-03-23,2026-03-21,2846.46,373,Delivered
SHP003093,2026-01-01,2026-01-03,2026-01-11,Patna,Lucknow,East,PTL,CARR_06,CUST_103,2026-01-11,2026-01-10,3693.91,471,Delivered
SHP002271,2026-03-23,2026-03-24,2026-03-30,Pune,Kochi,West,FTL,CARR_09,CUST_031,2026-03-30,2026-04-01,6680.13,242,Delivered
SHP001142,2026-05-13,2026-05-14,2026-05-21,Delhi,Lucknow,North,LTL,CARR_15,CUST_105,2026-05-21,2026-05-17,14340.82,1122,Delivered
SHP001906,2026-04-06,2026-04-08,2026-04-13,Bhopal,Chennai,Central,FTL,CARR_10,CUST_057,2026-04-13,2026-04-09,11749.74,476,Delivered
SHP001521,2026-02-05,2026-02-06,2026-02-13,Ahmedabad,Kolkata,West,LTL,CARR_15,CUST_107,2026-02-13,,4650.35,441,In-Transit
SHP003322,2026-02-05,2026-02-06,2026-02-10,Delhi,Bengaluru,North,FTL,CARR_15,CUST_014,2026-02-10,2026-02-16,33912.24,1538,Delivered
SHP000482,2026-03-28,2026-03-28,2026-04-04,Kolkata,Raipur,East,FTL,CARR_15,CUST_051,2026-04-04,,30947.93,1186,Cancelled
SHP002312,2026-02-24,2026-02-27,2026-03-07,Pune,Bhubaneswar,West,FTL,CARR_14,CUST_054,2026-03-07,2026-03-02,56264.5,2213,Delivered
SHP004434,2026-03-28,2026-03-29,2026-04-01,Lucknow,Raipur,North,LTL,CARR_11,CUST_060,2026-04-01,2026-04-01,26712.88,2300,Delivered
SHP004512,2026-04-24,2026-04-24,2026-05-01,Raipur,Pune,Central,LTL,CARR_14,CUST_021,2026-05-01,2026-04-27,28425.75,2334,Delayed
SHP004505,2026-06-01,2026-06-02,2026-06-09,Raipur,Kolkata,Central,FTL,CARR_05,CUST_068,2026-06-09,2026-06-06,23286.1,961,Delayed
SHP002148,2026-05-18,2026-05-19,2026-05-24,Pune,Bhubaneswar,West,LTL,CARR_05,CUST_028,2026-05-24,,29826.3,2420,In-Transit
SHP003465,2026-06-23,2026-06-24,2026-07-01,Nagpur,Bhopal,Central,PTL,CARR_12,CUST_100,2026-07-01,,11165.58,1469,In-Transit
SHP000253,2026-03-03,2026-03-04,2026-03-11,Raipur,Bhopal,Central,FTL,CARR_06,CUST_058,2026-03-11,,32886.44,1364,In-Transit
SHP002440,2026-02-10,2026-02-10,2026-02-15,Mumbai,Guwahati,West,PTL,CARR_15,CUST_066,2026-02-15,2026-02-14,1060.09,137,Delayed
SHP001271,2026-04-25,2026-04-25,2026-04-29,Lucknow,Jaipur,North,LTL,CARR_10,CUST_011,2026-04-29,2026-04-26,3183.55,263,Delivered
SHP000463,2026-06-06,2026-06-09,2026-06-16,Kolkata,Surat,East,LTL,CARR_10,CUST_093,2026-06-16,2026-06-13,3606.37,298,Delivered
SHP004107,2026-02-27,2026-02-28,2026-03-08,Kolkata,Lucknow,East,LTL,CARR_09,CUST_095,2026-03-08,,4234.32,317,In-Transit
SHP004356,2026-02-17,2026-02-18,2026-02-20,Lucknow,Pune,North,LTL,CARR_03,CUST_047,2026-02-20,2026-02-21,19991.13,1708,Delivered
SHP002854,2026-01-12,2026-01-12,2026-01-16,Chennai,Jaipur,South,FTL,CARR_10,CUST_120,2026-01-16,,9119.88,334,Delivered
SHP003684,2026-04-10,2026-04-12,2026-04-19,Mumbai,Hyderabad,West,FTL,CARR_01,CUST_107,2026-04-19,,49661.08,2213,Cancelled
SHP003397,2026-06-02,2026-06-04,2026-06-06,Indore,Surat,Central,LTL,CARR_08,CUST_003,2026-06-06,,2326.78,212,Cancelled
SHP004630,2026-03-16,2026-03-18,2026-03-22,Lucknow,Delhi,North,LTL,CARR_03,CUST_088,2026-03-22,2026-03-23,3929.19,338,Delayed
SHP001441,2026-02-13,2026-02-13,2026-02-19,Surat,Lucknow,West,PTL,CARR_01,CUST_077,2026-02-19,,3474.06,429,In-Transit
SHP001293,2026-01-01,2026-01-02,2026-01-05,Jaipur,Delhi,North,FTL,CARR_09,CUST_070,2026-01-05,2026-01-10,1928.13,83,Delivered
SHP002878,2026-01-12,2026-01-15,2026-01-20,Jaipur,Ahmedabad,North,LTL,CARR_12,CUST_068,2026-01-20,2026-01-22,16113.93,1329,Delivered
SHP001557,2026-02-02,2026-02-02,2026-02-06,Patna,Kolkata,East,LTL,CARR_14,CUST_098,2026-02-06,,24071.41,1973,In-Transit
SHP004857,2026-06-23,2026-06-25,2026-07-01,Pune,Ahmedabad,West,FTL,CARR_14,CUST_066,2026-07-01,,25348.01,916,In-Transit
SHP004588,2026-03-30,2026-03-30,2026-04-05,Jaipur,Hyderabad,North,FTL,CARR_15,CUST_019,2026-04-05,2026-03-31,45788.48,1615,Delivered
SHP002110,2026-05-10,2026-05-12,2026-05-14,Bengaluru,Mumbai,South,LTL,CARR_15,CUST_067,2026-05-14,,2143.98,186,In-Transit
SHP001541,2026-01-19,2026-01-19,2026-01-23,Surat,Lucknow,West,PTL,CARR_01,CUST_096,2026-01-23,,4546.48,641,Cancelled
SHP004757,2026-04-02,2026-04-02,2026-04-07,Bhopal,Lucknow,Central,LTL,CARR_15,CUST_043,2026-04-07,2026-04-12,7400.38,636,Delivered
SHP002448,2026-04-19,2026-04-20,2026-04-23,Bhubaneswar,Bhopal,East,LTL,CARR_10,CUST_064,2026-04-23,2026-04-22,13467.57,1151,Delivered
SHP002303,2026-03-11,2026-03-13,2026-03-19,Guwahati,Delhi,East,LTL,CARR_11,CUST_051,2026-03-19,2026-03-21,24730.56,1834,Delivered
SHP002713,2026-06-23,2026-06-26,2026-06-29,Ahmedabad,Pune,West,FTL,CARR_15,CUST_066,2026-06-29,2026-07-02,9013.86,413,Delayed
SHP001528,2026-06-08,2026-06-11,2026-06-15,Pune,Patna,West,PTL,CARR_09,CUST_008,2026-06-15,,3578.56,481,In-Transit
SHP003027,2026-05-25,2026-05-27,2026-05-29,Chandigarh,Lucknow,North,PTL,CARR_07,CUST_092,2026-05-29,2026-06-05,16686.98,297,Delivered
SHP002231,2026-03-28,2026-03-28,2026-04-01,Ahmedabad,Bhubaneswar,West,PTL,CARR_01,CUST_076,2026-04-01,,1697.72,226,Cancelled
SHP004115,2026-05-27,2026-05-28,2026-06-04,Jaipur,Bhopal,North,LTL,CARR_05,CUST_042,2026-06-04,2026-05-30,26059.1,2125,Delivered
SHP000276,2026-02-28,2026-03-03,2026-03-05,Bhubaneswar,Pune,East,PTL,CARR_11,CUST_016,2026-03-05,,7442.58,928,In-Transit
SHP001349,2026-01-28,2026-01-31,2026-02-08,Bhubaneswar,Bhopal,East,FTL,CARR_01,CUST_039,2026-02-08,2026-02-10,9711.15,355,Delivered
SHP003858,2026-02-26,2026-02-28,2026-03-02,Patna,Chennai,East,FTL,CARR_07,CUST_073,2026-03-02,,465660.06,1763,In-Transit
SHP002993,2026-03-11,2026-03-13,2026-03-15,Raipur,Jaipur,Central,LTL,CARR_09,CUST_030,2026-03-15,2026-03-17,7739.66,588,Delivered
SHP000643,2026-03-18,2026-03-21,2026-03-29,Guwahati,Jaipur,East,LTL,CARR_01,CUST_051,2026-03-29,2026-03-29,7239.58,547,Delayed
SHP003908,2026-02-27,2026-03-02,2026-03-07,Pune,Delhi,West,FTL,CARR_05,CUST_024,2026-03-07,2026-03-08,31319.43,1179,Delivered
SHP000710,2026-06-26,2026-06-28,2026-07-03,Mumbai,Pune,West,LTL,CARR_01,CUST_054,2026-07-03,2026-07-08,26960.79,2441,Delivered
SHP004407,2026-03-11,2026-03-14,2026-03-17,Kolkata,Nagpur,East,LTL,CARR_15,CUST_081,2026-03-17,2026-03-21,10627.31,851,Delivered
SHP002729,2026-03-02,2026-03-05,2026-03-07,Chennai,Jaipur,South,PTL,CARR_07,CUST_082,2026-03-07,,72332.55,962,Delivered
SHP001397,2026-03-28,2026-03-29,2026-04-06,Ahmedabad,Delhi,West,PTL,CARR_01,CUST_077,2026-04-06,2026-04-07,11880.12,1431,Delivered
SHP000501,2026-04-20,2026-04-20,2026-04-27,Lucknow,Bengaluru,North,LTL,CARR_08,CUST_102,2026-04-27,2026-04-26,1846.21,156,Delivered
SHP004961,2026-02-15,2026-02-16,2026-02-21,Bhopal,Bhubaneswar,Central,LTL,CARR_07,CUST_075,2026-02-21,,81184.25,690,Cancelled
SHP001112,2026-03-27,2026-03-29,2026-03-31,Kochi,Bhubaneswar,South,FTL,CARR_07,CUST_081,2026-03-31,,24634.93,87,Delivered
SHP004019,2026-04-09,2026-04-09,2026-04-16,Nagpur,Kochi,Central,FTL,CARR_01,CUST_088,2026-04-16,,19272.49,704,In-Transit
SHP001891,2026-03-26,2026-03-29,2026-04-06,Raipur,Nagpur,Central,LTL,CARR_11,CUST_117,2026-04-06,2026-03-30,10434.37,952,Delivered
SHP002099,,2026-04-21,2026-04-25,Kolkata,Bengaluru,East,PTL,CARR_02,CUST_074,2026-04-25,2026-04-26,16604.99,2105,Delivered
SHP001354,2026-01-17,2026-01-20,2026-01-22,Bhubaneswar,Surat,East,LTL,CARR_01,CUST_046,2026-01-22,,21166.03,1936,Cancelled
SHP000338,2026-01-28,2026-01-31,2026-02-03,Bengaluru,Indore,South,FTL,CARR_02,CUST_007,2026-02-03,,31361.47,1214,Delivered
SHP001212,2026-05-16,2026-05-17,2026-05-22,Raipur,Chandigarh,Central,FTL,CARR_02,CUST_021,2026-05-22,2026-05-25,21882.08,895,Delivered
SHP002535,2026-04-09,2026-04-09,2026-04-12,Hyderabad,Hyderabad,South,FTL,CARR_06,CUST_044,2026-04-12,,17440.69,637,Delivered
SHP004132,2026-05-16,2026-05-17,2026-05-25,Bhubaneswar,Ahmedabad,East,FTL,CARR_09,CUST_113,2026-05-25,2026-05-23,48419.84,1905,Delivered
SHP001440,2026-02-21,2026-02-21,2026-02-27,Nagpur,Chennai,Central,FTL,CARR_07,CUST_017,2026-02-27,2026-02-25,527224.79,1968,Delivered
SHP003325,2026-03-18,2026-03-19,2026-03-22,Jaipur,Bhopal,North,FTL,CARR_07,CUST_069,2026-03-22,2026-03-23,354643.81,1660,Delivered
SHP003595,2026-05-25,,2026-05-30,Lucknow,Guwahati,North,LTL,CARR_10,CUST_017,2026-05-30,2026-06-02,9746.12,840,Delivered
SHP001931,2026-05-18,2026-05-18,2026-05-22,Jaipur,Mumbai,North,LTL,CARR_08,CUST_044,2026-05-22,2026-05-23,7959.92,640,Delayed
SHP001508,2026-04-09,2026-04-10,2026-04-16,Kochi,Kolkata,South,LTL,CARR_11,CUST_075,2026-04-16,,9614.29,822,Delivered
SHP000165,2026-03-31,2026-04-02,2026-04-08,Ahmedabad,Raipur,West,LTL,CARR_10,CUST_015,2026-04-08,2026-04-10,9925.87,756,Delivered
SHP003828,2026-01-28,2026-01-29,2026-01-31,Raipur,Bengaluru,Central,FTL,CARR_07,CUST_062,2026-01-31,2026-02-02,257343.7,1136,Delivered
SHP004935,2026-03-01,2026-03-02,2026-03-09,Raipur,Kochi,Central,LTL,CARR_05,CUST_028,2026-03-09,2026-03-12,29775.5,2313,Delayed
SHP000913,2026-03-29,2026-03-31,2026-04-06,Bhubaneswar,Ahmedabad,East,LTL,CARR_13,CUST_118,2026-04-06,,18764.8,1389,Cancelled
SHP001310,2026-06-14,2026-06-16,2026-06-18,Kochi,Bhopal,South,FTL,CARR_03,CUST_054,2026-06-18,,27326.96,970,Delivered
SHP002610,2026-06-19,2026-06-21,2026-06-25,Bhubaneswar,Indore,East,FTL,CARR_01,CUST_074,2026-06-25,2026-06-28,52788.51,2279,Delivered
SHP002381,2026-01-04,2026-01-06,2026-01-13,Delhi,Hyderabad,North,LTL,CARR_14,CUST_096,2026-01-13,,27090.68,2415,Cancelled
SHP001136,,2026-07-01,2026-07-09,Nagpur,Bengaluru,Central,PTL,CARR_03,CUST_056,2026-07-09,,17909.98,2188,Cancelled
SHP002769,2026-05-02,2026-05-04,2026-05-08,Kolkata,Nagpur,East,FTL,CARR_15,CUST_060,2026-05-08,2026-05-05,37171.64,1693,Delivered
SHP001313,2026-01-03,2026-01-05,2026-01-10,Pune,Kochi,West,FTL,CARR_01,CUST_117,2026-01-10,,23784.27,1110,In-Transit
SHP001785,2026-05-19,2026-05-20,2026-05-23,Raipur,Chennai,Central,LTL,CARR_01,CUST_053,2026-05-23,2026-05-25,7955.93,721,Delivered
SHP000680,2026-06-06,2026-06-06,2026-06-11,Delhi,Kolkata,North,PTL,CARR_10,CUST_095,2026-06-11,2026-06-15,4320.55,580,Delivered
SHP001222,2026-06-27,2026-06-30,2026-07-08,Jaipur,Kochi,North,LTL,CARR_07,CUST_065,2026-07-08,2026-07-09,18893.67,164,Delayed
SHP002820,2026-03-14,2026-03-14,2026-03-19,Kochi,Jaipur,South,FTL,CARR_13,CUST_007,2026-03-19,2026-03-18,50293.44,2039,Delayed
SHP004076,2026-06-15,2026-06-17,2026-06-23,Pune,Jaipur,West,LTL,CARR_06,CUST_106,2026-06-23,2026-06-18,17742.51,1295,Delivered
SHP002281,2026-05-24,2026-05-25,2026-06-01,Guwahati,Surat,East,FTL,CARR_05,CUST_089,2026-06-01,2026-06-01,1818.15,69,Delivered
SHP003147,2026-01-21,2026-01-21,2026-01-26,Surat,Indore,West,PTL,CARR_07,CUST_023,2026-01-26,2026-01-28,6838.45,85,Delivered
SHP000307,2026-06-08,2026-06-10,2026-06-13,Mumbai,Raipur,West,LTL,CARR_15,CUST_003,2026-06-13,2026-06-20,17440.42,1363,Delivered
SHP001223,2026-01-23,2026-01-26,2026-01-30,Indore,Mumbai,Central,FTL,CARR_13,CUST_084,2026-01-30,2026-02-03,7744.75,313,Delivered
SHP002560,2026-02-16,2026-02-18,2026-02-21,Bhubaneswar,Lucknow,East,LTL,CARR_04,CUST_047,2026-02-21,2026-02-20,1772.14,165,Delivered
SHP004882,2026-01-05,2026-01-06,2026-01-13,Ahmedabad,Bhopal,West,FTL,CARR_05,CUST_046,2026-01-13,2026-01-09,18894.07,852,Delivered
SHP002690,2026-03-10,2026-03-13,2026-03-20,Patna,Delhi,East,FTL,CARR_15,CUST_067,2026-03-20,,55009.91,2060,Cancelled
SHP004457,2026-04-23,2026-04-25,2026-04-30,Nagpur,Pune,Central,FTL,CARR_01,CUST_104,2026-04-30,2026-05-03,4353.51,152,Delivered
SHP002454,2026-04-19,2026-04-21,2026-04-27,Bengaluru,Hyderabad,South,PTL,CARR_08,CUST_107,2026-04-27,,3721.99,520,Delivered
SHP003299,2026-05-28,2026-05-29,2026-06-01,Ahmedabad,Pune,West,FTL,CARR_08,CUST_107,2026-06-01,2026-06-06,17648.53,769,Delivered
SHP001970,2026-02-20,2026-02-21,2026-02-24,Raipur,Jaipur,Central,LTL,CARR_09,CUST_054,2026-02-24,2026-02-24,13950.21,1271,Delivered
SHP003378,2026-03-21,2026-03-24,2026-03-27,Kolkata,Bhubaneswar,East,LTL,CARR_14,CUST_119,2026-03-27,,5075.35,389,In-Transit
SHP001366,2026-05-30,2026-05-31,2026-06-03,Kochi,Jaipur,South,LTL,CARR_01,CUST_038,2026-06-03,2026-06-04,23005.67,1742,Delivered
SHP003426,2026-04-17,2026-04-20,2026-04-22,Delhi,Bengaluru,North,FTL,CARR_13,CUST_089,2026-04-22,2026-04-24,4868.12,219,Delivered
SHP002138,2026-03-03,2026-03-03,2026-03-05,Kolkata,Pune,East,PTL,CARR_13,CUST_073,2026-03-05,2026-03-05,12548.6,1471,Delayed
SHP002895,2026-01-21,2026-01-24,2026-02-01,Bengaluru,Delhi,South,FTL,CARR_13,CUST_003,2026-02-01,2026-01-29,25948.16,911,Delivered
SHP001199,2026-05-24,2026-05-25,2026-05-28,Bengaluru,Jaipur,South,FTL,CARR_03,CUST_045,2026-05-28,,36382.98,1498,Delivered
SHP000925,2026-03-16,2026-03-17,2026-03-23,Pune,Hyderabad,West,FTL,CARR_05,CUST_032,2026-03-23,2026-03-24,56141.54,1973,Delivered
SHP003001,2026-02-17,2026-02-18,2026-02-24,Guwahati,Delhi,East,FTL,CARR_06,CUST_067,2026-02-24,2026-02-20,14081.8,513,Delivered
SHP001886,2026-03-21,2026-03-22,2026-03-28,Raipur,Lucknow,Central,FTL,CARR_15,CUST_109,2026-03-28,2026-03-25,22833.34,951,Delivered
SHP004480,2026-05-17,2026-05-18,2026-05-22,Chandigarh,Bhopal,North,LTL,CARR_11,CUST_101,2026-05-22,,17505.57,1416,In-Transit
SHP003086,2026-05-27,2026-05-28,2026-05-30,Hyderabad,Kolkata,South,LTL,CARR_07,CUST_070,2026-05-30,,193830.51,1680,Delayed
SHP004832,2026-06-10,2026-06-12,2026-06-17,Raipur,Nagpur,Central,FTL,CARR_01,CUST_116,2026-06-17,2026-06-21,26991.91,1066,Delivered
SHP000459,2026-06-04,2026-06-06,2026-06-11,Ahmedabad,Patna,West,FTL,CARR_02,CUST_096,2026-06-11,2026-06-03,47858.21,2238,Delivered
SHP001672,2026-01-28,2026-01-29,2026-02-03,Jaipur,Surat,North,PTL,CARR_15,CUST_120,2026-02-03,2026-02-02,1432.51,202,Delivered
SHP004140,2026-05-10,2026-05-11,2026-05-14,Hyderabad,Bhopal,South,FTL,CARR_06,CUST_119,2026-05-14,,58625.02,2089,In-Transit
SHP000245,2026-04-26,2026-04-27,2026-05-02,Guwahati,Pune,East,FTL,CARR_06,CUST_038,2026-05-02,2026-04-30,50460.49,2148,Delivered
SHP002992,2026-06-05,2026-06-06,2026-06-08,Delhi,Raipur,North,FTL,CARR_12,CUST_112,2026-06-08,2026-06-14,32277.43,1166,Delivered
SHP000974,2026-02-04,2026-02-05,2026-02-07,Chandigarh,Bengaluru,North,LTL,CARR_11,CUST_051,2026-02-07,2026-02-10,24534.98,2403,Delivered
SHP003700,2026-03-29,2026-03-30,2026-04-01,Bengaluru,Raipur,South,LTL,CARR_10,CUST_092,2026-04-01,,4214.25,313,Delivered
SHP000326,2026-06-04,2026-06-06,2026-06-12,Nagpur,Pune,Central,LTL,CARR_07,CUST_040,2026-06-12,2026-06-14,55142.85,589,Delivered
SHP001281,2026-05-18,2026-05-18,2026-05-22,Chandigarh,Bengaluru,North,LTL,CARR_10,CUST_060,2026-05-22,2026-05-21,26914.68,2216,Delivered
SHP003005,2026-03-10,2026-03-11,2026-03-15,Nagpur,Patna,Central,FTL,CARR_02,CUST_116,2026-03-15,2026-03-17,37911.19,1569,Delayed
SHP004830,2026-04-04,2026-04-04,2026-04-08,Nagpur,Guwahati,Central,FTL,CARR_11,CUST_075,2026-04-08,2026-04-05,36096.37,1302,Delivered
SHP001146,2026-05-01,2026-05-01,2026-05-09,Pune,Ahmedabad,West,FTL,CARR_05,CUST_036,2026-05-09,,11662.46,410,In-Transit
SHP000580,2026-03-26,2026-03-26,2026-04-02,Bengaluru,Hyderabad,South,FTL,CARR_07,CUST_054,2026-04-02,,290451.11,865,Delayed
SHP002651,2026-01-27,2026-01-28,2026-02-01,Surat,Kolkata,West,PTL,CARR_11,CUST_074,2026-02-01,2026-01-29,20323.55,2478,Delivered
SHP001747,2026-05-25,2026-05-26,2026-06-02,Surat,Mumbai,West,FTL,CARR_07,CUST_103,2026-06-02,2026-05-29,14939.85,60,Delivered
SHP004839,2026-04-19,2026-04-20,2026-04-24,Guwahati,Ahmedabad,East,FTL,CARR_11,CUST_054,2026-04-24,2026-04-22,36926.39,1383,Delivered
SHP004795,2026-02-16,2026-02-19,2026-02-21,Delhi,Delhi,North,LTL,CARR_07,CUST_001,2026-02-21,2026-03-01,67887.08,593,Delivered
SHP002721,2026-03-27,2026-03-28,2026-03-31,Guwahati,Lucknow,East,PTL,CARR_14,CUST_049,2026-03-31,,764.85,101,In-Transit
SHP000754,2026-06-26,2026-06-27,2026-07-03,Chennai,Surat,South,PTL,CARR_06,CUST_059,2026-07-03,,13291.56,1927,Delivered
SHP000047,,2026-02-24,2026-03-03,Ahmedabad,Bhopal,West,LTL,CARR_12,CUST_013,2026-03-03,2026-03-01,4112.38,382,Delivered
SHP004620,2026-05-09,2026-05-10,2026-05-13,Chandigarh,Surat,North,LTL,CARR_14,CUST_101,2026-05-13,,18049.46,1642,In-Transit
SHP002860,,2026-01-09,2026-01-17,Jaipur,Patna,North,FTL,CARR_15,CUST_028,2026-01-17,,51427.06,2280,In-Transit
SHP001647,2026-04-20,2026-04-21,2026-04-23,Kolkata,Pune,East,PTL,CARR_09,CUST_015,2026-04-23,2026-05-01,2301.23,269,Delivered
SHP004999,2026-06-10,2026-06-11,2026-06-19,Hyderabad,Pune,South,LTL,CARR_09,CUST_106,2026-06-19,2026-06-12,16541.0,1464,Delivered
SHP004468,2026-01-13,2026-01-15,2026-01-18,Ahmedabad,Delhi,West,FTL,CARR_13,CUST_114,2026-01-18,2026-01-24,35027.23,1369,Delayed
SHP003958,2026-03-22,2026-03-25,2026-03-30,Lucknow,Hyderabad,North,PTL,CARR_11,CUST_068,2026-03-30,2026-03-29,13945.69,1795,Delivered
SHP004032,2026-01-15,2026-01-15,2026-01-20,Kochi,Chennai,South,FTL,CARR_11,CUST_057,2026-01-20,,43505.82,1521,Delayed
SHP002870,2026-06-24,2026-06-24,2026-06-27,Patna,Hyderabad,East,FTL,CARR_03,CUST_119,2026-06-27,2026-07-01,61341.55,2292,Delivered
SHP003615,2026-02-11,2026-02-14,2026-02-16,Kolkata,Ahmedabad,East,LTL,CARR_02,CUST_057,2026-02-16,2026-02-16,28606.04,2266,Delivered
SHP004953,,2026-03-02,2026-03-07,Chennai,Chennai,South,PTL,CARR_14,CUST_035,2026-03-07,,3158.87,419,Delivered
SHP003527,2026-06-28,2026-06-30,2026-07-05,Lucknow,Bhopal,North,LTL,CARR_05,CUST_035,2026-07-05,2026-07-06,23636.18,1839,Delayed
SHP003457,2026-03-15,2026-03-17,2026-03-19,Hyderabad,Patna,South,LTL,CARR_12,CUST_054,2026-03-19,,27847.95,2170,In-Transit
SHP001320,2026-05-31,2026-06-02,2026-06-05,Bengaluru,Delhi,South,PTL,CARR_14,CUST_108,2026-06-05,,12958.42,1829,Delivered
SHP004685,2026-06-26,2026-06-27,2026-07-05,Ahmedabad,Ahmedabad,West,FTL,CARR_13,CUST_077,2026-07-05,2026-07-03,41082.74,1441,Delivered
SHP001178,2026-03-17,2026-03-18,2026-03-21,Kochi,Kochi,South,PTL,CARR_02,CUST_012,2026-03-21,,14552.2,1733,Delayed
SHP004232,2026-03-28,2026-03-31,2026-04-03,Nagpur,Chennai,Central,PTL,CARR_04,CUST_087,2026-04-03,2026-04-03,10712.43,1170,Delivered
SHP001584,2026-06-26,2026-06-26,2026-06-30,Chennai,Hyderabad,South,PTL,CARR_08,CUST_071,2026-06-30,2026-07-01,17650.99,2068,Delivered
SHP003590,2026-01-11,2026-01-11,2026-01-15,Bhubaneswar,Kolkata,East,FTL,CARR_06,CUST_011,2026-01-15,2026-01-17,17947.98,731,Delayed
SHP003124,2026-04-12,2026-04-15,2026-04-22,Kolkata,Raipur,East,PTL,CARR_14,CUST_007,2026-04-22,2026-04-25,18935.87,2430,Delivered
SHP003424,2026-02-22,2026-02-22,2026-02-28,Bhubaneswar,Nagpur,East,LTL,CARR_03,CUST_089,2026-02-28,2026-03-02,6016.34,539,Delivered
SHP001133,2026-06-01,2026-06-03,2026-06-08,Lucknow,Indore,North,FTL,CARR_10,CUST_105,2026-06-08,2026-06-13,5562.78,221,Delivered
SHP003703,2026-02-03,2026-02-04,2026-02-06,Indore,Surat,Central,FTL,CARR_04,CUST_075,2026-02-06,2026-02-06,7673.99,319,Delayed
SHP003288,2026-05-26,2026-05-29,2026-06-04,Bhopal,Hyderabad,Central,PTL,CARR_02,CUST_089,2026-06-04,2026-05-30,3844.16,560,Delivered
SHP003493,2026-01-04,2026-01-05,2026-01-10,Nagpur,Bhopal,Central,FTL,CARR_02,CUST_003,2026-01-10,,63600.92,2498,In-Transit
SHP003050,2026-06-15,2026-06-16,2026-06-24,Pune,Kolkata,West,FTL,CARR_06,CUST_101,2026-06-24,2026-06-22,11943.07,478,Delivered
SHP001081,2026-04-16,2026-04-17,2026-04-22,Bhopal,Chandigarh,Central,FTL,CARR_15,CUST_095,2026-04-22,2026-04-19,39226.38,1682,Delayed
SHP003487,2026-04-28,2026-04-30,2026-05-05,Ahmedabad,Hyderabad,West,FTL,CARR_01,CUST_045,2026-05-05,2026-05-01,30919.89,1367,Delivered
SHP004885,2026-05-07,2026-05-10,2026-05-14,Mumbai,Surat,West,FTL,CARR_09,CUST_091,2026-05-14,2026-05-13,4410.97,176,Delivered
SHP004887,2026-01-20,2026-01-22,2026-01-27,Pune,Chandigarh,West,FTL,CARR_15,CUST_108,2026-01-27,2026-01-30,26702.12,1001,Delayed
SHP002069,2026-01-25,2026-01-28,2026-02-05,Kolkata,Delhi,East,PTL,CARR_09,CUST_051,2026-02-05,2026-02-02,16427.54,1935,Delivered
SHP000443,2026-05-15,2026-05-18,2026-05-26,Bengaluru,Patna,South,PTL,CARR_02,CUST_002,2026-05-26,,14693.11,2074,Delivered
SHP003994,2026-06-27,2026-06-27,2026-07-04,Hyderabad,Surat,South,FTL,CARR_14,CUST_117,2026-07-04,,30742.91,1409,Delayed
SHP000873,2026-04-17,2026-04-18,2026-04-22,Hyderabad,Raipur,South,FTL,CARR_08,CUST_048,2026-04-22,,28244.55,1006,Delayed
SHP002310,2026-05-22,2026-05-25,2026-05-30,Ahmedabad,Chennai,West,LTL,CARR_09,CUST_094,2026-05-30,2026-06-02,9519.58,730,Delivered
SHP001615,2026-03-07,2026-03-10,2026-03-18,Mumbai,Bhubaneswar,West,LTL,CARR_15,CUST_090,2026-03-18,2026-03-11,19857.36,1473,Delivered
SHP000449,2026-05-01,2026-05-03,2026-05-10,Mumbai,Chennai,West,FTL,CARR_03,CUST_005,2026-05-10,2026-05-06,48139.09,1963,Delayed
SHP002654,2026-01-20,2026-01-23,2026-01-26,Jaipur,Lucknow,North,LTL,CARR_07,CUST_097,2026-01-26,2026-01-30,313378.88,2395,Delivered
SHP002492,2026-02-09,2026-02-10,2026-02-14,Lucknow,Ahmedabad,North,FTL,CARR_10,CUST_021,2026-02-14,2026-02-16,15356.43,581,Delivered
SHP003145,2026-02-23,2026-02-25,2026-02-28,Chandigarh,Chandigarh,North,LTL,CARR_11,CUST_036,2026-02-28,,3861.02,292,In-Transit
SHP004905,2026-05-21,2026-05-24,2026-05-29,Raipur,Bhopal,Central,PTL,CARR_11,CUST_011,2026-05-29,2026-05-26,13602.92,1625,Delayed
SHP000901,2026-01-07,2026-01-10,2026-01-15,Mumbai,Ahmedabad,West,PTL,CARR_11,CUST_063,2026-01-15,2026-01-11,3215.58,405,Delivered
SHP004532,2026-05-02,2026-05-05,2026-05-12,Chandigarh,Kolkata,North,LTL,CARR_05,CUST_086,2026-05-12,,9126.61,683,In-Transit
SHP001729,2026-03-20,2026-03-20,2026-03-27,Indore,Chennai,Central,PTL,CARR_10,CUST_038,2026-03-27,,4075.27,549,In-Transit
SHP000218,2026-04-03,2026-04-04,2026-04-08,Chennai,Bengaluru,South,FTL,CARR_08,CUST_007,2026-04-08,,48850.01,1951,Delivered
SHP000383,2026-01-23,2026-01-25,2026-02-01,Pune,Lucknow,West,FTL,CARR_01,CUST_023,2026-02-01,2026-02-01,52858.93,1999,Delivered
SHP004752,2026-02-15,2026-02-18,2026-02-20,Hyderabad,Guwahati,South,LTL,CARR_11,CUST_117,2026-02-20,,19212.05,1662,In-Transit
SHP003347,2026-02-24,2026-02-25,2026-03-04,Bhubaneswar,Chennai,East,LTL,CARR_11,CUST_018,2026-03-04,2026-03-03,12346.4,936,Delivered
SHP003254,2026-02-24,2026-02-27,2026-03-03,Raipur,Raipur,Central,FTL,CARR_13,CUST_119,2026-03-03,2026-03-08,46644.14,1887,Delivered
SHP002788,2026-01-18,2026-01-19,2026-01-25,Kochi,Patna,South,LTL,CARR_09,CUST_006,2026-01-25,,12266.65,1126,Delivered
SHP003131,2026-05-28,2026-05-31,2026-06-08,Delhi,Bhopal,North,LTL,CARR_05,CUST_097,2026-06-08,2026-06-04,3288.07,309,Delivered
SHP003280,2026-02-23,2026-02-26,2026-03-05,Ahmedabad,Delhi,West,PTL,CARR_14,CUST_105,2026-03-05,2026-02-28,2709.02,310,Delivered
SHP002075,2026-01-14,2026-01-15,2026-01-18,Patna,Kochi,East,FTL,CARR_15,CUST_064,2026-01-18,,16575.14,665,Cancelled
SHP000013,2026-04-16,2026-04-19,2026-04-26,Pune,Delhi,West,LTL,CARR_06,CUST_055,2026-04-26,,4719.45,453,In-Transit
SHP004603,2026-03-09,2026-03-12,2026-03-17,Kolkata,Surat,East,FTL,CARR_01,CUST_086,2026-03-17,2026-03-21,14188.82,512,Delivered
SHP003835,2026-02-17,2026-02-17,2026-02-20,Jaipur,Kolkata,North,FTL,CARR_15,CUST_061,2026-02-20,,2095.47,90,In-Transit
SHP000975,2026-02-01,2026-02-03,2026-02-08,Patna,Pune,East,FTL,CARR_11,CUST_101,2026-02-08,2026-02-09,41940.44,1601,Delivered
SHP004712,2026-04-09,2026-04-11,2026-04-16,Chennai,Bhopal,South,PTL,CARR_04,CUST_082,2026-04-16,,9260.68,1248,Delivered
SHP004858,2026-03-26,2026-03-26,2026-03-30,Patna,Patna,East,PTL,CARR_01,CUST_104,2026-03-30,,2416.98,276,Cancelled
SHP003910,2026-03-06,2026-03-07,2026-03-15,Bhubaneswar,Lucknow,East,FTL,CARR_09,CUST_050,2026-03-15,2026-03-09,22962.4,937,Delayed
SHP001026,2026-01-07,2026-01-07,2026-01-12,Delhi,Hyderabad,North,PTL,CARR_14,CUST_110,2026-01-12,2026-01-09,15331.89,2211,Delivered
SHP002368,2026-05-11,2026-05-12,2026-05-19,Lucknow,Guwahati,North,LTL,CARR_06,CUST_018,2026-05-19,2026-05-15,17305.16,1634,Delivered
SHP003118,2026-01-02,2026-01-04,2026-01-11,Nagpur,Bhopal,Central,FTL,CARR_04,CUST_023,2026-01-11,2026-01-06,6041.54,263,Delivered
SHP004023,2026-04-21,2026-04-21,2026-04-24,Pune,Hyderabad,West,PTL,CARR_09,CUST_100,2026-04-24,2026-04-25,7464.96,827,Delivered
SHP003133,2026-04-02,2026-04-04,2026-04-06,Ahmedabad,Nagpur,West,FTL,CARR_11,CUST_038,2026-04-06,2026-04-07,3114.62,117,Delivered
SHP003848,2026-04-05,2026-04-06,2026-04-09,Kochi,Mumbai,South,LTL,CARR_08,CUST_068,2026-04-09,2026-04-12,30488.13,2454,Delivered
SHP003062,2026-06-21,2026-06-24,2026-07-01,Raipur,Chandigarh,Central,FTL,CARR_15,CUST_039,2026-07-01,,42101.39,1629,In-Transit
SHP004928,2026-03-04,2026-03-04,2026-03-08,Lucknow,Lucknow,North,LTL,CARR_01,CUST_033,2026-03-08,2026-03-07,6767.01,497,Delayed
SHP003673,2026-03-26,2026-03-26,2026-04-02,Chennai,Hyderabad,South,LTL,CARR_06,CUST_055,2026-04-02,2026-04-01,23957.01,2228,Delivered
SHP003605,2026-06-24,2026-06-26,2026-06-28,Kochi,Kolkata,South,FTL,CARR_07,CUST_114,2026-06-28,,290604.07,1291,Delivered
SHP004053,2026-05-12,2026-05-12,2026-05-15,Jaipur,Hyderabad,North,FTL,CARR_09,CUST_085,2026-05-15,2026-05-14,53797.76,1939,Delivered
SHP004994,2026-01-03,2026-01-06,2026-01-08,Raipur,Kolkata,Central,FTL,CARR_02,CUST_022,2026-01-08,2026-01-10,49714.5,2277,Delivered
SHP002017,2026-05-19,2026-05-22,2026-05-24,Indore,Guwahati,Central,LTL,CARR_12,CUST_030,2026-05-24,2026-05-31,14757.67,1383,Delayed
SHP002259,2026-02-10,2026-02-10,2026-02-12,Jaipur,Bengaluru,North,FTL,CARR_11,CUST_059,2026-02-12,2026-02-13,40237.84,1546,Delivered
SHP002439,2026-01-19,2026-01-22,2026-01-28,Kochi,Chandigarh,South,LTL,CARR_05,CUST_032,2026-01-28,,3665.03,323,Delivered
SHP001509,2026-04-11,2026-04-12,2026-04-15,Surat,Delhi,West,FTL,CARR_06,CUST_096,2026-04-15,,4028.74,181,Cancelled
SHP001494,2026-05-06,2026-05-06,2026-05-11,Raipur,Chandigarh,Central,PTL,CARR_01,CUST_084,2026-05-11,2026-05-13,17157.9,2491,Delivered
SHP001586,2026-04-12,2026-04-15,2026-04-23,Pune,Jaipur,West,FTL,CARR_12,CUST_119,2026-04-23,2026-04-22,39966.32,1873,Delivered
SHP002365,2026-06-26,2026-06-28,2026-07-03,Chennai,Bhubaneswar,South,FTL,CARR_12,CUST_058,2026-07-03,,11552.53,451,Delivered
SHP001431,2026-05-04,2026-05-06,2026-05-08,Chandigarh,Patna,North,PTL,CARR_11,CUST_025,2026-05-08,2026-05-13,706.29,102,Delivered
SHP002033,2026-06-30,2026-07-03,2026-07-09,Guwahati,Bhopal,East,PTL,CARR_15,CUST_075,2026-07-09,2026-07-05,15131.58,1707,Delivered
SHP003936,2026-05-26,2026-05-29,2026-06-03,Pune,Pune,West,FTL,CARR_14,CUST_072,2026-06-03,2026-05-27,5749.92,244,Delivered
SHP003234,2026-01-04,2026-01-07,2026-01-13,Chandigarh,Kolkata,North,FTL,CARR_05,CUST_052,2026-01-13,2026-01-12,48368.2,1753,Delayed
SHP004543,2026-02-10,2026-02-11,2026-02-18,Kolkata,Chandigarh,East,PTL,CARR_01,CUST_031,2026-02-18,2026-02-16,17538.59,2121,Delivered
SHP000667,2026-01-27,2026-01-30,2026-02-07,Delhi,Bengaluru,North,LTL,CARR_04,CUST_027,2026-02-07,2026-01-31,25023.0,2121,Delivered
SHP002290,2026-06-12,2026-06-14,2026-06-20,Bhopal,Bengaluru,Central,LTL,CARR_08,CUST_063,2026-06-20,2026-06-21,1084.18,106,Delivered
SHP001181,2026-03-02,2026-03-03,2026-03-07,Guwahati,Hyderabad,East,LTL,CARR_06,CUST_069,2026-03-07,2026-03-07,11956.35,878,Delivered
SHP002284,2026-03-18,2026-03-21,2026-03-27,Surat,Mumbai,West,FTL,CARR_02,CUST_120,2026-03-27,,7064.79,247,Cancelled
SHP003268,2026-05-26,2026-05-27,2026-05-29,Guwahati,Guwahati,East,LTL,CARR_13,CUST_074,2026-05-29,2026-05-31,16793.15,1530,Delivered
SHP004446,2026-04-28,2026-04-28,2026-05-03,Bhopal,Pune,Central,FTL,CARR_12,CUST_089,2026-05-03,2026-04-29,11799.5,478,Delivered
SHP002475,2026-02-01,2026-02-01,2026-02-03,Nagpur,Bengaluru,Central,FTL,CARR_12,CUST_083,2026-02-03,,24752.39,1096,In-Transit
SHP002340,2026-01-15,2026-01-16,2026-01-22,Ahmedabad,Bhubaneswar,West,FTL,CARR_10,CUST_114,2026-01-22,,13002.73,503,In-Transit
SHP001506,2026-01-26,2026-01-27,2026-02-04,Lucknow,Bhopal,North,LTL,CARR_05,CUST_115,2026-02-04,2026-02-01,14746.13,1170,Delivered
SHP004443,2026-04-05,2026-04-06,2026-04-10,Indore,Bengaluru,Central,PTL,CARR_07,CUST_019,2026-04-10,2026-04-16,109067.09,1647,Delivered
SHP004818,2026-01-30,2026-01-30,2026-02-06,Raipur,Mumbai,Central,FTL,CARR_10,CUST_111,2026-02-06,2026-02-02,5345.89,211,Delivered
SHP000617,2026-04-30,2026-04-30,2026-05-03,Mumbai,Guwahati,West,LTL,CARR_09,CUST_116,2026-05-03,2026-05-02,6656.91,493,Delayed
SHP003352,2026-05-03,2026-05-04,2026-05-10,Surat,Raipur,West,LTL,CARR_05,CUST_050,2026-05-10,2026-05-11,25137.22,2154,Delivered
SHP002264,2026-06-23,2026-06-25,2026-06-28,Lucknow,Mumbai,North,LTL,CARR_03,CUST_031,2026-06-28,2026-06-29,24437.22,2052,Delivered
SHP002614,2026-01-04,2026-01-06,2026-01-14,Bengaluru,Surat,South,PTL,CARR_08,CUST_109,2026-01-14,,14236.47,1882,Delivered
SHP000597,2026-04-24,2026-04-25,2026-04-29,Jaipur,Chandigarh,North,FTL,CARR_13,CUST_073,2026-04-29,2026-04-30,45064.2,2011,Delivered
SHP003297,2026-03-21,2026-03-21,2026-03-28,Lucknow,Chennai,North,FTL,CARR_05,CUST_066,2026-03-28,2026-03-30,36368.96,1655,Delivered
SHP003727,2026-06-14,2026-06-16,2026-06-21,Bhopal,Chandigarh,Central,LTL,CARR_02,CUST_015,2026-06-21,2026-06-17,16856.21,1460,Delivered
SHP001571,2026-01-01,2026-01-04,2026-01-10,Mumbai,Indore,West,FTL,CARR_10,CUST_040,2026-01-10,2026-01-14,14551.43,634,Delivered
SHP002003,2026-01-09,2026-01-10,2026-01-12,Delhi,Indore,North,FTL,CARR_04,CUST_033,2026-01-12,2026-01-18,26004.67,1144,Delivered
SHP003375,2026-06-05,2026-06-06,2026-06-10,Delhi,Lucknow,North,LTL,CARR_12,CUST_094,2026-06-10,2026-06-10,15574.25,1523,Delivered
SHP003905,2026-01-24,2026-01-26,2026-01-30,Patna,Bengaluru,East,PTL,CARR_11,CUST_068,2026-01-30,2026-02-05,18288.83,2264,Delivered
SHP000982,2026-03-28,2026-03-30,2026-04-07,Surat,Nagpur,West,PTL,CARR_06,CUST_006,2026-04-07,2026-04-07,8376.85,1037,Delivered
SHP001175,2026-02-11,2026-02-12,2026-02-14,Jaipur,Hyderabad,North,FTL,CARR_07,CUST_051,2026-02-14,2026-02-22,241253.44,881,Delivered
SHP004104,2026-06-22,2026-06-22,2026-06-29,Hyderabad,Guwahati,South,PTL,CARR_07,CUST_090,2026-06-29,2026-06-19,125026.48,1793,Delivered
SHP002888,2026-06-28,2026-06-28,2026-07-04,Pune,Jaipur,West,FTL,CARR_06,CUST_109,2026-07-04,,7204.89,293,Cancelled
SHP004124,2026-06-25,2026-06-27,2026-06-29,Delhi,Bhopal,North,LTL,CARR_09,CUST_030,2026-06-29,2026-07-02,6868.61,584,Delivered
SHP002181,2026-02-18,2026-02-18,2026-02-24,Chennai,Bhubaneswar,South,FTL,CARR_04,CUST_105,2026-02-24,,7761.86,325,Delivered
SHP003769,2026-06-28,2026-06-29,2026-07-03,Bengaluru,Lucknow,South,FTL,CARR_07,CUST_023,2026-07-03,2026-07-03,483880.16,2351,Delivered
SHP003537,2026-06-20,2026-06-23,2026-07-01,Bhubaneswar,Ahmedabad,East,LTL,CARR_09,CUST_046,2026-07-01,2026-07-03,14906.65,1321,Delivered
SHP001088,2026-05-08,2026-05-11,2026-05-17,Bhopal,Indore,Central,LTL,CARR_10,CUST_106,2026-05-17,2026-05-21,25849.95,2068,Delivered
SHP004127,2026-02-14,2026-02-17,2026-02-25,Kolkata,Chennai,East,LTL,CARR_04,CUST_103,2026-02-25,2026-02-22,3163.29,262,Delivered
SHP002798,2026-06-26,2026-06-28,2026-07-04,Kochi,Kolkata,South,LTL,CARR_07,CUST_117,2026-07-04,,37432.87,340,Delivered
SHP000686,2026-06-16,2026-06-19,2026-06-21,Jaipur,Bengaluru,North,PTL,CARR_12,CUST_057,2026-06-21,2026-06-21,18433.43,2093,Delivered
SHP004337,2026-01-19,2026-01-19,2026-01-24,Bengaluru,Chandigarh,South,PTL,CARR_03,CUST_036,2026-01-24,,4102.38,534,Delivered
SHP001916,2026-05-23,2026-05-25,2026-05-29,Pune,Chandigarh,West,LTL,CARR_05,CUST_018,2026-05-29,2026-05-22,12137.47,1156,Delivered
SHP001075,2026-04-08,2026-04-08,2026-04-16,Pune,Chandigarh,West,LTL,CARR_06,CUST_045,2026-04-16,2026-04-09,11869.3,929,Delivered
SHP000809,2026-01-01,2026-01-01,2026-01-08,Raipur,Surat,Central,FTL,CARR_12,CUST_039,2026-01-08,2026-01-06,61082.86,2326,Delivered
SHP000993,2026-02-26,2026-02-26,2026-03-01,Bengaluru,Surat,South,PTL,CARR_04,CUST_018,2026-03-01,,12973.86,1861,In-Transit
SHP003168,2026-01-13,2026-01-14,2026-01-17,Indore,Kolkata,Central,PTL,CARR_04,CUST_111,2026-01-17,2026-01-16,21611.3,2475,Delivered
SHP001131,2026-02-16,2026-02-16,2026-02-24,Chandigarh,Lucknow,North,PTL,CARR_07,CUST_118,2026-02-24,2026-02-22,127602.78,1192,Delivered
SHP000722,2026-05-06,2026-05-09,2026-05-16,Raipur,Jaipur,Central,LTL,CARR_13,CUST_072,2026-05-16,2026-05-15,11529.0,1015,Delivered
SHP004840,2026-06-27,2026-06-28,2026-07-05,Guwahati,Lucknow,East,LTL,CARR_11,CUST_074,2026-07-05,2026-07-05,5389.96,450,Delivered
SHP004809,2026-04-05,2026-04-05,2026-04-07,Nagpur,Bengaluru,Central,PTL,CARR_14,CUST_011,2026-04-07,,18696.18,2309,In-Transit
SHP002022,2026-05-30,2026-05-30,2026-06-04,Ahmedabad,Ahmedabad,West,LTL,CARR_12,CUST_117,2026-06-04,2026-06-01,4152.55,382,Delivered
SHP000293,2026-03-02,2026-03-04,2026-03-07,Surat,Chennai,West,PTL,CARR_03,CUST_094,2026-03-07,2026-03-06,5682.88,733,Delivered
SHP002050,2026-05-15,2026-05-16,2026-05-21,Kolkata,Hyderabad,East,FTL,CARR_04,CUST_071,2026-05-21,2026-05-25,14912.36,700,Delivered
SHP000547,2026-01-25,2026-01-26,2026-02-03,Delhi,Kolkata,North,LTL,CARR_13,CUST_006,2026-02-03,2026-02-04,912.64,79,Delivered
SHP003456,2026-03-05,2026-03-06,2026-03-10,Kolkata,Kolkata,East,FTL,CARR_12,CUST_106,2026-03-10,,64812.11,2337,Cancelled
SHP002476,2026-03-06,,2026-03-13,Kolkata,Guwahati,East,FTL,CARR_06,CUST_014,2026-03-13,2026-03-16,41261.66,1678,Delivered
SHP003282,2026-05-22,2026-05-24,2026-05-28,Raipur,Chennai,Central,FTL,CARR_11,CUST_024,2026-05-28,2026-05-25,13980.46,641,Delivered
SHP003702,2026-02-08,2026-02-10,2026-02-15,Delhi,Nagpur,North,FTL,CARR_05,CUST_033,2026-02-15,2026-02-14,27728.71,1244,Delivered
SHP002971,2026-02-03,2026-02-06,2026-02-08,Chennai,Kochi,South,LTL,CARR_15,CUST_057,2026-02-08,2026-02-08,16124.92,1444,Delivered
SHP004574,2026-01-11,2026-01-13,2026-01-21,Chennai,Lucknow,South,FTL,CARR_10,CUST_047,2026-01-21,,26229.82,999,Delivered
SHP002048,2026-03-30,2026-03-31,2026-04-03,Pune,Bhubaneswar,West,LTL,CARR_08,CUST_037,2026-04-03,2026-04-07,15370.45,1280,Delayed
SHP000694,2026-06-24,2026-06-27,2026-07-04,Delhi,Chennai,North,FTL,CARR_06,CUST_107,2026-07-04,2026-06-29,49962.74,1796,Delivered
SHP004794,2026-03-17,2026-03-17,2026-03-21,Guwahati,Kolkata,East,FTL,CARR_02,CUST_033,2026-03-21,2026-03-21,19663.86,778,Delivered
SHP000758,2026-01-17,2026-01-19,2026-01-27,Kolkata,Chennai,East,FTL,CARR_06,CUST_029,2026-01-27,2026-01-29,49676.51,1936,Delivered
SHP003810,2026-01-18,2026-01-20,2026-01-26,Bhubaneswar,Nagpur,East,PTL,CARR_13,CUST_012,2026-01-26,2026-01-24,6982.1,952,Delivered
SHP003332,2026-04-29,2026-04-30,2026-05-05,Ahmedabad,Jaipur,West,LTL,CARR_05,CUST_108,2026-05-05,2026-05-10,19489.71,1539,Delivered
SHP001611,2026-05-07,2026-05-07,2026-05-14,Delhi,Indore,North,FTL,CARR_14,CUST_019,2026-05-14,,23542.3,881,Cancelled
SHP001124,2026-06-21,2026-06-23,2026-06-30,Kochi,Bhopal,South,FTL,CARR_11,CUST_084,2026-06-30,2026-06-27,55215.74,2490,Delivered
SHP001184,2026-05-18,2026-05-18,2026-05-22,Patna,Chandigarh,East,FTL,CARR_06,CUST_003,2026-05-22,,32678.69,1304,In-Transit
SHP004307,,2026-05-22,2026-05-27,Bhopal,Jaipur,Central,LTL,CARR_01,CUST_052,2026-05-27,,19134.73,1437,Cancelled
SHP000888,2026-05-06,2026-05-09,2026-05-15,Ahmedabad,Surat,West,LTL,CARR_03,CUST_118,2026-05-15,2026-05-18,15909.53,1218,Delivered
SHP001456,2026-03-18,2026-03-21,2026-03-24,Delhi,Raipur,North,LTL,CARR_12,CUST_120,2026-03-24,2026-03-31,20601.53,1809,Delayed
SHP001120,2026-04-08,2026-04-09,2026-04-14,Pune,Chandigarh,West,PTL,CARR_09,CUST_069,2026-04-14,2026-04-11,12754.15,1498,Delivered
SHP000050,2026-04-21,2026-04-23,2026-04-27,Guwahati,Guwahati,East,LTL,CARR_10,CUST_006,2026-04-27,2026-05-03,1631.96,155,Delayed
SHP000102,2026-04-25,2026-04-28,2026-05-05,Bhubaneswar,Delhi,East,FTL,CARR_05,CUST_040,2026-05-05,2026-05-01,44620.17,1868,Delivered
SHP002632,2026-02-12,2026-02-15,2026-02-23,Kolkata,Surat,East,LTL,CARR_14,CUST_101,2026-02-23,,18239.02,1610,Cancelled
SHP000039,2026-04-05,2026-04-05,2026-04-12,Bhopal,Bhopal,Central,FTL,CARR_07,CUST_085,2026-04-12,2026-04-14,298984.32,1447,Delivered
SHP001182,2026-04-05,2026-04-08,2026-04-15,Guwahati,Mumbai,East,FTL,CARR_12,CUST_035,2026-04-15,2026-04-15,62047.34,2358,Delivered
SHP002242,2026-03-13,2026-03-14,2026-03-22,Lucknow,Delhi,North,LTL,CARR_07,CUST_013,2026-03-22,2026-03-18,158461.29,1873,Delivered
SHP001241,2026-01-28,2026-01-29,2026-02-06,Kolkata,Indore,East,FTL,CARR_04,CUST_093,2026-02-06,2026-02-07,4639.07,215,Delivered
SHP001234,2026-05-07,2026-05-10,2026-05-13,Kolkata,Mumbai,East,FTL,CARR_03,CUST_116,2026-05-13,2026-05-15,24210.95,952,Delivered
SHP000126,2026-04-12,2026-04-15,2026-04-22,Chandigarh,Pune,North,PTL,CARR_01,CUST_108,2026-04-22,2026-04-18,10996.67,1235,Delivered
SHP004211,2026-04-05,2026-04-05,2026-04-09,Nagpur,Nagpur,Central,LTL,CARR_08,CUST_069,2026-04-09,,16275.69,1457,In-Transit
SHP000515,2026-03-30,2026-04-02,2026-04-10,Nagpur,Indore,Central,FTL,CARR_05,CUST_037,2026-04-10,2026-04-09,65313.85,2425,Delivered
SHP000764,2026-01-06,2026-01-08,2026-01-11,Nagpur,Bengaluru,Central,LTL,CARR_12,CUST_053,2026-01-11,2026-01-18,8954.39,731,Delivered
SHP004663,2026-05-12,2026-05-12,2026-05-20,Lucknow,Bengaluru,North,LTL,CARR_10,CUST_041,2026-05-20,2026-05-13,22642.4,1899,Delivered
SHP002026,2026-01-10,2026-01-12,2026-01-14,Bhopal,Kochi,Central,LTL,CARR_12,CUST_048,2026-01-14,,25373.63,2407,In-Transit
SHP002756,,2026-02-28,2026-03-03,Pune,Bhopal,West,LTL,CARR_12,CUST_115,2026-03-03,2026-03-02,18742.7,1632,Delivered
SHP004669,2026-05-02,2026-05-02,2026-05-06,Hyderabad,Nagpur,South,LTL,CARR_09,CUST_082,2026-05-06,,6931.63,605,In-Transit
SHP000066,2026-04-27,2026-04-29,2026-05-05,Indore,Lucknow,Central,FTL,CARR_09,CUST_016,2026-05-05,2026-05-04,44143.19,1610,Delayed
SHP001610,2026-01-09,2026-01-10,2026-01-16,Nagpur,Pune,Central,FTL,CARR_01,CUST_104,2026-01-16,2026-01-11,43332.84,1652,Delivered
SHP000609,2026-01-17,2026-01-18,2026-01-20,Indore,Chandigarh,Central,FTL,CARR_09,CUST_014,2026-01-20,2026-01-28,29818.03,1316,Delivered
SHP001398,2026-02-26,2026-03-01,2026-03-03,Patna,Kolkata,East,PTL,CARR_01,CUST_075,2026-03-03,2026-03-10,9439.06,1122,Delivered
SHP003649,2026-03-10,2026-03-12,2026-03-18,Kochi,Indore,South,PTL,CARR_15,CUST_014,2026-03-18,,19434.93,2196,Delivered
SHP001573,2026-01-27,2026-01-27,2026-02-01,Jaipur,Patna,North,LTL,CARR_12,CUST_117,2026-02-01,2026-02-04,24667.77,1802,Delivered
SHP001323,2026-01-15,2026-01-16,2026-01-23,Guwahati,Surat,East,FTL,CARR_01,CUST_013,2026-01-23,2026-01-21,3142.47,115,Delivered
SHP001079,2026-01-05,2026-01-07,2026-01-12,Bengaluru,Hyderabad,South,FTL,CARR_01,CUST_016,2026-01-12,,66359.56,2361,Delivered
SHP001462,2026-03-26,2026-03-28,2026-03-31,Bengaluru,Ahmedabad,South,PTL,CARR_14,CUST_011,2026-03-31,,11399.45,1643,Delayed
SHP004731,2026-01-26,2026-01-26,2026-02-02,Lucknow,Delhi,North,FTL,CARR_13,CUST_003,2026-02-02,2026-01-30,1536.29,67,Delivered
SHP002489,2026-06-04,2026-06-07,2026-06-15,Kolkata,Mumbai,East,PTL,CARR_12,CUST_076,2026-06-15,2026-06-17,3358.64,443,Delivered
SHP002339,2026-04-17,2026-04-20,2026-04-25,Bhopal,Bengaluru,Central,FTL,CARR_04,CUST_120,2026-04-25,2026-04-27,52185.46,1924,Delivered
SHP001936,2026-03-03,2026-03-04,2026-03-07,Mumbai,Chennai,West,LTL,CARR_15,CUST_039,2026-03-07,2026-03-05,25292.39,1852,Delivered
SHP003566,2026-03-15,2026-03-16,2026-03-20,Ahmedabad,Ahmedabad,West,LTL,CARR_07,CUST_089,2026-03-20,2026-03-22,105621.13,780,Delivered
SHP002095,2026-05-17,2026-05-18,2026-05-26,Kolkata,Jaipur,East,FTL,CARR_02,CUST_086,2026-05-26,2026-05-19,45877.35,1624,Delivered
SHP003720,2026-04-03,2026-04-04,2026-04-12,Hyderabad,Raipur,South,FTL,CARR_02,CUST_048,2026-04-12,,54096.94,1951,Delivered
SHP004466,2026-06-26,2026-06-29,2026-07-03,Indore,Mumbai,Central,LTL,CARR_09,CUST_042,2026-07-03,2026-07-06,6747.78,635,Delivered
SHP001209,2026-04-18,2026-04-21,2026-04-25,Ahmedabad,Mumbai,West,LTL,CARR_01,CUST_018,2026-04-25,,16004.03,1316,In-Transit
SHP004933,2026-06-11,2026-06-14,2026-06-21,Bhubaneswar,Jaipur,East,LTL,CARR_05,CUST_100,2026-06-21,2026-06-18,6549.21,623,Delivered
SHP002894,2026-02-14,2026-02-17,2026-02-23,Ahmedabad,Indore,West,FTL,CARR_01,CUST_074,2026-02-23,2026-02-20,61787.72,2166,Delivered
SHP004311,2026-05-07,2026-05-09,2026-05-13,Ahmedabad,Hyderabad,West,LTL,CARR_11,CUST_069,2026-05-13,2026-05-11,21520.78,1564,Delivered
SHP001215,2026-03-26,2026-03-29,2026-04-04,Kolkata,Nagpur,East,FTL,CARR_01,CUST_076,2026-04-04,2026-04-01,53433.22,2003,Delivered
SHP004520,2026-06-06,2026-06-09,2026-06-17,Nagpur,Bengaluru,Central,PTL,CARR_12,CUST_013,2026-06-17,2026-06-17,14106.3,1677,Delivered
SHP003757,2026-03-24,2026-03-26,2026-03-29,Bhubaneswar,Lucknow,East,FTL,CARR_14,CUST_119,2026-03-29,2026-04-03,6616.26,246,Delivered
SHP000533,2026-03-21,2026-03-22,2026-03-30,Bhopal,Bengaluru,Central,LTL,CARR_15,CUST_016,2026-03-30,2026-03-29,13015.42,1047,Delivered
SHP002698,2026-04-11,2026-04-13,2026-04-18,Jaipur,Surat,North,FTL,CARR_11,CUST_082,2026-04-18,,18056.9,665,In-Transit
SHP001382,2026-05-19,2026-05-22,2026-05-24,Bhopal,Nagpur,Central,LTL,CARR_01,CUST_039,2026-05-24,2026-05-30,21756.31,1817,Delivered
SHP004763,2026-04-24,2026-04-26,2026-04-29,Guwahati,Ahmedabad,East,FTL,CARR_11,CUST_007,2026-04-29,2026-05-02,21414.46,919,Delivered
SHP001792,2026-06-20,2026-06-23,2026-06-27,Indore,Pune,Central,LTL,CARR_02,CUST_061,2026-06-27,2026-06-28,6103.55,520,Delivered
SHP004837,2026-06-03,2026-06-04,2026-06-06,Kolkata,Ahmedabad,East,PTL,CARR_11,CUST_045,2026-06-06,2026-06-07,5087.57,732,Delivered
SHP004852,2026-05-15,2026-05-18,2026-05-26,Delhi,Patna,North,FTL,CARR_14,CUST_010,2026-05-26,2026-05-20,3295.18,126,Delivered
SHP002712,2026-02-25,2026-02-28,2026-03-06,Lucknow,Bengaluru,North,LTL,CARR_01,CUST_043,2026-03-06,2026-03-07,9754.39,902,Delivered
SHP004866,2026-01-17,2026-01-17,2026-01-21,Nagpur,Kolkata,Central,PTL,CARR_06,CUST_095,2026-01-21,2026-01-23,21508.51,2389,Delivered
SHP000780,2026-03-01,2026-03-02,2026-03-08,Ahmedabad,Nagpur,West,FTL,CARR_02,CUST_098,2026-03-08,2026-03-07,30745.15,1300,Delivered
SHP000741,2026-03-24,2026-03-24,2026-04-01,Bhubaneswar,Raipur,East,LTL,CARR_15,CUST_005,2026-04-01,2026-03-30,883.26,82,Delivered
SHP004165,2026-02-10,2026-02-13,2026-02-16,Hyderabad,Nagpur,South,FTL,CARR_10,CUST_009,2026-02-16,2026-02-19,47180.91,1758,Delivered
SHP000143,2026-02-22,2026-02-24,2026-03-01,Surat,Lucknow,West,LTL,CARR_06,CUST_118,2026-03-01,2026-03-02,2897.35,237,Delivered
SHP002864,2026-01-28,2026-01-31,2026-02-02,Guwahati,Pune,East,FTL,CARR_03,CUST_057,2026-02-02,2026-02-09,1350.71,53,Delayed
SHP000292,2026-03-23,2026-03-25,2026-03-31,Surat,Delhi,West,FTL,CARR_04,CUST_041,2026-03-31,2026-03-30,38861.6,1669,Delivered
SHP003904,2026-02-23,,2026-03-01,Hyderabad,Bhubaneswar,South,PTL,CARR_07,CUST_113,2026-03-01,,145787.14,2019,Delivered
SHP003015,2026-02-20,2026-02-22,2026-02-27,Raipur,Patna,Central,LTL,CARR_06,CUST_081,2026-02-27,2026-03-04,9588.56,900,Delivered
SHP000221,2026-03-19,2026-03-22,2026-03-24,Guwahati,Ahmedabad,East,LTL,CARR_04,CUST_060,2026-03-24,2026-04-01,963.32,80,Delivered
SHP003438,2026-03-11,2026-03-14,2026-03-16,Delhi,Kochi,North,FTL,CARR_08,CUST_066,2026-03-16,,45965.46,1994,In-Transit
SHP002383,2026-06-06,2026-06-09,2026-06-12,Kolkata,Hyderabad,East,FTL,CARR_04,CUST_073,2026-06-12,2026-06-18,55248.24,2236,Delivered
SHP004299,2026-03-24,2026-03-26,2026-03-30,Raipur,Lucknow,Central,LTL,CARR_05,CUST_002,2026-03-30,2026-04-04,5458.42,512,Delivered
SHP004713,2026-01-13,2026-01-14,2026-01-21,Kolkata,Chennai,East,FTL,CARR_01,CUST_031,2026-01-21,2026-01-17,48770.63,2127,Delivered
SHP004005,2026-02-28,2026-03-01,2026-03-05,Bengaluru,Bhopal,South,LTL,CARR_14,CUST_095,2026-03-05,,13500.28,1267,Delivered
SHP002702,2026-01-15,2026-01-18,2026-01-24,Chandigarh,Hyderabad,North,FTL,CARR_05,CUST_036,2026-01-24,2026-01-19,3215.26,132,Delivered
SHP003423,2026-03-29,2026-04-01,2026-04-04,Patna,Lucknow,East,PTL,CARR_05,CUST_098,2026-04-04,2026-04-10,4597.54,617,Delivered
SHP004575,2026-02-22,2026-02-25,2026-02-28,Mumbai,Mumbai,West,FTL,CARR_11,CUST_050,2026-02-28,2026-02-28,30530.62,1157,Delivered
SHP003833,2026-05-31,2026-06-03,2026-06-05,Chennai,Indore,South,FTL,CARR_15,CUST_087,2026-06-05,,5746.79,213,Delivered
SHP003600,2026-02-03,2026-02-05,2026-02-13,Nagpur,Kochi,Central,FTL,CARR_14,CUST_072,2026-02-13,2026-02-15,24887.57,886,Delivered
SHP001130,2026-05-21,2026-05-22,2026-05-26,Bengaluru,Bhopal,South,LTL,CARR_05,CUST_054,2026-05-26,,15370.98,1317,Delayed
SHP003724,2026-02-17,2026-02-20,2026-02-25,Hyderabad,Guwahati,South,LTL,CARR_10,CUST_120,2026-02-25,,10733.97,864,Cancelled
SHP000398,2026-01-06,2026-01-08,2026-01-10,Nagpur,Ahmedabad,Central,LTL,CARR_12,CUST_083,2026-01-10,2026-01-12,1867.38,140,Delivered
SHP000598,2026-04-17,2026-04-18,2026-04-21,Delhi,Indore,North,FTL,CARR_15,CUST_108,2026-04-21,2026-04-19,3396.61,148,Delivered
SHP003080,2026-02-05,2026-02-06,2026-02-10,Surat,Raipur,West,LTL,CARR_12,CUST_024,2026-02-10,2026-02-13,15986.47,1304,Delivered
SHP003596,2026-06-29,2026-07-02,2026-07-05,Bhopal,Delhi,Central,FTL,CARR_08,CUST_109,2026-07-05,2026-07-11,15148.3,528,Delivered
SHP001555,2026-02-07,2026-02-08,2026-02-14,Jaipur,Hyderabad,North,PTL,CARR_08,CUST_119,2026-02-14,2026-02-17,5292.68,587,Delivered
SHP001941,2026-01-21,2026-01-22,2026-01-30,Indore,Mumbai,Central,FTL,CARR_01,CUST_032,2026-01-30,2026-01-25,57516.77,2263,Delayed
SHP003731,2026-02-21,2026-02-22,2026-03-02,Raipur,Bengaluru,Central,FTL,CARR_14,CUST_022,2026-03-02,2026-02-25,14145.86,569,Delivered
SHP003498,2026-05-10,2026-05-12,2026-05-19,Bhopal,Chandigarh,Central,FTL,CARR_10,CUST_055,2026-05-19,2026-05-21,20568.96,884,Delivered
SHP003000,2026-01-15,2026-01-15,2026-01-18,Patna,Hyderabad,East,PTL,CARR_10,CUST_065,2026-01-18,2026-01-25,10749.53,1247,Delivered
SHP004967,2026-01-05,2026-01-08,2026-01-15,Mumbai,Surat,West,FTL,CARR_06,CUST_100,2026-01-15,2026-01-14,41790.38,1670,Delivered
SHP001003,2026-03-16,2026-03-16,2026-03-21,Ahmedabad,Pune,West,FTL,CARR_13,CUST_048,2026-03-21,2026-03-19,26338.53,988,Delivered
SHP002739,2026-05-01,2026-05-03,2026-05-09,Indore,Patna,Central,FTL,CARR_15,CUST_027,2026-05-09,2026-05-04,24093.28,933,Delivered
SHP003522,2026-04-13,2026-04-16,2026-04-18,Hyderabad,Bengaluru,South,FTL,CARR_14,CUST_093,2026-04-18,2026-04-21,41844.68,1906,Delayed
SHP000689,2026-05-13,2026-05-15,2026-05-20,Raipur,Guwahati,Central,LTL,CARR_12,CUST_073,2026-05-20,2026-05-18,25304.73,1964,Delayed
SHP004705,2026-04-22,2026-04-22,2026-04-25,Pune,Delhi,West,LTL,CARR_09,CUST_003,2026-04-25,2026-04-27,26025.84,2113,Delivered
SHP001907,2026-02-23,2026-02-25,2026-03-03,Jaipur,Chandigarh,North,FTL,CARR_04,CUST_075,2026-03-03,2026-03-02,4565.47,185,Delivered
SHP000370,2026-05-21,2026-05-21,2026-05-29,Nagpur,Indore,Central,LTL,CARR_03,CUST_041,2026-05-29,2026-05-22,3359.72,328,Delivered
SHP001410,2026-01-01,2026-01-03,2026-01-09,Pune,Jaipur,West,PTL,CARR_08,CUST_025,2026-01-09,2026-01-08,15975.68,2222,Delayed
SHP003756,2026-06-03,2026-06-03,2026-06-08,Indore,Delhi,Central,FTL,CARR_07,CUST_114,2026-06-08,2026-06-11,264427.77,1093,Delivered
SHP002813,2026-03-14,2026-03-14,2026-03-20,Bhubaneswar,Pune,East,LTL,CARR_11,CUST_098,2026-03-20,2026-03-15,17452.14,1707,Delivered
SHP001757,2026-05-17,2026-05-18,2026-05-26,Guwahati,Lucknow,East,FTL,CARR_03,CUST_018,2026-05-26,2026-05-23,11372.61,399,Delivered
SHP002253,2026-06-21,2026-06-21,2026-06-25,Delhi,Delhi,North,PTL,CARR_09,CUST_034,2026-06-25,2026-06-28,8644.58,1080,Delivered
SHP003751,2026-04-06,2026-04-07,2026-04-10,Surat,Pune,West,LTL,CARR_07,CUST_030,2026-04-10,2026-04-15,194326.13,1700,Delivered
SHP000296,2026-04-24,2026-04-26,2026-05-01,Indore,Guwahati,Central,LTL,CARR_13,CUST_012,2026-05-01,2026-05-02,11987.29,1114,Delivered
SHP001819,2026-03-22,2026-03-24,2026-03-26,Raipur,Jaipur,Central,LTL,CARR_14,CUST_097,2026-03-26,2026-04-01,19468.06,1656,Delivered
SHP001309,2026-03-11,2026-03-11,2026-03-18,Mumbai,Hyderabad,West,FTL,CARR_15,CUST_076,2026-03-18,2026-03-14,3049.38,119,Delivered
SHP004571,2026-05-16,2026-05-19,2026-05-23,Patna,Jaipur,East,FTL,CARR_04,CUST_076,2026-05-23,2026-05-28,20295.0,712,Delivered
SHP004176,2026-02-14,2026-02-16,2026-02-21,Lucknow,Jaipur,North,PTL,CARR_10,CUST_004,2026-02-21,2026-02-18,3803.22,476,Delayed
SHP000882,2026-01-30,2026-02-01,2026-02-04,Pune,Bhopal,West,PTL,CARR_08,CUST_021,2026-02-04,2026-02-05,2345.63,281,Delivered
SHP000721,2026-05-14,2026-05-15,2026-05-23,Pune,Chandigarh,West,LTL,CARR_14,CUST_061,2026-05-23,2026-05-16,23003.19,2071,Delivered
SHP001332,2026-06-09,2026-06-12,2026-06-20,Guwahati,Chennai,East,FTL,CARR_02,CUST_119,2026-06-20,,56130.99,2285,Cancelled
SHP001985,2026-04-15,2026-04-16,2026-04-19,Bhubaneswar,Nagpur,East,FTL,CARR_11,CUST_016,2026-04-19,2026-04-25,17435.32,714,Delayed
SHP004267,2026-01-30,2026-02-02,2026-02-10,Nagpur,Chennai,Central,PTL,CARR_01,CUST_011,2026-02-10,2026-02-05,19315.39,2138,Delivered
SHP001575,2026-04-24,2026-04-24,2026-05-01,Delhi,Surat,North,LTL,CARR_11,CUST_119,2026-05-01,2026-05-01,25042.14,2007,Delivered
SHP003670,2026-05-12,2026-05-12,2026-05-14,Surat,Chennai,West,PTL,CARR_03,CUST_102,2026-05-14,,3411.07,448,In-Transit
SHP001530,2026-04-10,2026-04-13,2026-04-16,Indore,Chennai,Central,FTL,CARR_15,CUST_117,2026-04-16,2026-04-23,27949.01,1269,Delivered
SHP003837,2026-05-26,2026-05-28,2026-06-03,Kolkata,Hyderabad,East,FTL,CARR_02,CUST_087,2026-06-03,2026-06-07,18271.92,814,Delivered
SHP004093,2026-01-04,2026-01-07,2026-01-13,Bhubaneswar,Mumbai,East,FTL,CARR_14,CUST_025,2026-01-13,2026-01-13,37148.94,1626,Delivered
SHP002762,2026-01-29,2026-02-01,2026-02-06,Hyderabad,Chennai,South,PTL,CARR_06,CUST_004,2026-02-06,,4472.85,590,Delivered
SHP002521,2026-01-16,2026-01-19,2026-01-25,Hyderabad,Delhi,South,LTL,CARR_02,CUST_048,2026-01-25,,11173.29,1052,Delivered
SHP001535,2026-05-29,2026-05-30,2026-06-07,Surat,Hyderabad,West,LTL,CARR_14,CUST_019,2026-06-07,2026-06-06,14460.29,1264,Delivered
SHP004807,2026-06-30,2026-06-30,2026-07-05,Kochi,Indore,South,FTL,CARR_15,CUST_073,2026-07-05,,37748.83,1582,Delivered
SHP000363,2026-01-20,2026-01-22,2026-01-24,Bhopal,Kochi,Central,LTL,CARR_11,CUST_086,2026-01-24,2026-02-01,17667.76,1457,Delivered
SHP001283,2026-05-09,2026-05-11,2026-05-19,Delhi,Chennai,North,LTL,CARR_04,CUST_068,2026-05-19,2026-05-18,23831.58,2246,Delivered
SHP003534,2026-03-10,2026-03-10,2026-03-18,Bengaluru,Hyderabad,South,LTL,CARR_03,CUST_040,2026-03-18,,21324.47,1726,In-Transit
SHP002263,2026-05-25,2026-05-28,2026-05-31,Chennai,Bhopal,South,PTL,CARR_11,CUST_113,2026-05-31,,8453.02,1135,Delivered
SHP002421,2026-02-25,2026-02-25,2026-02-28,Kochi,Ahmedabad,South,PTL,CARR_15,CUST_007,2026-02-28,,13389.91,1689,Delivered
SHP002233,2026-04-13,2026-04-14,2026-04-19,Indore,Kolkata,Central,LTL,CARR_12,CUST_034,2026-04-19,2026-04-16,18167.46,1631,Delivered
SHP000765,2026-02-14,2026-02-17,2026-02-21,Pune,Kochi,West,FTL,CARR_14,CUST_031,2026-02-21,2026-02-21,13904.29,593,Delayed
SHP002170,2026-05-24,2026-05-24,2026-05-26,Bhopal,Patna,Central,LTL,CARR_12,CUST_015,2026-05-26,2026-05-26,8660.59,831,Delivered
SHP000500,2026-04-24,2026-04-24,2026-04-30,Lucknow,Kolkata,North,LTL,CARR_01,CUST_118,2026-04-30,2026-04-29,18974.18,1818,Delivered
SHP004276,2026-05-14,2026-05-17,2026-05-20,Delhi,Chennai,North,PTL,CARR_14,CUST_035,2026-05-20,2026-05-19,2749.76,391,Delivered
SHP002176,2026-03-01,2026-03-03,2026-03-06,Chennai,Surat,South,LTL,CARR_13,CUST_091,2026-03-06,,29218.81,2325,In-Transit
SHP004954,2026-04-19,2026-04-19,2026-04-21,Hyderabad,Kolkata,South,FTL,CARR_14,CUST_015,2026-04-21,2026-04-21,16714.4,663,Delivered
SHP002590,2026-05-20,2026-05-20,2026-05-23,Kochi,Guwahati,South,PTL,CARR_13,CUST_030,2026-05-23,,7121.38,905,Delivered
SHP001604,2026-06-07,2026-06-09,2026-06-12,Pune,Hyderabad,West,LTL,CARR_01,CUST_003,2026-06-12,2026-06-12,16363.1,1203,Delayed
SHP004665,2026-05-11,2026-05-14,2026-05-22,Bhubaneswar,Jaipur,East,LTL,CARR_12,CUST_065,2026-05-22,2026-05-19,16499.59,1500,Delivered
SHP000766,2026-01-29,2026-01-31,2026-02-03,Raipur,Chennai,Central,PTL,CARR_09,CUST_083,2026-02-03,2026-02-03,16579.45,1943,Delivered
SHP001562,2026-05-24,2026-05-24,2026-05-30,Kochi,Mumbai,South,PTL,CARR_07,CUST_085,2026-05-30,,151203.05,2310,Delivered
SHP002620,2026-06-06,2026-06-06,2026-06-14,Surat,Chandigarh,West,LTL,CARR_07,CUST_104,2026-06-14,2026-06-09,264285.88,1953,Delivered
SHP003205,2026-02-05,2026-02-08,2026-02-11,Delhi,Jaipur,North,FTL,CARR_01,CUST_005,2026-02-11,2026-02-16,16555.07,616,Delivered
SHP004170,2026-03-02,2026-03-04,2026-03-09,Lucknow,Kolkata,North,FTL,CARR_15,CUST_040,2026-03-09,2026-03-09,17895.87,738,Delivered
SHP002002,2026-02-26,2026-03-01,2026-03-04,Guwahati,Chennai,East,LTL,CARR_15,CUST_101,2026-03-04,2026-03-04,18451.71,1430,Delivered
SHP002832,2026-05-31,2026-06-01,2026-06-05,Nagpur,Bhopal,Central,PTL,CARR_13,CUST_087,2026-06-05,2026-06-02,9374.28,1058,Delivered
SHP000100,2026-05-20,2026-05-23,2026-05-25,Chandigarh,Jaipur,North,PTL,CARR_09,CUST_051,2026-05-25,,6228.91,832,Cancelled
SHP002693,2026-04-18,2026-04-20,2026-04-24,Kolkata,Lucknow,East,FTL,CARR_03,CUST_059,2026-04-24,,62791.06,2406,In-Transit
SHP001325,2026-03-21,2026-03-22,2026-03-26,Kochi,Hyderabad,South,LTL,CARR_04,CUST_053,2026-03-26,,19611.88,1911,Delivered
SHP001446,2026-04-25,2026-04-25,2026-04-30,Indore,Chandigarh,Central,FTL,CARR_14,CUST_072,2026-04-30,2026-04-29,52570.63,2167,Delivered
SHP001250,2026-04-09,2026-04-10,2026-04-18,Chennai,Nagpur,South,PTL,CARR_09,CUST_079,2026-04-18,,15797.16,2031,In-Transit
SHP001395,2026-03-10,2026-03-10,2026-03-13,Hyderabad,Nagpur,South,LTL,CARR_05,CUST_099,2026-03-13,,10575.34,947,Delivered
SHP004805,2026-01-03,2026-01-03,2026-01-06,Lucknow,Jaipur,North,FTL,CARR_13,CUST_112,2026-01-06,2026-01-10,27217.38,1265,Delivered
SHP002028,2026-06-03,2026-06-06,2026-06-09,Indore,Lucknow,Central,PTL,CARR_12,CUST_013,2026-06-09,,18100.18,2470,In-Transit
SHP003529,2026-03-16,2026-03-17,2026-03-20,Nagpur,Bengaluru,Central,FTL,CARR_03,CUST_024,2026-03-20,2026-03-20,41526.19,1893,Delayed
SHP004926,2026-02-24,2026-02-25,2026-03-05,Raipur,Bhubaneswar,Central,FTL,CARR_10,CUST_052,2026-03-05,2026-03-02,19135.43,666,Delayed
SHP004751,2026-02-20,2026-02-22,2026-02-27,Chennai,Hyderabad,South,LTL,CARR_12,CUST_032,2026-02-27,,31070.38,2408,In-Transit
SHP004088,2026-04-16,2026-04-18,2026-04-23,Kochi,Pune,South,PTL,CARR_11,CUST_025,2026-04-23,,3235.19,357,Delivered
SHP001463,2026-04-11,2026-04-13,2026-04-16,Chandigarh,Nagpur,North,FTL,CARR_01,CUST_092,2026-04-16,,15457.85,683,In-Transit
SHP004472,2026-01-06,2026-01-07,2026-01-10,Raipur,Bengaluru,Central,FTL,CARR_13,CUST_022,2026-01-10,2026-01-15,17195.05,778,Delivered
SHP002737,2026-05-10,2026-05-11,2026-05-17,Indore,Indore,Central,PTL,CARR_03,CUST_055,2026-05-17,2026-05-15,13092.08,1526,Delivered
SHP000567,2026-06-09,2026-06-12,2026-06-18,Patna,Chennai,East,LTL,CARR_05,CUST_017,2026-06-18,2026-06-14,12185.44,1094,Delivered
SHP004606,2026-02-16,2026-02-17,2026-02-20,Chennai,Chennai,South,LTL,CARR_12,CUST_022,2026-02-20,2026-02-23,21853.21,1927,Delivered
SHP002760,2026-01-08,2026-01-08,2026-01-12,Bhopal,Chandigarh,Central,LTL,CARR_01,CUST_023,2026-01-12,2026-01-18,732.84,70,Delayed
SHP004185,2026-05-03,2026-05-04,2026-05-08,Indore,Nagpur,Central,LTL,CARR_13,CUST_086,2026-05-08,2026-05-11,3750.57,288,Delayed
SHP000405,2026-04-17,2026-04-20,2026-04-23,Guwahati,Bhopal,East,FTL,CARR_15,CUST_057,2026-04-23,2026-04-25,47712.17,1786,Delivered
SHP000089,2026-03-31,2026-04-02,2026-04-05,Nagpur,Kolkata,Central,LTL,CARR_03,CUST_118,2026-04-05,2026-04-09,31713.73,2487,Delivered
SHP001123,2026-03-09,2026-03-12,2026-03-20,Hyderabad,Bhubaneswar,South,PTL,CARR_06,CUST_034,2026-03-20,,16267.43,2227,Delivered
SHP001707,2026-03-01,2026-03-02,2026-03-09,Indore,Delhi,Central,FTL,CARR_03,CUST_090,2026-03-09,2026-03-03,20164.38,789,Delivered
SHP002518,2026-04-19,2026-04-21,2026-04-23,Bhopal,Surat,Central,FTL,CARR_09,CUST_051,2026-04-23,2026-04-28,41781.77,1684,Delivered
SHP003248,2026-01-30,2026-01-31,2026-02-04,Chandigarh,Raipur,North,LTL,CARR_07,CUST_020,2026-02-04,2026-02-06,131513.35,1364,Delivered
SHP002799,2026-06-12,2026-06-13,2026-06-21,Nagpur,Pune,Central,LTL,CARR_09,CUST_043,2026-06-21,2026-06-14,31227.65,2328,Delayed
SHP000198,2026-03-30,2026-04-01,2026-04-05,Bhopal,Ahmedabad,Central,LTL,CARR_13,CUST_063,2026-04-05,2026-04-08,8090.95,786,Delivered
SHP003165,2026-01-28,2026-01-31,2026-02-04,Delhi,Raipur,North,LTL,CARR_10,CUST_046,2026-02-04,,3794.67,280,Cancelled
SHP000172,2026-02-07,2026-02-09,2026-02-17,Mumbai,Patna,West,LTL,CARR_03,CUST_032,2026-02-17,2026-02-13,19833.08,1658,Delivered
SHP004815,2026-03-23,2026-03-23,2026-03-30,Pune,Hyderabad,West,LTL,CARR_04,CUST_026,2026-03-30,2026-04-01,15721.79,1494,Delivered
SHP003250,2026-02-16,2026-02-17,2026-02-24,Kolkata,Mumbai,East,FTL,CARR_12,CUST_033,2026-02-24,2026-02-25,24393.24,1066,Delivered
SHP002656,2026-04-29,2026-04-30,2026-05-05,Lucknow,Indore,North,FTL,CARR_08,CUST_072,2026-05-05,2026-05-09,12211.11,446,Delivered
SHP001134,2026-05-25,2026-05-28,2026-06-02,Nagpur,Patna,Central,FTL,CARR_12,CUST_073,2026-06-02,2026-05-31,52374.1,1930,Delivered
SHP003018,2026-04-05,2026-04-06,2026-04-08,Ahmedabad,Delhi,West,PTL,CARR_10,CUST_027,2026-04-08,2026-04-16,412.31,56,Delivered
SHP000277,2026-05-01,2026-05-04,2026-05-06,Chandigarh,Mumbai,North,PTL,CARR_14,CUST_019,2026-05-06,2026-05-06,8263.44,1127,Delivered
SHP002477,2026-06-27,2026-06-30,2026-07-04,Bhopal,Jaipur,Central,LTL,CARR_06,CUST_066,2026-07-04,2026-07-03,8687.42,691,Delivered
SHP004720,2026-01-31,2026-01-31,2026-02-02,Ahmedabad,Bhopal,West,FTL,CARR_06,CUST_068,2026-02-02,2026-02-01,36762.66,1561,Delivered
SHP002015,2026-04-25,2026-04-26,2026-05-02,Lucknow,Chennai,North,LTL,CARR_05,CUST_119,2026-05-02,2026-05-04,18777.14,1513,Delivered
SHP003545,2026-01-23,2026-01-24,2026-01-27,Hyderabad,Bhubaneswar,South,FTL,CARR_13,CUST_001,2026-01-27,,9819.76,350,Delayed
SHP004184,2026-01-06,2026-01-09,2026-01-16,Bhopal,Nagpur,Central,PTL,CARR_14,CUST_049,2026-01-16,2026-01-11,13237.88,1895,Delayed
SHP000753,2026-06-12,2026-06-12,2026-06-14,Hyderabad,Guwahati,South,FTL,CARR_06,CUST_039,2026-06-14,,40456.53,1513,Delivered
SHP004894,2026-06-22,2026-06-25,2026-07-01,Kochi,Mumbai,South,LTL,CARR_03,CUST_083,2026-07-01,,30567.86,2364,Delivered
SHP001816,2026-03-25,2026-03-28,2026-04-05,Kolkata,Lucknow,East,LTL,CARR_06,CUST_046,2026-04-05,2026-03-29,33517.61,2457,Delivered
SHP002025,2026-01-25,2026-01-25,2026-01-31,Delhi,Hyderabad,North,PTL,CARR_14,CUST_060,2026-01-31,2026-01-31,2116.22,274,Delayed
SHP004592,2026-06-09,2026-06-09,2026-06-12,Patna,Bhubaneswar,East,PTL,CARR_07,CUST_002,2026-06-12,,173917.56,1982,Cancelled
SHP001490,2026-01-19,2026-01-22,2026-01-27,Jaipur,Surat,North,LTL,CARR_12,CUST_034,2026-01-27,2026-01-29,15125.48,1335,Delivered
SHP003710,2026-03-07,2026-03-09,2026-03-12,Kochi,Chennai,South,FTL,CARR_12,CUST_067,2026-03-12,,26208.75,995,Delivered
SHP000557,2026-03-16,2026-03-19,2026-03-27,Kolkata,Guwahati,East,LTL,CARR_04,CUST_064,2026-03-27,2026-03-20,15200.12,1414,Delivered
SHP002805,2026-04-06,2026-04-09,2026-04-17,Surat,Chennai,West,LTL,CARR_14,CUST_107,2026-04-17,2026-04-11,23780.91,2127,Delivered
SHP002822,2026-06-26,2026-06-28,2026-07-01,Bhubaneswar,Chandigarh,East,LTL,CARR_10,CUST_114,2026-07-01,2026-07-03,31707.24,2343,Delivered
SHP000376,2026-04-02,2026-04-04,2026-04-09,Bengaluru,Surat,South,FTL,CARR_09,CUST_120,2026-04-09,,7173.8,276,Delayed
SHP001411,2026-01-20,2026-01-23,2026-01-25,Patna,Chandigarh,East,LTL,CARR_12,CUST_087,2026-01-25,,20772.71,1746,Cancelled
SHP000716,2026-01-06,2026-01-06,2026-01-11,Pune,Nagpur,West,PTL,CARR_01,CUST_109,2026-01-11,2026-01-15,14051.42,2036,Delivered
SHP000278,2026-06-13,2026-06-16,2026-06-18,Indore,Bhopal,Central,PTL,CARR_14,CUST_023,2026-06-18,2026-06-24,7745.03,876,Delayed
SHP000226,2026-04-08,2026-04-10,2026-04-12,Bhopal,Pune,Central,LTL,CARR_14,CUST_088,2026-04-12,2026-04-17,7133.24,667,Delivered
SHP004877,2026-04-03,2026-04-05,2026-04-11,Lucknow,Hyderabad,North,LTL,CARR_04,CUST_033,2026-04-11,2026-04-13,21263.32,1987,Delayed
SHP004014,2026-03-19,2026-03-20,2026-03-23,Pune,Kolkata,West,FTL,CARR_14,CUST_005,2026-03-23,2026-03-27,40998.47,1573,Delivered
SHP000814,2026-03-13,,2026-03-22,Surat,Mumbai,West,LTL,CARR_14,CUST_099,2026-03-22,2026-03-20,24247.47,2130,Delivered
SHP003558,2026-05-31,2026-06-01,2026-06-07,Ahmedabad,Jaipur,West,LTL,CARR_07,CUST_079,2026-06-07,2026-06-04,61945.6,519,Delivered
SHP003635,2026-05-15,2026-05-17,2026-05-22,Surat,Patna,West,FTL,CARR_15,CUST_008,2026-05-22,2026-05-26,31344.83,1334,Delivered
SHP001058,2026-02-25,2026-02-26,2026-03-06,Nagpur,Bhubaneswar,Central,FTL,CARR_02,CUST_068,2026-03-06,2026-03-07,12933.7,483,Delivered
SHP001261,2026-03-26,2026-03-29,2026-04-05,Chandigarh,Chandigarh,North,PTL,CARR_13,CUST_006,2026-04-05,2026-04-03,18397.59,2265,Delivered
SHP000038,2026-03-21,2026-03-24,2026-03-31,Bhopal,Hyderabad,Central,FTL,CARR_01,CUST_119,2026-03-31,2026-03-31,18808.82,862,Delivered
SHP004614,2026-05-24,2026-05-24,2026-05-31,Delhi,Nagpur,North,PTL,CARR_13,CUST_041,2026-05-31,2026-06-02,9141.24,1241,Delivered
SHP001074,2026-01-06,2026-01-09,2026-01-12,Bhopal,Hyderabad,Central,FTL,CARR_02,CUST_037,2026-01-12,2026-01-18,39609.33,1430,Delivered
SHP002809,2026-01-08,2026-01-10,2026-01-15,Indore,Chandigarh,Central,PTL,CARR_09,CUST_105,2026-01-15,2026-01-14,7689.61,1096,Delivered
SHP002915,2026-04-14,2026-04-15,2026-04-23,Pune,Hyderabad,West,FTL,CARR_02,CUST_091,2026-04-23,2026-04-25,60092.41,2291,Delivered
SHP001982,2026-03-06,2026-03-08,2026-03-16,Ahmedabad,Chandigarh,West,FTL,CARR_09,CUST_081,2026-03-16,2026-03-12,54420.81,1990,Delivered
SHP004844,2026-06-09,2026-06-11,2026-06-15,Jaipur,Bengaluru,North,PTL,CARR_07,CUST_046,2026-06-15,2026-06-16,4181.47,64,Delivered
SHP003253,2026-01-24,2026-01-27,2026-01-30,Guwahati,Lucknow,East,LTL,CARR_11,CUST_041,2026-01-30,2026-02-03,21282.87,2021,Delivered
SHP003690,2026-05-19,2026-05-22,2026-05-29,Nagpur,Kochi,Central,LTL,CARR_04,CUST_101,2026-05-29,,20091.3,1570,Cancelled
SHP002831,2026-04-08,2026-04-09,2026-04-15,Bhubaneswar,Kolkata,East,FTL,CARR_11,CUST_060,2026-04-15,2026-04-10,4914.37,178,Delivered
SHP002982,2026-03-20,2026-03-21,2026-03-29,Ahmedabad,Hyderabad,West,FTL,CARR_13,CUST_118,2026-03-29,2026-03-30,12826.64,594,Delivered
SHP004625,2026-03-24,2026-03-26,2026-03-28,Delhi,Bengaluru,North,PTL,CARR_05,CUST_052,2026-03-28,2026-04-04,20618.64,2359,Delivered
SHP000454,2026-06-17,2026-06-18,2026-06-22,Chandigarh,Kochi,North,LTL,CARR_05,CUST_083,2026-06-22,,26952.96,2060,In-Transit
SHP001730,2026-04-15,2026-04-18,2026-04-25,Pune,Nagpur,West,LTL,CARR_15,CUST_012,2026-04-25,2026-04-22,3682.63,280,Delivered
SHP001917,2026-06-29,2026-06-29,2026-07-01,Indore,Bhopal,Central,LTL,CARR_01,CUST_120,2026-07-01,2026-07-07,28053.94,2157,Delivered
SHP001961,2026-05-07,2026-05-08,2026-05-16,Pune,Surat,West,LTL,CARR_02,CUST_024,2026-05-16,2026-05-13,6115.68,576,Delivered
SHP001648,2026-06-23,2026-06-26,2026-07-04,Nagpur,Mumbai,Central,LTL,CARR_08,CUST_028,2026-07-04,2026-07-03,21559.66,2032,Delivered
SHP004917,2026-03-19,2026-03-21,2026-03-24,Kochi,Bhopal,South,FTL,CARR_06,CUST_099,2026-03-24,,29676.75,1129,In-Transit
SHP000704,2026-01-11,2026-01-12,2026-01-18,Ahmedabad,Guwahati,West,FTL,CARR_03,CUST_019,2026-01-18,2026-01-19,30395.04,1189,Delivered
SHP004615,2026-04-01,2026-04-01,2026-04-04,Ahmedabad,Hyderabad,West,LTL,CARR_06,CUST_076,2026-04-04,2026-04-04,27157.41,2331,Delivered
SHP004786,2026-02-07,2026-02-08,2026-02-13,Bhubaneswar,Lucknow,East,FTL,CARR_01,CUST_007,2026-02-13,2026-02-14,34964.86,1290,Delivered
SHP004008,2026-04-19,2026-04-22,2026-04-26,Ahmedabad,Bengaluru,West,FTL,CARR_15,CUST_006,2026-04-26,,45036.86,2100,Cancelled
SHP001244,2026-03-04,2026-03-06,2026-03-10,Lucknow,Kochi,North,LTL,CARR_09,CUST_062,2026-03-10,2026-03-15,20468.61,1638,Delivered
SHP000915,2026-03-27,2026-03-30,2026-04-03,Patna,Nagpur,East,FTL,CARR_05,CUST_025,2026-04-03,2026-04-04,61023.29,2498,Delivered
SHP003704,2026-01-24,2026-01-24,2026-02-01,Kochi,Nagpur,South,PTL,CARR_04,CUST_040,2026-02-01,,9161.7,1282,Delivered
SHP001179,2026-06-12,2026-06-12,2026-06-19,Bhubaneswar,Bengaluru,East,LTL,CARR_14,CUST_066,2026-06-19,2026-06-21,28173.4,2069,Delivered
SHP000701,2026-03-17,2026-03-17,2026-03-25,Surat,Patna,West,LTL,CARR_09,CUST_031,2026-03-25,2026-03-23,17606.27,1428,Delivered
SHP003876,2026-01-18,2026-01-19,2026-01-23,Raipur,Ahmedabad,Central,FTL,CARR_15,CUST_113,2026-01-23,2026-01-23,2590.86,120,Delivered
SHP002468,2026-04-25,2026-04-27,2026-04-30,Surat,Pune,West,LTL,CARR_05,CUST_047,2026-04-30,2026-04-28,6109.08,486,Delivered
SHP004167,2026-04-26,2026-04-29,2026-05-04,Bhubaneswar,Bhopal,East,FTL,CARR_06,CUST_045,2026-05-04,2026-05-01,3562.48,145,Delivered
SHP001229,2026-05-02,2026-05-05,2026-05-13,Surat,Guwahati,West,LTL,CARR_02,CUST_107,2026-05-13,2026-05-11,13046.16,1116,Delivered
SHP003878,2026-06-22,2026-06-24,2026-06-29,Chennai,Chandigarh,South,FTL,CARR_14,CUST_011,2026-06-29,,53266.55,2147,Delivered
SHP000846,2026-04-15,2026-04-15,2026-04-22,Chennai,Indore,South,FTL,CARR_11,CUST_009,2026-04-22,,19877.04,745,Delivered
SHP003381,2026-06-27,2026-06-30,2026-07-08,Jaipur,Mumbai,North,LTL,CARR_15,CUST_047,2026-07-08,2026-07-02,9235.89,700,Delivered
SHP002292,2026-06-08,2026-06-08,2026-06-13,Kolkata,Bhubaneswar,East,LTL,CARR_05,CUST_056,2026-06-13,2026-06-10,3881.98,289,Delivered
SHP004158,2026-02-17,2026-02-19,2026-02-25,Bhopal,Surat,Central,FTL,CARR_11,CUST_083,2026-02-25,2026-02-27,20937.93,857,Delayed
SHP000553,2026-05-06,2026-05-06,2026-05-14,Guwahati,Chandigarh,East,PTL,CARR_11,CUST_093,2026-05-14,,8729.04,966,In-Transit
SHP002635,2026-04-05,2026-04-08,2026-04-16,Delhi,Delhi,North,LTL,CARR_09,CUST_039,2026-04-16,2026-04-16,13254.01,972,Delivered
SHP002826,2026-04-08,2026-04-08,2026-04-13,Ahmedabad,Chandigarh,West,LTL,CARR_15,CUST_033,2026-04-13,2026-04-12,24702.57,2286,Delivered
SHP001802,2026-04-29,2026-05-02,2026-05-10,Guwahati,Pune,East,LTL,CARR_11,CUST_056,2026-05-10,2026-05-05,12464.0,1106,Delivered
SHP004957,,2026-05-09,2026-05-14,Patna,Lucknow,East,LTL,CARR_11,CUST_052,2026-05-14,2026-05-12,25796.86,2149,Delivered
SHP003816,2026-04-01,2026-04-03,2026-04-06,Ahmedabad,Jaipur,West,FTL,CARR_15,CUST_074,2026-04-06,2026-04-11,64179.11,2314,Delivered
SHP000720,2026-04-05,2026-04-08,2026-04-10,Lucknow,Bengaluru,North,FTL,CARR_04,CUST_058,2026-04-10,,31388.6,1322,In-Transit
SHP003574,2026-06-15,2026-06-17,2026-06-24,Chandigarh,Bhopal,North,FTL,CARR_09,CUST_075,2026-06-24,2026-06-26,21023.12,733,Delivered
SHP003937,2026-02-21,2026-02-23,2026-03-03,Guwahati,Delhi,East,LTL,CARR_11,CUST_062,2026-03-03,2026-02-26,3923.7,353,Delayed
SHP002407,2026-02-04,2026-02-06,2026-02-08,Patna,Bhopal,East,PTL,CARR_12,CUST_049,2026-02-08,2026-02-11,1146.51,147,Delivered
SHP003048,2026-04-28,2026-04-28,2026-05-03,Bhubaneswar,Surat,East,LTL,CARR_01,CUST_093,2026-05-03,2026-05-06,3642.3,276,Delivered
SHP003676,2026-06-06,2026-06-06,2026-06-09,Kochi,Hyderabad,South,LTL,CARR_11,CUST_021,2026-06-09,,5097.56,394,Delivered
SHP002417,2026-05-01,2026-05-02,2026-05-04,Delhi,Bhopal,North,LTL,CARR_05,CUST_033,2026-05-04,2026-05-12,4081.01,343,Delivered
SHP000371,2026-06-02,2026-06-03,2026-06-10,Bhubaneswar,Bengaluru,East,FTL,CARR_02,CUST_008,2026-06-10,2026-06-13,14555.19,548,Delivered
SHP002655,2026-05-12,2026-05-15,2026-05-18,Mumbai,Hyderabad,West,FTL,CARR_14,CUST_049,2026-05-18,2026-05-19,7715.58,298,Delivered
SHP001399,2026-03-09,2026-03-11,2026-03-16,Jaipur,Kochi,North,LTL,CARR_15,CUST_067,2026-03-16,2026-03-15,3011.2,259,Delivered
SHP000300,2026-04-23,2026-04-23,2026-04-25,Delhi,Bengaluru,North,FTL,CARR_03,CUST_092,2026-04-25,2026-04-27,14247.41,667,Delivered
SHP000275,2026-06-24,2026-06-27,2026-07-02,Indore,Guwahati,Central,LTL,CARR_10,CUST_036,2026-07-02,2026-07-01,30093.01,2311,Delivered
SHP000733,2026-01-08,2026-01-11,2026-01-18,Mumbai,Bhubaneswar,West,LTL,CARR_10,CUST_106,2026-01-18,2026-01-21,22865.27,1911,Delivered
SHP001815,2026-02-10,2026-02-10,2026-02-13,Kolkata,Indore,East,FTL,CARR_14,CUST_059,2026-02-13,2026-02-14,31731.67,1470,Delayed
SHP002626,2026-01-25,2026-01-27,2026-01-31,Delhi,Nagpur,North,LTL,CARR_10,CUST_116,2026-01-31,2026-02-03,28261.86,2467,Delayed
SHP002385,2026-05-22,2026-05-24,2026-05-27,Lucknow,Jaipur,North,PTL,CARR_09,CUST_011,2026-05-27,2026-05-26,8463.7,964,Delivered
SHP000231,2026-01-28,2026-01-28,2026-02-04,Lucknow,Kolkata,North,LTL,CARR_01,CUST_085,2026-02-04,2026-01-29,6131.01,524,Delivered
SHP004702,2026-05-17,2026-05-18,2026-05-20,Delhi,Guwahati,North,LTL,CARR_02,CUST_032,2026-05-20,2026-05-22,11069.81,916,Delivered
SHP001836,2026-05-19,2026-05-19,2026-05-22,Bhopal,Kolkata,Central,LTL,CARR_07,CUST_006,2026-05-22,2026-05-22,260934.06,2422,Delivered
SHP002154,2026-03-05,2026-03-05,2026-03-12,Hyderabad,Hyderabad,South,LTL,CARR_04,CUST_045,2026-03-12,,16810.51,1403,Delivered
SHP000360,2026-01-05,2026-01-06,2026-01-13,Pune,Patna,West,FTL,CARR_02,CUST_083,2026-01-13,2026-01-14,52497.53,1838,Delivered
SHP004423,2026-05-14,2026-05-15,2026-05-20,Bengaluru,Raipur,South,LTL,CARR_06,CUST_118,2026-05-20,2026-05-21,6471.88,517,Delayed
SHP004486,2026-05-25,2026-05-27,2026-05-29,Mumbai,Kolkata,West,FTL,CARR_01,CUST_013,2026-05-29,2026-05-28,62656.46,2334,Delivered
SHP002903,2026-05-30,2026-06-01,2026-06-05,Chennai,Guwahati,South,LTL,CARR_06,CUST_018,2026-06-05,,14537.6,1228,Delivered
SHP000874,2026-03-24,2026-03-25,2026-03-31,Bhubaneswar,Indore,East,LTL,CARR_15,CUST_017,2026-03-31,2026-04-04,13390.52,1020,Delivered
SHP002671,2026-06-16,2026-06-17,2026-06-19,Surat,Indore,West,LTL,CARR_13,CUST_064,2026-06-19,2026-06-24,8380.78,706,Delivered
SHP001220,2026-02-18,2026-02-20,2026-02-25,Nagpur,Jaipur,Central,LTL,CARR_09,CUST_039,2026-02-25,2026-02-26,18012.49,1638,Delivered
SHP004427,2026-03-27,2026-03-29,2026-03-31,Lucknow,Jaipur,North,LTL,CARR_06,CUST_080,2026-03-31,2026-04-03,28395.5,2338,Delivered
SHP003273,2026-03-24,2026-03-25,2026-04-02,Raipur,Bhubaneswar,Central,FTL,CARR_05,CUST_102,2026-04-02,2026-04-01,32413.86,1252,Delivered
SHP001905,2026-06-27,2026-06-28,2026-07-04,Bengaluru,Guwahati,South,FTL,CARR_09,CUST_023,2026-07-04,,42490.53,1594,Delayed
SHP003779,2026-06-11,2026-06-13,2026-06-17,Bhopal,Jaipur,Central,FTL,CARR_04,CUST_071,2026-06-17,2026-06-16,49132.33,1897,Delivered
SHP003244,2026-02-22,2026-02-23,2026-03-02,Indore,Delhi,Central,LTL,CARR_11,CUST_110,2026-03-02,2026-03-03,29595.73,2166,Delivered
SHP001464,,2026-04-17,2026-04-22,Kochi,Surat,South,LTL,CARR_04,CUST_010,2026-04-22,,16330.56,1273,Delivered
SHP002052,2026-02-04,2026-02-07,2026-02-09,Ahmedabad,Nagpur,West,FTL,CARR_13,CUST_097,2026-02-09,2026-02-10,4747.45,191,Delivered
SHP000776,2026-05-30,2026-06-02,2026-06-04,Chandigarh,Indore,North,FTL,CARR_04,CUST_032,2026-06-04,2026-06-10,62662.32,2249,Delivered
SHP000303,2026-01-14,2026-01-15,2026-01-18,Delhi,Guwahati,North,LTL,CARR_04,CUST_047,2026-01-18,2026-01-17,20781.16,1828,Delivered
SHP002006,2026-04-22,2026-04-24,2026-04-28,Guwahati,Nagpur,East,LTL,CARR_11,CUST_021,2026-04-28,2026-04-25,11414.45,894,Delivered
SHP002139,2026-04-07,2026-04-09,2026-04-11,Nagpur,Bengaluru,Central,LTL,CARR_04,CUST_114,2026-04-11,,26912.27,2176,In-Transit
SHP000837,2026-05-31,2026-06-01,2026-06-08,Kolkata,Bhopal,East,FTL,CARR_02,CUST_040,2026-06-08,2026-06-07,6213.27,246,Delivered
SHP002060,2026-02-24,2026-02-27,2026-03-02,Chandigarh,Nagpur,North,FTL,CARR_14,CUST_119,2026-03-02,2026-03-08,51316.88,2019,Delivered
SHP004629,2026-05-23,2026-05-24,2026-05-31,Raipur,Patna,Central,LTL,CARR_10,CUST_109,2026-05-31,,4751.61,441,Cancelled
SHP001705,2026-02-25,2026-02-28,2026-03-05,Kolkata,Delhi,East,LTL,CARR_06,CUST_065,2026-03-05,,18813.82,1796,In-Transit
SHP002597,2026-03-18,2026-03-21,2026-03-25,Pune,Guwahati,West,PTL,CARR_05,CUST_017,2026-03-25,2026-03-30,14829.49,2008,Delivered
SHP004339,2026-03-03,2026-03-06,2026-03-12,Indore,Kolkata,Central,FTL,CARR_01,CUST_103,2026-03-12,2026-03-15,41080.02,1809,Delivered
SHP004865,2026-03-25,2026-03-27,2026-03-31,Bhubaneswar,Surat,East,LTL,CARR_05,CUST_050,2026-03-31,2026-03-28,21500.6,1898,Delivered
SHP001064,2026-06-15,2026-06-18,2026-06-21,Chennai,Bhubaneswar,South,FTL,CARR_02,CUST_063,2026-06-21,2026-06-26,19418.7,711,Delivered
SHP001407,2026-05-29,2026-05-30,2026-06-07,Lucknow,Bengaluru,North,LTL,CARR_13,CUST_075,2026-06-07,2026-06-08,4771.29,378,Delivered
SHP000828,2026-04-02,2026-04-02,2026-04-08,Pune,Indore,West,PTL,CARR_10,CUST_007,2026-04-08,,2502.15,310,In-Transit
SHP001449,2026-06-09,2026-06-12,2026-06-15,Bengaluru,Nagpur,South,PTL,CARR_01,CUST_007,2026-06-15,,14877.19,1948,In-Transit
SHP002213,2026-01-13,2026-01-16,2026-01-21,Patna,Jaipur,East,LTL,CARR_13,CUST_007,2026-01-21,2026-01-17,28798.45,2377,Delivered
SHP003129,2026-02-27,2026-02-28,2026-03-06,Bhubaneswar,Nagpur,East,LTL,CARR_09,CUST_041,2026-03-06,2026-03-06,15329.42,1251,Delivered
SHP002918,2026-04-04,2026-04-05,2026-04-09,Mumbai,Chandigarh,West,LTL,CARR_01,CUST_035,2026-04-09,2026-04-13,7918.3,726,Delivered
SHP002720,2026-01-06,2026-01-07,2026-01-10,Delhi,Kolkata,North,LTL,CARR_06,CUST_079,2026-01-10,2026-01-11,3386.03,273,Delivered
SHP001495,2026-05-11,2026-05-14,2026-05-20,Chennai,Pune,South,FTL,CARR_15,CUST_091,2026-05-20,,53785.41,1910,Delivered
SHP003652,2026-04-14,2026-04-15,2026-04-18,Chandigarh,Pune,North,LTL,CARR_06,CUST_098,2026-04-18,2026-04-20,3435.15,296,Delivered
SHP002537,2026-02-14,2026-02-14,2026-02-17,Bhopal,Indore,Central,LTL,CARR_09,CUST_119,2026-02-17,2026-02-22,20687.02,1978,Delivered
SHP004506,2026-05-28,2026-05-31,2026-06-07,Delhi,Bhubaneswar,North,LTL,CARR_06,CUST_088,2026-06-07,2026-06-08,4393.15,358,Delayed
SHP004822,2026-04-03,2026-04-04,2026-04-10,Surat,Bhubaneswar,West,LTL,CARR_01,CUST_067,2026-04-10,2026-04-07,18467.05,1757,Delivered
SHP004709,2026-06-02,2026-06-03,2026-06-05,Kochi,Hyderabad,South,PTL,CARR_02,CUST_115,2026-06-05,,13401.32,1772,Delayed
SHP003227,2026-04-10,2026-04-10,2026-04-12,Indore,Nagpur,Central,FTL,CARR_13,CUST_099,2026-04-12,2026-04-07,8252.17,325,Delivered
SHP004721,2026-01-15,2026-01-16,2026-01-24,Kochi,Indore,South,LTL,CARR_01,CUST_091,2026-01-24,,10394.5,962,Delayed
SHP002958,2026-03-05,2026-03-08,2026-03-10,Jaipur,Pune,North,FTL,CARR_03,CUST_086,2026-03-10,2026-03-15,42653.78,1636,Delivered
SHP001657,2026-06-25,2026-06-25,2026-07-01,Surat,Mumbai,West,FTL,CARR_08,CUST_094,2026-07-01,,47032.35,1750,Cancelled
SHP003451,2026-05-17,2026-05-17,2026-05-25,Nagpur,Delhi,Central,FTL,CARR_14,CUST_045,2026-05-25,2026-05-26,46438.81,1934,Delivered
SHP000520,2026-04-16,2026-04-19,2026-04-21,Lucknow,Jaipur,North,LTL,CARR_03,CUST_042,2026-04-21,2026-04-22,7011.85,578,Delivered
SHP000069,2026-04-03,2026-04-03,2026-04-09,Kolkata,Patna,East,LTL,CARR_04,CUST_110,2026-04-09,2026-04-09,15824.91,1519,Delivered
SHP001513,2026-04-23,2026-04-26,2026-05-04,Bhubaneswar,Nagpur,East,LTL,CARR_08,CUST_088,2026-05-04,2026-05-01,4837.01,429,Delivered
SHP001207,2026-02-23,2026-02-25,2026-02-27,Raipur,Raipur,Central,FTL,CARR_14,CUST_082,2026-02-27,2026-03-01,11039.26,425,Delivered
SHP000561,2026-05-06,2026-05-08,2026-05-11,Pune,Pune,West,FTL,CARR_04,CUST_051,2026-05-11,2026-05-18,42958.3,1587,Delayed
SHP002571,2026-03-15,2026-03-18,2026-03-22,Surat,Patna,West,FTL,CARR_13,CUST_064,2026-03-22,2026-03-23,22133.65,821,Delivered
SHP004736,2026-06-13,2026-06-15,2026-06-22,Nagpur,Patna,Central,FTL,CARR_11,CUST_036,2026-06-22,2026-06-16,8913.9,377,Delayed
SHP004708,2026-05-13,2026-05-14,2026-05-17,Nagpur,Jaipur,Central,LTL,CARR_10,CUST_018,2026-05-17,,19777.12,1553,Cancelled
SHP000660,2026-06-01,2026-06-01,2026-06-06,Jaipur,Lucknow,North,FTL,CARR_05,CUST_106,2026-06-06,2026-06-02,27717.21,1302,Delivered
SHP000224,2026-05-23,2026-05-24,2026-05-26,Kochi,Bhubaneswar,South,PTL,CARR_14,CUST_085,2026-05-26,,14057.78,1978,Delivered
SHP004484,2026-04-06,2026-04-07,2026-04-10,Nagpur,Kochi,Central,LTL,CARR_13,CUST_076,2026-04-10,2026-04-12,1924.25,169,Delivered
SHP003614,2026-01-12,2026-01-14,2026-01-18,Raipur,Kochi,Central,LTL,CARR_15,CUST_070,2026-01-18,2026-01-23,22608.4,1654,Delivered
SHP004264,2026-03-22,2026-03-23,2026-03-27,Nagpur,Chandigarh,Central,FTL,CARR_11,CUST_005,2026-03-27,2026-04-02,30447.44,1319,Delivered
SHP000864,,2026-07-01,2026-07-05,Patna,Pune,East,LTL,CARR_08,CUST_078,2026-07-05,2026-07-09,32938.91,2474,Delivered
SHP003501,2026-06-11,2026-06-11,2026-06-15,Pune,Hyderabad,West,FTL,CARR_06,CUST_097,2026-06-15,2026-06-17,63567.21,2233,Delayed
SHP000067,2026-04-29,2026-05-01,2026-05-03,Indore,Nagpur,Central,LTL,CARR_11,CUST_106,2026-05-03,2026-05-08,6445.94,622,Delivered
SHP004251,2026-03-10,2026-03-10,2026-03-17,Bhopal,Surat,Central,FTL,CARR_07,CUST_030,2026-03-17,2026-03-20,103743.79,410,Delayed
SHP002929,2026-03-27,2026-03-30,2026-04-07,Mumbai,Kochi,West,PTL,CARR_15,CUST_016,2026-04-07,2026-04-07,5631.99,721,Delivered
SHP002083,2026-06-10,2026-06-13,2026-06-15,Indore,Delhi,Central,PTL,CARR_01,CUST_023,2026-06-15,2026-06-20,17704.57,2028,Delivered
SHP002970,2026-01-13,2026-01-15,2026-01-23,Lucknow,Ahmedabad,North,FTL,CARR_15,CUST_077,2026-01-23,2026-01-19,57746.25,2466,Delivered
SHP000811,2026-02-08,2026-02-09,2026-02-12,Patna,Mumbai,East,LTL,CARR_10,CUST_087,2026-02-12,2026-02-17,15241.09,1178,Delivered
SHP003436,2026-01-23,2026-01-26,2026-02-03,Mumbai,Patna,West,PTL,CARR_05,CUST_118,2026-02-03,2026-02-05,9559.73,1103,Delivered
SHP003214,2026-01-09,2026-01-09,2026-01-11,Patna,Bhubaneswar,East,LTL,CARR_14,CUST_063,2026-01-11,2026-01-13,5514.85,529,Delivered
SHP004071,2026-02-19,2026-02-21,2026-02-23,Bhopal,Patna,Central,FTL,CARR_06,CUST_029,2026-02-23,2026-02-25,15018.83,616,Delivered
SHP000049,2026-02-06,2026-02-06,2026-02-09,Mumbai,Nagpur,West,LTL,CARR_15,CUST_035,2026-02-09,,16155.89,1309,Cancelled
SHP004373,2026-01-09,2026-01-10,2026-01-17,Nagpur,Jaipur,Central,PTL,CARR_11,CUST_111,2026-01-17,2026-01-20,5164.54,588,Delivered
SHP004534,2026-04-27,2026-04-29,2026-05-04,Kochi,Lucknow,South,LTL,CARR_15,CUST_004,2026-05-04,,28604.03,2417,In-Transit
SHP000662,2026-03-24,2026-03-25,2026-03-29,Jaipur,Bhubaneswar,North,FTL,CARR_07,CUST_087,2026-03-29,2026-03-29,129730.25,605,Delivered
SHP004798,2026-04-10,2026-04-11,2026-04-16,Indore,Kochi,Central,LTL,CARR_09,CUST_008,2026-04-16,2026-04-21,24384.21,2283,Delivered
SHP004350,2026-03-31,2026-04-02,2026-04-09,Guwahati,Ahmedabad,East,FTL,CARR_10,CUST_074,2026-04-09,,10623.05,479,Cancelled
SHP004330,2026-01-01,2026-01-02,2026-01-07,Bengaluru,Raipur,South,PTL,CARR_04,CUST_030,2026-01-07,,18327.72,2032,Delivered
SHP000634,2026-05-20,2026-05-20,2026-05-26,Delhi,Bhubaneswar,North,LTL,CARR_10,CUST_077,2026-05-26,2026-05-23,14780.98,1092,Delivered
SHP003815,2026-05-20,2026-05-22,2026-05-30,Bhubaneswar,Ahmedabad,East,LTL,CARR_15,CUST_089,2026-05-30,2026-05-26,27144.24,2315,Delivered
SHP004217,2026-05-23,2026-05-26,2026-05-29,Kochi,Lucknow,South,LTL,CARR_11,CUST_112,2026-05-29,,683.71,53,Delivered
SHP002447,2026-05-14,2026-05-16,2026-05-20,Surat,Kolkata,West,PTL,CARR_04,CUST_061,2026-05-20,2026-05-26,6556.89,942,Delayed
SHP000310,2026-04-05,2026-04-05,2026-04-09,Lucknow,Jaipur,North,LTL,CARR_15,CUST_054,2026-04-09,2026-04-15,22927.51,2216,Delivered
SHP002336,2026-05-08,2026-05-11,2026-05-16,Chennai,Guwahati,South,FTL,CARR_09,CUST_077,2026-05-16,2026-05-15,16076.98,639,Delivered
SHP003287,2026-05-28,2026-05-29,2026-06-04,Bhubaneswar,Surat,East,FTL,CARR_09,CUST_115,2026-06-04,2026-06-06,27369.94,1068,Delayed
SHP004121,2026-05-06,2026-05-07,2026-05-11,Bengaluru,Guwahati,South,LTL,CARR_04,CUST_020,2026-05-11,,10528.52,828,In-Transit
SHP002905,2026-01-27,2026-01-28,2026-02-04,Indore,Bhubaneswar,Central,FTL,CARR_10,CUST_068,2026-02-04,2026-02-01,15712.19,671,Delivered
SHP000747,2026-05-31,2026-05-31,2026-06-06,Raipur,Bhopal,Central,FTL,CARR_11,CUST_095,2026-06-06,2026-06-04,21039.88,779,Delivered
SHP003065,2026-06-01,2026-06-01,2026-06-05,Mumbai,Bhubaneswar,West,PTL,CARR_02,CUST_075,2026-06-05,2026-06-08,14195.93,1659,Delivered
SHP004105,2026-04-13,2026-04-16,2026-04-21,Chennai,Chandigarh,South,FTL,CARR_04,CUST_114,2026-04-21,2026-04-19,49388.16,2113,Delivered
SHP004143,2026-03-17,2026-03-17,2026-03-22,Jaipur,Guwahati,North,FTL,CARR_04,CUST_024,2026-03-22,2026-03-21,5906.17,216,Delivered
SHP001580,2026-03-30,2026-03-31,2026-04-05,Hyderabad,Chandigarh,South,LTL,CARR_05,CUST_041,2026-04-05,,19512.85,1546,Delivered
SHP000626,2026-06-09,2026-06-09,2026-06-15,Delhi,Lucknow,North,FTL,CARR_12,CUST_097,2026-06-15,2026-06-17,66324.49,2430,Delivered
SHP003824,2026-03-12,2026-03-15,2026-03-20,Indore,Bhubaneswar,Central,FTL,CARR_13,CUST_049,2026-03-20,2026-03-16,11703.14,490,Delivered
SHP004521,2026-02-12,2026-02-13,2026-02-18,Hyderabad,Surat,South,FTL,CARR_09,CUST_086,2026-02-18,2026-02-16,2468.63,86,Delayed
SHP001192,2026-02-19,2026-02-19,2026-02-21,Chennai,Jaipur,South,FTL,CARR_08,CUST_085,2026-02-21,,29445.26,1283,Delivered
SHP002596,2026-05-18,2026-05-19,2026-05-21,Kochi,Nagpur,South,FTL,CARR_02,CUST_104,2026-05-21,,35051.98,1224,Delivered
SHP001160,2026-04-11,,2026-04-19,Bhubaneswar,Indore,East,PTL,CARR_01,CUST_001,2026-04-19,2026-04-22,5268.2,693,Delivered
SHP002479,2026-04-06,2026-04-09,2026-04-14,Hyderabad,Chennai,South,FTL,CARR_07,CUST_060,2026-04-14,,495836.81,1869,In-Transit
SHP000273,2026-04-08,2026-04-10,2026-04-18,Kolkata,Raipur,East,FTL,CARR_13,CUST_062,2026-04-18,2026-04-20,52956.75,2409,Delivered
SHP001232,2026-01-11,2026-01-12,2026-01-19,Bengaluru,Delhi,South,FTL,CARR_08,CUST_066,2026-01-19,,56390.94,2314,Delayed
SHP002716,2026-02-28,2026-03-03,2026-03-07,Kochi,Mumbai,South,PTL,CARR_08,CUST_110,2026-03-07,,601.41,72,Delivered
SHP000389,2026-06-13,2026-06-14,2026-06-20,Hyderabad,Hyderabad,South,LTL,CARR_13,CUST_102,2026-06-20,,10406.19,990,Cancelled
SHP003167,2026-05-30,2026-06-02,2026-06-08,Surat,Indore,West,LTL,CARR_05,CUST_031,2026-06-08,2026-06-06,15360.25,1156,Delivered
SHP004896,2026-03-09,2026-03-09,2026-03-13,Jaipur,Pune,North,FTL,CARR_10,CUST_017,2026-03-13,2026-03-17,61089.6,2138,Delivered
SHP001880,2026-01-05,2026-01-08,2026-01-13,Bengaluru,Bhubaneswar,South,FTL,CARR_05,CUST_009,2026-01-13,,38351.53,1651,Delivered
SHP004710,2026-01-03,2026-01-04,2026-01-08,Bengaluru,Raipur,South,LTL,CARR_11,CUST_033,2026-01-08,2026-01-11,28387.37,2200,Delivered
SHP002780,2026-06-22,2026-06-25,2026-07-03,Chennai,Bhubaneswar,South,FTL,CARR_04,CUST_024,2026-07-03,,52257.56,2361,In-Transit
SHP003105,2026-03-30,2026-04-01,2026-04-04,Guwahati,Guwahati,East,FTL,CARR_10,CUST_008,2026-04-04,2026-04-07,25732.04,1035,Delivered
SHP004553,2026-06-04,2026-06-07,2026-06-12,Pune,Kochi,West,LTL,CARR_02,CUST_002,2026-06-12,2026-06-16,9768.26,741,Delivered
SHP001259,,2026-03-11,2026-03-13,Bhopal,Ahmedabad,Central,LTL,CARR_09,CUST_004,2026-03-13,2026-03-17,9213.22,732,Delivered
SHP003402,2026-04-07,2026-04-10,2026-04-14,Guwahati,Surat,East,LTL,CARR_05,CUST_120,2026-04-14,2026-04-19,11700.18,887,Delivered
SHP001351,2026-03-12,2026-03-15,2026-03-19,Delhi,Jaipur,North,FTL,CARR_02,CUST_113,2026-03-19,,17101.55,686,Cancelled
SHP001401,2026-02-12,2026-02-12,2026-02-20,Bhopal,Chandigarh,Central,LTL,CARR_15,CUST_090,2026-02-20,2026-02-13,24506.68,2167,Delivered
SHP001228,2026-01-05,2026-01-05,2026-01-12,Bengaluru,Hyderabad,South,LTL,CARR_13,CUST_075,2026-01-12,,9785.19,717,Delivered
SHP004221,2026-01-19,2026-01-21,2026-01-28,Lucknow,Ahmedabad,North,PTL,CARR_13,CUST_015,2026-01-28,2026-01-23,12216.89,1628,Delivered
SHP001776,2026-04-08,2026-04-08,2026-04-10,Jaipur,Chandigarh,North,FTL,CARR_15,CUST_090,2026-04-10,,38336.86,1656,In-Transit
SHP000769,2026-04-28,2026-05-01,2026-05-09,Pune,Kolkata,West,FTL,CARR_12,CUST_010,2026-05-09,2026-05-05,26533.61,1114,Delivered
SHP004492,2026-03-22,2026-03-23,2026-03-28,Kochi,Bhopal,South,LTL,CARR_09,CUST_023,2026-03-28,2026-03-28,26109.56,2078,Delivered
SHP000751,2026-05-17,2026-05-20,2026-05-23,Ahmedabad,Indore,West,FTL,CARR_03,CUST_055,2026-05-23,2026-05-22,1854.71,78,Delayed
SHP002834,2026-04-19,2026-04-22,2026-04-29,Guwahati,Bhubaneswar,East,LTL,CARR_03,CUST_060,2026-04-29,,9114.02,764,In-Transit
SHP003146,2026-01-30,2026-01-31,2026-02-06,Lucknow,Chennai,North,FTL,CARR_06,CUST_067,2026-02-06,2026-02-07,19350.42,718,Delivered
SHP000456,2026-06-15,2026-06-16,2026-06-22,Delhi,Indore,North,PTL,CARR_11,CUST_029,2026-06-22,2026-06-24,15396.36,2199,Delivered
SHP000633,2026-06-25,2026-06-28,2026-07-02,Lucknow,Lucknow,North,PTL,CARR_02,CUST_027,2026-07-02,2026-06-27,16572.02,1896,Delivered
SHP003497,2026-05-30,2026-05-30,2026-06-04,Bhubaneswar,Delhi,East,LTL,CARR_02,CUST_048,2026-06-04,2026-06-03,16642.89,1261,Delivered
SHP000619,2026-01-14,2026-01-15,2026-01-23,Raipur,Jaipur,Central,LTL,CARR_08,CUST_028,2026-01-23,2026-01-16,19907.53,1782,Delivered
SHP000953,2026-03-27,2026-03-28,2026-03-31,Bengaluru,Hyderabad,South,LTL,CARR_08,CUST_113,2026-03-31,,12443.54,1033,Delivered
SHP002608,2026-04-04,2026-04-05,2026-04-12,Indore,Bhubaneswar,Central,FTL,CARR_07,CUST_037,2026-04-12,2026-04-10,305928.68,1312,Delivered
SHP002145,2026-06-12,2026-06-14,2026-06-18,Ahmedabad,Mumbai,West,PTL,CARR_08,CUST_026,2026-06-18,2026-06-24,13956.7,1648,Delivered
SHP001882,2026-01-26,2026-01-27,2026-01-31,Jaipur,Lucknow,North,LTL,CARR_12,CUST_054,2026-01-31,2026-01-29,9116.29,715,Delivered
SHP003075,2026-01-27,2026-01-29,2026-02-01,Pune,Kochi,West,FTL,CARR_15,CUST_019,2026-02-01,,15325.62,648,In-Transit
SHP004748,2026-06-10,2026-06-12,2026-06-19,Ahmedabad,Bhopal,West,FTL,CARR_04,CUST_116,2026-06-19,2026-06-18,6865.69,308,Delivered
SHP004371,2026-06-22,2026-06-23,2026-06-28,Guwahati,Chennai,East,FTL,CARR_04,CUST_069,2026-06-28,2026-06-25,47273.12,2092,Delivered
SHP001472,2026-04-26,2026-04-29,2026-05-03,Raipur,Chandigarh,Central,PTL,CARR_03,CUST_027,2026-05-03,2026-04-30,20907.9,2289,Delivered
SHP001912,2026-06-27,2026-06-29,2026-07-04,Patna,Guwahati,East,FTL,CARR_09,CUST_060,2026-07-04,2026-07-07,64281.55,2292,Delivered
SHP001995,2026-05-16,2026-05-19,2026-05-27,Lucknow,Chandigarh,North,LTL,CARR_13,CUST_008,2026-05-27,2026-05-26,26697.47,2425,Delivered
SHP004092,2026-01-11,2026-01-13,2026-01-19,Jaipur,Chennai,North,LTL,CARR_14,CUST_086,2026-01-19,2026-01-15,24487.52,2243,Delivered
SHP001455,2026-04-04,2026-04-05,2026-04-12,Ahmedabad,Lucknow,West,PTL,CARR_12,CUST_096,2026-04-12,2026-04-07,11514.51,1360,Delayed
SHP002758,2026-03-08,2026-03-08,2026-03-12,Jaipur,Nagpur,North,FTL,CARR_04,CUST_004,2026-03-12,2026-03-15,16173.12,583,Delivered
SHP000336,2026-06-09,2026-06-11,2026-06-16,Ahmedabad,Bengaluru,West,PTL,CARR_04,CUST_001,2026-06-16,2026-06-09,18485.04,2088,Delivered
SHP000742,2026-04-23,2026-04-26,2026-05-02,Bhubaneswar,Kochi,East,LTL,CARR_13,CUST_003,2026-05-02,2026-05-06,23494.36,1831,Delivered
SHP001269,2026-01-24,2026-01-24,2026-01-27,Bengaluru,Chandigarh,South,FTL,CARR_11,CUST_024,2026-01-27,,16535.88,636,Delivered
SHP004259,2026-02-01,2026-02-02,2026-02-08,Guwahati,Guwahati,East,LTL,CARR_09,CUST_045,2026-02-08,2026-02-09,4347.23,351,Delayed
SHP003597,2026-02-16,2026-02-17,2026-02-19,Kolkata,Raipur,East,LTL,CARR_01,CUST_027,2026-02-19,2026-02-23,22719.84,2160,Delivered
SHP000577,2026-01-10,2026-01-13,2026-01-21,Lucknow,Hyderabad,North,PTL,CARR_11,CUST_066,2026-01-21,2026-01-23,14215.95,2049,Delivered
SHP000483,2026-05-28,2026-05-28,2026-06-03,Kolkata,Bhopal,East,FTL,CARR_10,CUST_070,2026-06-03,2026-05-25,22175.33,825,Delivered
SHP001900,2026-03-26,2026-03-26,2026-03-29,Guwahati,Mumbai,East,FTL,CARR_13,CUST_079,2026-03-29,2026-04-05,35690.34,1512,Delivered
SHP003557,2026-03-20,2026-03-20,2026-03-25,Patna,Guwahati,East,LTL,CARR_11,CUST_006,2026-03-25,2026-03-25,5312.35,477,Delivered
SHP000432,2026-03-07,2026-03-08,2026-03-11,Chandigarh,Ahmedabad,North,PTL,CARR_11,CUST_021,2026-03-11,2026-03-15,3687.35,515,Delivered
SHP003319,2026-04-27,2026-04-29,2026-05-05,Nagpur,Bhubaneswar,Central,LTL,CARR_13,CUST_043,2026-05-05,2026-05-09,28156.94,2206,Delivered
SHP001952,2026-01-30,2026-02-01,2026-02-04,Mumbai,Kolkata,West,FTL,CARR_11,CUST_003,2026-02-04,,44881.63,1922,In-Transit
SHP003861,2026-05-12,2026-05-13,2026-05-19,Surat,Indore,West,FTL,CARR_04,CUST_021,2026-05-19,2026-05-20,21312.13,1001,Delivered
SHP003460,2026-01-31,2026-02-03,2026-02-11,Chandigarh,Surat,North,LTL,CARR_10,CUST_075,2026-02-11,,31616.52,2370,In-Transit
SHP001213,2026-06-18,2026-06-21,2026-06-25,Indore,Raipur,Central,FTL,CARR_05,CUST_053,2026-06-25,,37744.76,1403,Cancelled
SHP001901,2026-02-19,2026-02-22,2026-02-26,Bengaluru,Lucknow,South,FTL,CARR_05,CUST_010,2026-02-26,,38877.91,1526,In-Transit
SHP004174,2026-04-17,,2026-04-20,Bhubaneswar,Delhi,East,LTL,CARR_01,CUST_110,2026-04-20,2026-04-24,33756.99,2448,Delivered
SHP002570,2026-04-13,2026-04-13,2026-04-19,Patna,Delhi,East,LTL,CARR_09,CUST_034,2026-04-19,2026-04-17,32741.2,2497,Delivered
SHP004730,2026-02-05,2026-02-05,2026-02-08,Mumbai,Lucknow,West,LTL,CARR_05,CUST_109,2026-02-08,2026-02-15,8375.51,632,Delivered
SHP000341,2026-06-06,2026-06-07,2026-06-10,Kochi,Raipur,South,LTL,CARR_03,CUST_114,2026-06-10,,595.03,56,Delivered
SHP004288,2026-04-29,2026-04-30,2026-05-08,Guwahati,Pune,East,PTL,CARR_12,CUST_115,2026-05-08,2026-05-02,17991.54,2039,Delivered
SHP004009,2026-01-03,2026-01-06,2026-01-10,Bengaluru,Mumbai,South,LTL,CARR_09,CUST_065,2026-01-10,,9059.57,665,Delivered
SHP002692,2026-06-20,2026-06-23,2026-07-01,Mumbai,Lucknow,West,FTL,CARR_09,CUST_087,2026-07-01,2026-06-25,14579.27,533,Delivered
SHP000879,2026-02-01,2026-02-01,2026-02-07,Raipur,Patna,Central,LTL,CARR_06,CUST_003,2026-02-07,2026-02-07,23101.63,2004,Delivered
SHP002793,2026-04-07,2026-04-07,2026-04-12,Chennai,Mumbai,South,LTL,CARR_05,CUST_089,2026-04-12,,12186.67,941,Delivered
SHP003734,2026-05-17,2026-05-17,2026-05-25,Bhopal,Indore,Central,LTL,CARR_08,CUST_012,2026-05-25,2026-05-21,7210.42,640,Delivered
SHP002426,2026-06-22,2026-06-25,2026-06-30,Mumbai,Delhi,West,FTL,CARR_02,CUST_091,2026-06-30,2026-07-01,33178.53,1188,Delivered
SHP002679,2026-05-23,2026-05-23,2026-05-28,Raipur,Patna,Central,LTL,CARR_09,CUST_064,2026-05-28,2026-05-27,23766.69,2196,Delayed
SHP004317,2026-05-14,2026-05-15,2026-05-22,Kolkata,Bhopal,East,LTL,CARR_07,CUST_018,2026-05-22,2026-05-21,145933.98,1391,Delivered
SHP002151,2026-02-04,2026-02-06,2026-02-11,Hyderabad,Patna,South,LTL,CARR_03,CUST_007,2026-02-11,,12977.88,1088,Delivered
SHP001808,2026-02-27,2026-02-28,2026-03-06,Delhi,Jaipur,North,FTL,CARR_10,CUST_103,2026-03-06,2026-03-06,63289.74,2210,Delivered
SHP003317,2026-05-12,2026-05-14,2026-05-17,Surat,Guwahati,West,FTL,CARR_02,CUST_021,2026-05-17,2026-05-21,50874.01,2245,Delivered
SHP002370,2026-01-09,2026-01-09,2026-01-15,Kochi,Bhubaneswar,South,FTL,CARR_12,CUST_113,2026-01-15,,39151.75,1469,In-Transit
SHP001715,2026-05-28,2026-05-31,2026-06-08,Hyderabad,Bengaluru,South,LTL,CARR_15,CUST_048,2026-06-08,,3478.31,263,In-Transit
SHP002232,2026-03-28,2026-03-28,2026-03-30,Indore,Pune,Central,LTL,CARR_09,CUST_055,2026-03-30,2026-04-06,15930.08,1229,Delivered
SHP004923,2026-02-20,2026-02-23,2026-02-25,Nagpur,Nagpur,Central,FTL,CARR_15,CUST_001,2026-02-25,2026-03-04,31372.8,1419,Delivered
SHP000739,2026-06-14,2026-06-17,2026-06-19,Kolkata,Ahmedabad,East,LTL,CARR_06,CUST_099,2026-06-19,2026-06-20,28356.94,2447,Delivered
SHP003973,2026-06-06,2026-06-09,2026-06-17,Indore,Patna,Central,PTL,CARR_10,CUST_020,2026-06-17,2026-06-17,1346.06,186,Delivered
SHP002182,2026-06-22,2026-06-23,2026-06-26,Delhi,Raipur,North,LTL,CARR_06,CUST_014,2026-06-26,,21916.93,1696,In-Transit
SHP003360,2026-05-22,2026-05-24,2026-05-27,Surat,Nagpur,West,FTL,CARR_01,CUST_082,2026-05-27,,67001.99,2479,In-Transit
SHP003561,2026-03-17,2026-03-18,2026-03-20,Ahmedabad,Pune,West,LTL,CARR_02,CUST_049,2026-03-20,2026-03-25,5428.0,515,Delivered
SHP003668,2026-05-03,2026-05-05,2026-05-13,Raipur,Indore,Central,LTL,CARR_10,CUST_074,2026-05-13,2026-05-07,12117.31,950,Delayed
SHP000508,2026-03-03,2026-03-05,2026-03-12,Kochi,Jaipur,South,PTL,CARR_05,CUST_059,2026-03-12,2026-03-11,6803.15,751,Delayed
SHP003551,2026-03-26,2026-03-29,2026-03-31,Chennai,Delhi,South,LTL,CARR_05,CUST_117,2026-03-31,,16989.94,1471,Delayed
SHP003158,2026-04-05,2026-04-05,2026-04-11,Chennai,Jaipur,South,PTL,CARR_13,CUST_099,2026-04-11,,16736.97,2193,Delivered
SHP000395,2026-05-29,2026-05-30,2026-06-03,Hyderabad,Bengaluru,South,LTL,CARR_12,CUST_097,2026-06-03,,20068.24,1494,Delivered
SHP003114,2026-01-23,2026-01-23,2026-01-31,Pune,Indore,West,FTL,CARR_11,CUST_101,2026-01-31,2026-01-30,46333.23,2019,Delivered
SHP002357,2026-02-04,2026-02-07,2026-02-12,Kolkata,Ahmedabad,East,FTL,CARR_01,CUST_016,2026-02-12,,68935.25,2451,In-Transit
SHP002639,2026-03-12,2026-03-15,2026-03-17,Kolkata,Patna,East,FTL,CARR_12,CUST_006,2026-03-17,2026-03-17,61967.66,2331,Delivered
SHP000699,2026-05-30,2026-05-31,2026-06-04,Chennai,Nagpur,South,LTL,CARR_07,CUST_087,2026-06-04,,118617.25,1225,Delivered
SHP003030,2026-03-11,2026-03-12,2026-03-19,Jaipur,Indore,North,FTL,CARR_13,CUST_116,2026-03-19,2026-03-21,8116.1,331,Delivered
SHP001902,2026-06-23,2026-06-23,2026-06-27,Nagpur,Bhopal,Central,PTL,CARR_03,CUST_062,2026-06-27,2026-06-30,1342.39,171,Delivered
SHP003935,2026-05-16,2026-05-19,2026-05-22,Indore,Kolkata,Central,LTL,CARR_13,CUST_056,2026-05-22,,31425.84,2397,In-Transit
SHP002568,2026-04-23,2026-04-24,2026-04-26,Bhubaneswar,Kochi,East,LTL,CARR_12,CUST_115,2026-04-26,2026-04-29,6479.02,553,Delivered
SHP003195,2026-04-09,2026-04-12,2026-04-20,Delhi,Guwahati,North,FTL,CARR_12,CUST_075,2026-04-20,2026-04-19,50875.16,1889,Delivered
SHP000912,2026-01-20,2026-01-23,2026-01-25,Raipur,Chennai,Central,LTL,CARR_05,CUST_064,2026-01-25,2026-02-02,18361.85,1759,Delivered
SHP001072,2026-01-27,2026-01-28,2026-01-30,Bengaluru,Delhi,South,FTL,CARR_07,CUST_052,2026-01-30,,114643.3,545,Delivered
SHP000602,2026-06-12,2026-06-14,2026-06-22,Guwahati,Surat,East,LTL,CARR_07,CUST_078,2026-06-22,2026-06-17,124810.55,1057,Delivered
SHP004523,2026-01-05,2026-01-05,2026-01-13,Guwahati,Kochi,East,LTL,CARR_03,CUST_096,2026-01-13,2026-01-11,14729.14,1275,Delivered
SHP003825,2026-05-01,2026-05-04,2026-05-12,Hyderabad,Bengaluru,South,FTL,CARR_06,CUST_048,2026-05-12,2026-05-13,36866.21,1424,Delivered
SHP001314,2026-05-26,2026-05-27,2026-06-01,Bhopal,Bhopal,Central,LTL,CARR_10,CUST_109,2026-06-01,2026-05-29,13267.32,1281,Delivered
SHP003984,2026-02-25,,2026-03-05,Raipur,Lucknow,Central,LTL,CARR_15,CUST_095,2026-03-05,,20128.62,1965,Cancelled
SHP002064,2026-03-28,2026-03-30,2026-04-06,Kochi,Kolkata,South,FTL,CARR_07,CUST_094,2026-04-06,,684098.53,2312,Delivered
SHP002134,2026-01-18,2026-01-18,2026-01-25,Kolkata,Bhopal,East,FTL,CARR_01,CUST_039,2026-01-25,2026-01-24,32881.97,1298,Delivered
SHP001625,2026-06-19,2026-06-21,2026-06-24,Lucknow,Patna,North,LTL,CARR_01,CUST_052,2026-06-24,2026-06-24,7855.42,713,Delivered
SHP001910,2026-02-10,2026-02-10,2026-02-13,Raipur,Chennai,Central,FTL,CARR_04,CUST_020,2026-02-13,2026-02-12,50740.86,1776,Delivered
SHP004817,2026-04-11,2026-04-12,2026-04-15,Chennai,Lucknow,South,LTL,CARR_07,CUST_048,2026-04-15,,150261.52,1573,In-Transit
SHP003695,2026-06-03,,2026-06-12,Kochi,Ahmedabad,South,LTL,CARR_02,CUST_023,2026-06-12,,7221.08,581,Delayed
SHP004993,2026-04-25,2026-04-26,2026-05-03,Surat,Bengaluru,West,PTL,CARR_04,CUST_056,2026-05-03,2026-04-30,2581.54,372,Delivered
SHP002021,2026-03-26,2026-03-28,2026-04-03,Kochi,Delhi,South,LTL,CARR_01,CUST_027,2026-04-03,,14352.18,1240,Delivered
SHP000422,2026-01-20,2026-01-23,2026-01-26,Indore,Hyderabad,Central,LTL,CARR_02,CUST_098,2026-01-26,2026-01-31,15754.59,1252,Delivered
SHP002223,2026-05-29,2026-05-30,2026-06-07,Kochi,Nagpur,South,LTL,CARR_13,CUST_096,2026-06-07,,15531.74,1461,Delivered
SHP002847,2026-01-04,2026-01-04,2026-01-10,Guwahati,Chennai,East,LTL,CARR_09,CUST_026,2026-01-10,2026-01-13,27661.38,2353,Delivered
SHP004881,2026-03-28,2026-03-29,2026-04-03,Lucknow,Guwahati,North,LTL,CARR_10,CUST_028,2026-04-03,2026-04-08,29845.04,2310,Delivered
SHP001612,2026-01-15,2026-01-15,2026-01-21,Pune,Pune,West,PTL,CARR_02,CUST_117,2026-01-21,2026-01-16,2128.68,264,Delivered
SHP001052,2026-05-03,2026-05-03,2026-05-07,Lucknow,Bhopal,North,LTL,CARR_14,CUST_017,2026-05-07,2026-05-08,6417.75,581,Delivered
SHP001238,2026-05-02,2026-05-04,2026-05-07,Guwahati,Hyderabad,East,FTL,CARR_15,CUST_064,2026-05-07,2026-05-07,38741.02,1519,Delivered
SHP000362,2026-01-29,2026-02-01,2026-02-04,Indore,Delhi,Central,LTL,CARR_12,CUST_048,2026-02-04,2026-02-03,30312.39,2206,Delayed
SHP001613,2026-03-27,2026-03-29,2026-04-02,Jaipur,Bhopal,North,FTL,CARR_11,CUST_030,2026-04-02,2026-03-31,63427.79,2277,Delivered
SHP000978,2026-05-03,2026-05-06,2026-05-09,Bhubaneswar,Kochi,East,FTL,CARR_14,CUST_036,2026-05-09,2026-05-05,46197.86,2017,Delayed
SHP000202,2026-01-29,2026-01-31,2026-02-04,Kolkata,Chandigarh,East,LTL,CARR_15,CUST_019,2026-02-04,2026-02-02,20557.13,1670,Delivered
SHP001247,,,2026-01-21,Bhopal,Chennai,Central,FTL,CARR_09,CUST_003,2026-01-21,2026-01-23,36991.34,1728,Delivered
SHP004947,2026-01-18,2026-01-21,2026-01-26,Bhubaneswar,Chandigarh,East,FTL,CARR_10,CUST_102,2026-01-26,2026-01-22,18195.87,655,Delivered
SHP002373,2026-02-26,2026-03-01,2026-03-03,Bengaluru,Raipur,South,FTL,CARR_08,CUST_055,2026-03-03,,22603.91,866,Delivered
SHP000113,2026-03-10,2026-03-13,2026-03-16,Pune,Kolkata,West,FTL,CARR_08,CUST_016,2026-03-16,2026-03-17,9646.77,446,Delayed
SHP003089,2026-03-23,2026-03-25,2026-03-28,Guwahati,Lucknow,East,FTL,CARR_14,CUST_002,2026-03-28,2026-03-29,50198.28,1904,Delivered
SHP002838,2026-06-04,2026-06-04,2026-06-11,Delhi,Nagpur,North,LTL,CARR_09,CUST_115,2026-06-11,2026-06-09,11992.41,910,Delayed
SHP002053,2026-03-13,2026-03-15,2026-03-18,Patna,Delhi,East,FTL,CARR_07,CUST_011,2026-03-18,2026-03-21,697103.14,2470,Delayed
SHP001482,2026-05-21,2026-05-21,2026-05-28,Indore,Jaipur,Central,LTL,CARR_11,CUST_098,2026-05-28,2026-05-24,18571.14,1820,Delivered
SHP004129,2026-03-22,2026-03-23,2026-03-28,Patna,Raipur,East,FTL,CARR_03,CUST_002,2026-03-28,2026-04-01,3485.74,162,Delivered
SHP000166,2026-06-27,2026-06-28,2026-07-03,Hyderabad,Chandigarh,South,FTL,CARR_03,CUST_048,2026-07-03,,45349.99,1763,Delivered
SHP002505,2026-03-15,2026-03-17,2026-03-22,Bhopal,Delhi,Central,FTL,CARR_01,CUST_041,2026-03-22,2026-03-19,23905.59,992,Delivered
SHP004160,2026-06-10,2026-06-11,2026-06-15,Bhopal,Chandigarh,Central,FTL,CARR_03,CUST_034,2026-06-15,2026-06-18,16229.43,572,Delivered
SHP003869,2026-02-22,2026-02-25,2026-02-28,Ahmedabad,Patna,West,LTL,CARR_05,CUST_052,2026-02-28,2026-03-01,12881.41,949,Delivered
SHP000101,2026-02-17,2026-02-20,2026-02-24,Guwahati,Surat,East,PTL,CARR_07,CUST_044,2026-02-24,2026-02-28,134867.59,2176,Delivered
SHP001822,2026-05-10,2026-05-10,2026-05-12,Jaipur,Chennai,North,LTL,CARR_07,CUST_004,2026-05-12,,60059.96,497,In-Transit
SHP004874,2026-05-21,2026-05-23,2026-05-25,Guwahati,Surat,East,LTL,CARR_07,CUST_036,2026-05-25,2026-05-30,141734.02,1408,Delivered
SHP000570,2026-02-01,2026-02-02,2026-02-09,Delhi,Pune,North,FTL,CARR_02,CUST_101,2026-02-09,,33494.39,1305,In-Transit
SHP000445,2026-03-24,2026-03-27,2026-04-03,Hyderabad,Raipur,South,FTL,CARR_08,CUST_018,2026-04-03,,43032.71,1620,In-Transit
SHP004589,2026-06-01,2026-06-03,2026-06-11,Delhi,Hyderabad,North,LTL,CARR_02,CUST_047,2026-06-11,2026-06-13,7798.81,610,Delivered
SHP003971,2026-04-05,2026-04-05,2026-04-13,Pune,Chandigarh,West,FTL,CARR_15,CUST_029,2026-04-13,2026-04-09,53573.26,1870,Delivered
SHP002920,2026-04-03,2026-04-06,2026-04-14,Raipur,Bhopal,Central,FTL,CARR_06,CUST_092,2026-04-14,2026-04-10,24661.05,879,Delivered
SHP003028,2026-04-29,2026-04-30,2026-05-03,Surat,Bhubaneswar,West,LTL,CARR_07,CUST_084,2026-05-03,2026-05-03,329455.59,2296,Delayed
SHP000596,2026-01-04,,2026-01-07,Bengaluru,Bhopal,South,FTL,CARR_01,CUST_015,2026-01-07,,9116.91,392,Delayed
SHP004944,2026-03-10,2026-03-11,2026-03-18,Indore,Kolkata,Central,FTL,CARR_13,CUST_114,2026-03-18,2026-03-19,35008.13,1334,Delivered
SHP000576,2026-01-29,2026-01-31,2026-02-08,Hyderabad,Lucknow,South,LTL,CARR_03,CUST_048,2026-02-08,,29947.4,2258,Cancelled
SHP001953,2026-04-08,2026-04-10,2026-04-15,Surat,Kochi,West,FTL,CARR_06,CUST_119,2026-04-15,2026-04-20,38489.2,1557,Delayed
SHP000024,2026-04-13,2026-04-15,2026-04-23,Ahmedabad,Patna,West,FTL,CARR_11,CUST_025,2026-04-23,2026-04-20,9519.56,334,Delivered
SHP000778,2026-05-07,2026-05-08,2026-05-14,Kochi,Jaipur,South,LTL,CARR_10,CUST_035,2026-05-14,,24451.72,2029,Delayed
SHP002499,2026-05-21,2026-05-24,2026-05-28,Jaipur,Chandigarh,North,FTL,CARR_05,CUST_027,2026-05-28,2026-05-28,28807.28,1332,Delayed
SHP001925,2026-03-28,2026-03-31,2026-04-04,Bhubaneswar,Bhopal,East,LTL,CARR_04,CUST_105,2026-04-04,2026-04-03,2954.44,234,Delivered
SHP004645,2026-01-04,2026-01-07,2026-01-14,Nagpur,Indore,Central,FTL,CARR_05,CUST_025,2026-01-14,2026-01-09,50374.46,2141,Delivered
SHP001727,2026-01-14,2026-01-17,2026-01-20,Ahmedabad,Pune,West,FTL,CARR_07,CUST_085,2026-01-20,2026-01-20,442514.64,2473,Delivered
SHP000350,2026-05-27,2026-05-28,2026-05-30,Bhubaneswar,Patna,East,PTL,CARR_13,CUST_037,2026-05-30,2026-05-31,10960.18,1325,Delivered
SHP003942,2026-05-07,2026-05-10,2026-05-15,Surat,Guwahati,West,FTL,CARR_11,CUST_055,2026-05-15,2026-05-17,31215.85,1096,Delivered
SHP002377,2026-01-13,2026-01-13,2026-01-17,Pune,Bhubaneswar,West,PTL,CARR_13,CUST_066,2026-01-17,2026-01-23,14970.11,2162,Delivered
SHP000342,2026-06-13,2026-06-14,2026-06-21,Raipur,Mumbai,Central,FTL,CARR_09,CUST_104,2026-06-21,2026-06-15,23095.56,874,Delivered
SHP002219,2026-06-24,2026-06-26,2026-06-29,Kochi,Chandigarh,South,FTL,CARR_03,CUST_120,2026-06-29,2026-06-27,23765.18,923,Delivered
SHP004644,2026-03-03,2026-03-04,2026-03-07,Mumbai,Delhi,West,FTL,CARR_03,CUST_120,2026-03-07,2026-03-08,13388.83,497,Delivered
SHP004064,2026-02-07,2026-02-07,2026-02-13,Patna,Lucknow,East,FTL,CARR_06,CUST_049,2026-02-13,2026-02-08,51898.57,2290,Delivered
SHP001997,2026-04-24,2026-04-25,2026-04-30,Lucknow,Bhubaneswar,North,PTL,CARR_07,CUST_041,2026-04-30,,116406.95,1668,In-Transit
SHP000937,2026-01-26,2026-01-27,2026-01-31,Bhubaneswar,Hyderabad,East,PTL,CARR_03,CUST_002,2026-01-31,2026-02-05,2023.48,295,Delivered
SHP002143,2026-05-08,2026-05-11,2026-05-17,Delhi,Mumbai,North,FTL,CARR_04,CUST_018,2026-05-17,,3527.65,148,Cancelled
SHP000097,2026-05-27,2026-05-30,2026-06-06,Chennai,Guwahati,South,FTL,CARR_06,CUST_031,2026-06-06,2026-06-02,10070.45,400,Delivered
SHP003279,2026-05-22,2026-05-22,2026-05-27,Surat,Nagpur,West,FTL,CARR_01,CUST_031,2026-05-27,2026-05-28,57860.51,2441,Delayed
SHP000976,2026-03-04,2026-03-07,2026-03-11,Kochi,Patna,South,PTL,CARR_14,CUST_085,2026-03-11,,12735.01,1841,Delivered
SHP004123,2026-05-15,2026-05-15,2026-05-23,Lucknow,Bengaluru,North,LTL,CARR_10,CUST_026,2026-05-23,,18146.77,1694,In-Transit
SHP001432,2026-06-19,2026-06-20,2026-06-23,Kolkata,Kochi,East,FTL,CARR_10,CUST_098,2026-06-23,,38939.92,1416,In-Transit
SHP004569,2026-05-31,2026-06-03,2026-06-11,Guwahati,Kochi,East,LTL,CARR_01,CUST_005,2026-06-11,2026-06-10,13399.96,989,Delivered
SHP003829,2026-06-25,2026-06-25,2026-06-30,Bhopal,Lucknow,Central,LTL,CARR_06,CUST_070,2026-06-30,2026-06-29,21881.15,1719,Delivered
SHP000417,2026-03-22,2026-03-22,2026-03-24,Guwahati,Pune,East,LTL,CARR_07,CUST_015,2026-03-24,2026-03-30,257236.85,2178,Delivered
SHP000084,2026-02-07,2026-02-08,2026-02-11,Chandigarh,Bhubaneswar,North,LTL,CARR_14,CUST_083,2026-02-11,2026-02-10,11979.38,1098,Delivered
SHP003500,2026-01-22,2026-01-22,2026-01-26,Mumbai,Lucknow,West,PTL,CARR_10,CUST_104,2026-01-26,,6021.54,822,In-Transit
SHP004230,2026-04-09,2026-04-10,2026-04-15,Lucknow,Lucknow,North,LTL,CARR_08,CUST_096,2026-04-15,2026-04-11,10318.97,869,Delivered
SHP003369,2026-05-22,2026-05-24,2026-05-26,Jaipur,Indore,North,LTL,CARR_14,CUST_013,2026-05-26,2026-06-02,7167.69,544,Delivered
SHP003655,2026-02-22,2026-02-22,2026-02-25,Chandigarh,Kolkata,North,FTL,CARR_12,CUST_033,2026-02-25,2026-03-02,9961.61,372,Delivered
SHP003532,2026-03-09,2026-03-12,2026-03-14,Delhi,Delhi,North,FTL,CARR_11,CUST_099,2026-03-14,2026-03-13,31883.52,1408,Delayed
SHP003372,2026-03-20,2026-03-23,2026-03-30,Delhi,Nagpur,North,PTL,CARR_09,CUST_030,2026-03-30,2026-03-31,1809.59,237,Delivered
SHP003478,2026-03-13,2026-03-14,2026-03-18,Bhopal,Kochi,Central,LTL,CARR_15,CUST_100,2026-03-18,,25304.61,1983,In-Transit
SHP001138,2026-01-25,2026-01-26,2026-01-28,Kochi,Guwahati,South,LTL,CARR_13,CUST_010,2026-01-28,,28834.06,2475,Delivered
SHP002491,2026-02-04,2026-02-04,2026-02-08,Ahmedabad,Jaipur,West,LTL,CARR_02,CUST_089,2026-02-08,2026-02-13,9630.09,757,Delivered
SHP001185,2026-03-03,2026-03-03,2026-03-11,Guwahati,Ahmedabad,East,PTL,CARR_03,CUST_015,2026-03-11,2026-03-11,8418.29,1181,Delivered
SHP004811,2026-02-09,2026-02-09,2026-02-16,Patna,Raipur,East,FTL,CARR_09,CUST_076,2026-02-16,,30342.93,1307,In-Transit
SHP000171,2026-02-13,2026-02-15,2026-02-19,Chennai,Jaipur,South,LTL,CARR_10,CUST_069,2026-02-19,,26734.03,2395,Cancelled
SHP002364,2026-06-20,2026-06-22,2026-06-30,Chandigarh,Kochi,North,LTL,CARR_12,CUST_023,2026-06-30,2026-06-23,11619.03,971,Delivered
SHP001699,2026-05-07,2026-05-09,2026-05-13,Kolkata,Raipur,East,PTL,CARR_05,CUST_101,2026-05-13,2026-05-19,10232.83,1224,Delayed
SHP002932,2026-02-07,2026-02-10,2026-02-18,Chennai,Hyderabad,South,LTL,CARR_01,CUST_050,2026-02-18,2026-02-11,32311.7,2429,Delivered
SHP000708,2026-05-14,,2026-05-24,Mumbai,Kolkata,West,LTL,CARR_15,CUST_091,2026-05-24,,29387.04,2336,Cancelled
SHP000768,2026-02-07,2026-02-09,2026-02-17,Jaipur,Surat,North,LTL,CARR_02,CUST_014,2026-02-17,2026-02-19,6489.18,507,Delivered
SHP003119,2026-04-02,2026-04-02,2026-04-07,Raipur,Hyderabad,Central,PTL,CARR_08,CUST_042,2026-04-07,2026-04-05,7350.19,929,Delivered
SHP003469,2026-05-24,2026-05-27,2026-05-29,Pune,Kolkata,West,LTL,CARR_07,CUST_021,2026-05-29,,95441.64,1060,Cancelled
SHP000664,2026-04-06,2026-04-07,2026-04-13,Mumbai,Hyderabad,West,LTL,CARR_10,CUST_066,2026-04-13,2026-04-17,31609.99,2366,Delivered
SHP001006,2026-01-27,2026-01-27,2026-02-03,Bhubaneswar,Lucknow,East,LTL,CARR_13,CUST_019,2026-02-03,,23124.42,1912,In-Transit
SHP004888,2026-05-15,2026-05-17,2026-05-23,Surat,Bhopal,West,FTL,CARR_02,CUST_105,2026-05-23,2026-05-21,43561.75,1724,Delivered
SHP002633,2026-06-30,2026-06-30,2026-07-08,Delhi,Bengaluru,North,FTL,CARR_05,CUST_010,2026-07-08,2026-07-08,11934.39,468,Delivered
SHP000023,2026-03-27,2026-03-30,2026-04-03,Chennai,Chennai,South,PTL,CARR_01,CUST_023,2026-04-03,2026-04-03,6100.17,702,Delivered
SHP003593,2026-05-30,2026-06-02,2026-06-07,Chennai,Surat,South,LTL,CARR_06,CUST_102,2026-06-07,,22034.01,1855,Delivered
SHP004422,2026-05-26,2026-05-27,2026-06-01,Jaipur,Raipur,North,FTL,CARR_02,CUST_113,2026-06-01,2026-05-30,29600.06,1269,Delivered
SHP003970,2026-03-19,2026-03-22,2026-03-29,Ahmedabad,Chandigarh,West,LTL,CARR_08,CUST_004,2026-03-29,2026-03-23,7854.75,721,Delivered
SHP003104,2026-03-23,2026-03-23,2026-03-29,Chandigarh,Nagpur,North,FTL,CARR_10,CUST_019,2026-03-29,2026-03-27,3532.94,166,Delivered
SHP003754,2026-03-19,2026-03-21,2026-03-26,Bhopal,Chennai,Central,PTL,CARR_03,CUST_087,2026-03-26,2026-03-28,3571.33,391,Delivered
SHP003401,2026-02-09,2026-02-11,2026-02-17,Mumbai,Pune,West,FTL,CARR_14,CUST_028,2026-02-17,2026-02-20,23112.06,841,Delivered
SHP002600,2026-06-28,2026-06-28,2026-07-02,Bhubaneswar,Guwahati,East,FTL,CARR_12,CUST_058,2026-07-02,2026-07-06,36044.1,1255,Delivered
SHP001039,2026-05-20,2026-05-20,2026-05-23,Indore,Kochi,Central,LTL,CARR_09,CUST_037,2026-05-23,,2705.68,204,In-Transit
SHP003044,2026-06-15,2026-06-18,2026-06-20,Surat,Kolkata,West,LTL,CARR_01,CUST_046,2026-06-20,2026-06-20,25271.11,2088,Delivered
SHP004823,2026-06-30,2026-07-03,2026-07-06,Lucknow,Guwahati,North,LTL,CARR_03,CUST_099,2026-07-06,,23775.14,2193,Cancelled
SHP004945,2026-04-08,2026-04-09,2026-04-11,Kochi,Bhubaneswar,South,LTL,CARR_13,CUST_009,2026-04-11,,2062.38,156,Delivered
SHP000604,2026-04-18,2026-04-19,2026-04-27,Hyderabad,Pune,South,PTL,CARR_09,CUST_120,2026-04-27,2026-04-23,6719.12,969,Delivered
SHP001915,2026-05-12,2026-05-12,2026-05-14,Mumbai,Guwahati,West,LTL,CARR_07,CUST_070,2026-05-14,2026-05-16,234965.34,1694,Delayed
SHP003474,2026-03-09,2026-03-10,2026-03-13,Guwahati,Kolkata,East,FTL,CARR_15,CUST_038,2026-03-13,2026-03-16,37210.27,1348,Delivered
SHP004519,2026-04-02,2026-04-04,2026-04-08,Nagpur,Kochi,Central,LTL,CARR_09,CUST_030,2026-04-08,2026-04-10,25068.88,2430,Delivered
SHP003354,2026-02-01,2026-02-04,2026-02-12,Jaipur,Jaipur,North,LTL,CARR_06,CUST_055,2026-02-12,2026-02-05,11005.71,905,Delivered
SHP000514,2026-01-10,2026-01-11,2026-01-14,Bhopal,Patna,Central,FTL,CARR_02,CUST_047,2026-01-14,,32329.0,1398,In-Transit
SHP002379,2026-05-27,2026-05-28,2026-06-04,Hyderabad,Ahmedabad,South,FTL,CARR_07,CUST_097,2026-06-04,,42105.53,182,Delivered
SHP004117,2026-02-03,2026-02-06,2026-02-14,Kolkata,Jaipur,East,LTL,CARR_04,CUST_113,2026-02-14,2026-02-09,13855.77,1182,Delayed
SHP001055,2026-03-20,2026-03-22,2026-03-28,Kolkata,Bengaluru,East,PTL,CARR_01,CUST_020,2026-03-28,2026-03-26,6974.6,1000,Delivered
SHP002821,2026-02-25,2026-02-28,2026-03-06,Chennai,Hyderabad,South,PTL,CARR_07,CUST_062,2026-03-06,2026-03-02,131278.15,1777,Delivered
SHP000495,2026-05-25,2026-05-26,2026-06-01,Mumbai,Guwahati,West,FTL,CARR_04,CUST_085,2026-06-01,2026-05-28,15435.76,575,Delivered
SHP000581,2026-01-06,2026-01-07,2026-01-11,Hyderabad,Surat,South,FTL,CARR_02,CUST_102,2026-01-11,,44797.27,2098,Delivered
SHP004378,2026-01-29,2026-01-31,2026-02-05,Lucknow,Mumbai,North,PTL,CARR_03,CUST_103,2026-02-05,2026-02-03,13424.94,1750,Delivered
SHP004050,2026-05-10,2026-05-11,2026-05-17,Delhi,Kochi,North,PTL,CARR_05,CUST_001,2026-05-17,2026-05-13,12340.44,1419,Delivered
SHP002680,2026-05-16,2026-05-19,2026-05-23,Mumbai,Kochi,West,LTL,CARR_14,CUST_068,2026-05-23,2026-05-20,4309.61,378,Delayed
SHP004696,2026-01-21,2026-01-22,2026-01-24,Lucknow,Hyderabad,North,FTL,CARR_13,CUST_116,2026-01-24,2026-01-23,36612.28,1481,Delivered
SHP003260,2026-04-18,2026-04-21,2026-04-29,Guwahati,Kolkata,East,FTL,CARR_03,CUST_021,2026-04-29,2026-04-26,27155.53,1027,Delivered
SHP001296,2026-02-20,2026-02-20,2026-02-28,Guwahati,Kochi,East,FTL,CARR_05,CUST_114,2026-02-28,2026-02-27,65830.79,2314,Delayed
SHP001988,2026-06-18,2026-06-21,2026-06-27,Kochi,Kochi,South,LTL,CARR_14,CUST_052,2026-06-27,,7041.64,560,Delivered
SHP003944,2026-03-14,2026-03-15,2026-03-21,Patna,Jaipur,East,FTL,CARR_01,CUST_003,2026-03-21,2026-03-21,6193.08,225,Delivered
SHP003852,2026-02-03,2026-02-05,2026-02-11,Bhopal,Surat,Central,LTL,CARR_06,CUST_025,2026-02-11,2026-02-02,4928.55,376,Delivered
SHP000861,2026-06-21,2026-06-21,2026-06-29,Patna,Ahmedabad,East,FTL,CARR_15,CUST_058,2026-06-29,2026-06-27,59685.09,2134,Delivered
SHP003890,2026-06-19,2026-06-21,2026-06-29,Surat,Lucknow,West,PTL,CARR_07,CUST_066,2026-06-29,2026-06-25,75157.01,853,Delivered
SHP001060,2026-02-16,2026-02-18,2026-02-23,Surat,Bhopal,West,LTL,CARR_03,CUST_101,2026-02-23,2026-02-26,15191.18,1364,Delayed
SHP001007,2026-02-25,2026-02-26,2026-03-05,Chennai,Bhopal,South,LTL,CARR_04,CUST_064,2026-03-05,,18944.65,1373,Delivered
SHP004333,2026-06-17,2026-06-18,2026-06-26,Hyderabad,Mumbai,South,FTL,CARR_09,CUST_030,2026-06-26,,70784.01,2477,Delivered
SHP002657,2026-05-12,2026-05-14,2026-05-22,Delhi,Lucknow,North,FTL,CARR_09,CUST_038,2026-05-22,2026-05-12,54200.49,2358,Delivered
SHP001517,2026-04-19,2026-04-19,2026-04-22,Jaipur,Patna,North,LTL,CARR_11,CUST_056,2026-04-22,,3331.1,262,In-Transit
SHP000053,2026-05-08,2026-05-11,2026-05-14,Surat,Chandigarh,West,LTL,CARR_10,CUST_097,2026-05-14,2026-05-12,13918.53,1143,Delayed
SHP003941,2026-02-23,2026-02-24,2026-03-01,Bhopal,Chandigarh,Central,LTL,CARR_01,CUST_050,2026-03-01,2026-03-02,18875.36,1511,Delivered
SHP003094,2026-03-28,2026-03-30,2026-04-04,Kolkata,Kochi,East,FTL,CARR_07,CUST_062,2026-04-04,2026-04-05,508123.26,1762,Delivered
SHP003245,2026-03-26,2026-03-26,2026-03-28,Indore,Bengaluru,Central,FTL,CARR_03,CUST_050,2026-03-28,2026-03-30,37876.25,1347,Delivered
SHP003840,2026-05-15,2026-05-15,2026-05-20,Guwahati,Jaipur,East,FTL,CARR_03,CUST_008,2026-05-20,2026-05-24,14091.24,516,Delivered
SHP000232,2026-06-05,2026-06-06,2026-06-14,Jaipur,Mumbai,North,LTL,CARR_05,CUST_080,2026-06-14,2026-06-13,5767.98,479,Delivered
SHP004091,2026-05-13,2026-05-13,2026-05-15,Guwahati,Bhopal,East,PTL,CARR_04,CUST_027,2026-05-15,,7942.55,955,In-Transit
SHP003395,2026-04-12,2026-04-14,2026-04-22,Bhopal,Hyderabad,Central,FTL,CARR_05,CUST_040,2026-04-22,2026-04-18,21487.85,781,Delayed
SHP000468,2026-01-29,2026-01-29,2026-02-04,Bhopal,Lucknow,Central,LTL,CARR_14,CUST_097,2026-02-04,2026-02-08,6148.05,467,Delivered
SHP000629,2026-03-23,2026-03-24,2026-03-27,Lucknow,Kochi,North,PTL,CARR_03,CUST_052,2026-03-27,2026-03-31,3886.36,457,Delivered
SHP003406,2026-02-19,2026-02-19,2026-02-25,Pune,Raipur,West,LTL,CARR_02,CUST_003,2026-02-25,2026-02-28,24508.27,1847,Delayed
SHP001744,2026-05-04,2026-05-06,2026-05-08,Ahmedabad,Delhi,West,LTL,CARR_02,CUST_059,2026-05-08,2026-05-12,8300.91,677,Delivered
SHP002728,2026-02-16,2026-02-18,2026-02-22,Bhopal,Kolkata,Central,LTL,CARR_15,CUST_069,2026-02-22,2026-02-25,6716.03,537,Delivered
SHP004452,2026-01-14,2026-01-15,2026-01-21,Nagpur,Chennai,Central,LTL,CARR_13,CUST_094,2026-01-21,2026-01-23,22292.2,1632,Delayed
SHP000807,2026-01-05,2026-01-06,2026-01-12,Nagpur,Pune,Central,FTL,CARR_11,CUST_029,2026-01-12,2026-01-12,17091.46,671,Delivered
SHP004648,2026-06-21,2026-06-22,2026-06-27,Delhi,Mumbai,North,LTL,CARR_04,CUST_005,2026-06-27,2026-07-01,31422.3,2428,Delivered
SHP003182,2026-04-07,2026-04-07,2026-04-14,Jaipur,Chennai,North,FTL,CARR_12,CUST_032,2026-04-14,2026-04-11,2869.45,132,Delivered
SHP000961,2026-05-17,2026-05-20,2026-05-22,Patna,Lucknow,East,FTL,CARR_09,CUST_099,2026-05-22,2026-05-29,53071.44,2021,Delivered
SHP003571,2026-05-19,2026-05-20,2026-05-27,Nagpur,Mumbai,Central,PTL,CARR_07,CUST_003,2026-05-27,2026-05-24,183539.39,2169,Delivered
SHP000223,2026-03-17,2026-03-19,2026-03-24,Raipur,Patna,Central,LTL,CARR_11,CUST_064,2026-03-24,2026-03-26,21077.67,1640,Delivered
SHP001512,2026-04-08,2026-04-09,2026-04-15,Mumbai,Lucknow,West,FTL,CARR_13,CUST_017,2026-04-15,2026-04-11,66274.46,2444,Delivered
SHP000502,2026-04-18,2026-04-21,2026-04-26,Chandigarh,Nagpur,North,LTL,CARR_05,CUST_046,2026-04-26,,8982.11,811,In-Transit
SHP000935,2026-04-30,2026-05-02,2026-05-07,Chandigarh,Ahmedabad,North,LTL,CARR_08,CUST_092,2026-05-07,2026-05-06,6830.98,584,Delivered
SHP002087,2026-05-31,,2026-06-09,Chennai,Surat,South,FTL,CARR_10,CUST_083,2026-06-09,,25206.14,898,Delivered
SHP001693,2026-06-24,2026-06-25,2026-06-29,Mumbai,Kolkata,West,PTL,CARR_06,CUST_008,2026-06-29,2026-07-04,16115.38,2059,Delivered
SHP000536,2026-05-21,2026-05-22,2026-05-28,Bengaluru,Chennai,South,FTL,CARR_03,CUST_076,2026-05-28,,9045.32,370,Delivered
SHP004416,2026-05-21,2026-05-22,2026-05-28,Mumbai,Mumbai,West,FTL,CARR_02,CUST_025,2026-05-28,2026-05-28,12868.43,474,Delivered
SHP000574,2026-06-23,,2026-06-29,Jaipur,Raipur,North,PTL,CARR_01,CUST_055,2026-06-29,2026-07-02,18231.23,2159,Delivered
SHP003791,2026-06-18,2026-06-18,2026-06-23,Indore,Bengaluru,Central,PTL,CARR_15,CUST_075,2026-06-23,2026-06-27,1294.82,186,Delivered
SHP002648,2026-04-28,2026-04-30,2026-05-07,Delhi,Surat,North,FTL,CARR_12,CUST_107,2026-05-07,2026-05-02,62644.39,2249,Delivered
SHP002322,2026-04-11,2026-04-11,2026-04-18,Pune,Bengaluru,West,PTL,CARR_01,CUST_071,2026-04-18,2026-04-16,17225.32,2294,Delivered
SHP002331,2026-04-01,2026-04-02,2026-04-04,Guwahati,Kochi,East,PTL,CARR_05,CUST_072,2026-04-04,2026-04-08,5392.54,748,Delivered
SHP000189,2026-02-20,,2026-02-23,Nagpur,Ahmedabad,Central,LTL,CARR_08,CUST_099,2026-02-23,2026-02-24,17784.63,1729,Delivered
SHP003764,2026-01-06,2026-01-09,2026-01-15,Bhubaneswar,Mumbai,East,LTL,CARR_10,CUST_105,2026-01-15,2026-01-19,24305.6,2291,Delivered
SHP004784,2026-06-14,2026-06-16,2026-06-24,Hyderabad,Patna,South,PTL,CARR_15,CUST_069,2026-06-24,,11137.07,1311,Delivered
SHP001114,2026-05-18,2026-05-18,2026-05-23,Indore,Raipur,Central,PTL,CARR_01,CUST_098,2026-05-23,2026-05-20,19784.1,2461,Delivered
SHP000819,2026-02-28,2026-03-02,2026-03-04,Mumbai,Bhubaneswar,West,LTL,CARR_12,CUST_104,2026-03-04,2026-03-07,5250.85,420,Delivered
SHP000010,2026-01-18,2026-01-19,2026-01-26,Chandigarh,Bhopal,North,FTL,CARR_08,CUST_105,2026-01-26,2026-01-22,56589.32,1996,Delivered
SHP001761,2026-02-02,2026-02-03,2026-02-05,Raipur,Mumbai,Central,FTL,CARR_03,CUST_087,2026-02-05,2026-02-06,29323.13,1130,Delivered
SHP000862,2026-01-23,2026-01-23,2026-01-30,Hyderabad,Chandigarh,South,LTL,CARR_04,CUST_100,2026-01-30,2026-01-24,1349.4,105,Delivered
SHP004186,2026-06-01,2026-06-01,2026-06-07,Kolkata,Hyderabad,East,LTL,CARR_14,CUST_041,2026-06-07,2026-06-02,22711.96,1920,Delivered
SHP002930,2026-05-27,2026-05-30,2026-06-07,Nagpur,Bhubaneswar,Central,PTL,CARR_11,CUST_070,2026-06-07,,13905.9,1913,In-Transit
SHP004828,2026-01-27,2026-01-30,2026-02-02,Patna,Bengaluru,East,LTL,CARR_02,CUST_078,2026-02-02,2026-02-04,20933.16,1539,Delivered
SHP001926,2026-03-23,2026-03-24,2026-03-31,Raipur,Chennai,Central,FTL,CARR_13,CUST_032,2026-03-31,2026-04-01,54533.99,2471,Delayed
SHP001973,2026-02-22,2026-02-25,2026-03-02,Nagpur,Kochi,Central,LTL,CARR_09,CUST_117,2026-03-02,2026-03-01,31139.36,2354,Delivered
SHP000268,2026-01-31,2026-02-01,2026-02-09,Jaipur,Chennai,North,FTL,CARR_06,CUST_078,2026-02-09,2026-02-08,37365.99,1402,Delivered
SHP001920,,2026-05-28,2026-06-04,Bengaluru,Kolkata,South,FTL,CARR_11,CUST_037,2026-06-04,,26259.72,990,Delivered
SHP001652,2026-03-22,2026-03-22,2026-03-25,Delhi,Chennai,North,LTL,CARR_02,CUST_007,2026-03-25,2026-03-26,13861.28,1200,Delivered
SHP000451,2026-04-17,2026-04-17,2026-04-25,Nagpur,Bhopal,Central,LTL,CARR_10,CUST_024,2026-04-25,2026-04-21,26411.06,2090,Delayed
SHP004653,2026-05-09,2026-05-11,2026-05-15,Delhi,Chandigarh,North,LTL,CARR_06,CUST_046,2026-05-15,2026-05-16,25486.59,1882,Delivered
SHP004402,2026-06-07,2026-06-07,2026-06-10,Jaipur,Raipur,North,LTL,CARR_05,CUST_112,2026-06-10,2026-06-17,6279.3,516,Delivered
SHP003651,2026-05-23,,2026-05-28,Raipur,Raipur,Central,PTL,CARR_02,CUST_048,2026-05-28,2026-05-25,2945.18,344,Delivered
SHP001014,2026-02-14,2026-02-15,2026-02-19,Kochi,Jaipur,South,PTL,CARR_04,CUST_013,2026-02-19,,10435.86,1507,Delivered
SHP004126,2026-03-22,2026-03-23,2026-03-28,Kochi,Surat,South,LTL,CARR_07,CUST_058,2026-03-28,2026-04-01,175031.13,1725,Delayed
SHP000517,2026-01-03,2026-01-06,2026-01-10,Mumbai,Patna,West,LTL,CARR_03,CUST_040,2026-01-10,2026-01-12,11392.79,973,Delivered
SHP003962,2026-02-03,2026-02-04,2026-02-12,Nagpur,Nagpur,Central,FTL,CARR_12,CUST_037,2026-02-12,2026-02-10,5612.04,231,Delivered
SHP003413,2026-03-07,2026-03-10,2026-03-18,Jaipur,Bhopal,North,FTL,CARR_13,CUST_069,2026-03-18,2026-03-16,33840.39,1413,Delivered
SHP000193,2026-06-25,2026-06-27,2026-06-29,Ahmedabad,Ahmedabad,West,PTL,CARR_02,CUST_021,2026-06-29,2026-07-07,8189.78,930,Delivered
SHP002670,2026-01-07,2026-01-08,2026-01-10,Bengaluru,Raipur,South,FTL,CARR_03,CUST_042,2026-01-10,,23592.93,1108,In-Transit
SHP000122,2026-03-18,2026-03-20,2026-03-27,Guwahati,Chennai,East,FTL,CARR_05,CUST_029,2026-03-27,2026-03-24,48484.26,2052,Delivered
SHP000204,2026-06-06,2026-06-07,2026-06-09,Lucknow,Bhopal,North,FTL,CARR_06,CUST_118,2026-06-09,,46438.65,2082,In-Transit
SHP001554,2026-05-22,2026-05-24,2026-05-30,Indore,Delhi,Central,FTL,CARR_01,CUST_093,2026-05-30,2026-06-01,12031.72,524,Delayed
SHP002744,2026-06-12,2026-06-15,2026-06-23,Kolkata,Delhi,East,FTL,CARR_14,CUST_018,2026-06-23,,25590.42,930,In-Transit
SHP004779,2026-03-11,2026-03-12,2026-03-14,Delhi,Delhi,North,LTL,CARR_04,CUST_073,2026-03-14,2026-03-09,11373.72,920,Delivered
SHP001300,2026-01-06,2026-01-06,2026-01-13,Surat,Bengaluru,West,FTL,CARR_05,CUST_009,2026-01-13,2026-01-14,68110.11,2473,Delivered
SHP004635,2026-05-21,2026-05-22,2026-05-24,Chennai,Kochi,South,FTL,CARR_01,CUST_027,2026-05-24,,53513.64,2198,Delivered
SHP003387,2026-06-22,2026-06-22,2026-06-26,Kolkata,Hyderabad,East,LTL,CARR_08,CUST_005,2026-06-26,2026-07-02,3000.16,280,Delayed
SHP000014,2026-01-20,2026-01-23,2026-01-25,Raipur,Kochi,Central,FTL,CARR_08,CUST_032,2026-01-25,2026-01-22,6718.26,257,Delivered
SHP000313,2026-05-21,2026-05-23,2026-05-28,Surat,Patna,West,LTL,CARR_04,CUST_049,2026-05-28,2026-05-29,25699.4,1882,Delivered
SHP002927,2026-03-12,2026-03-15,2026-03-23,Pune,Indore,West,PTL,CARR_12,CUST_067,2026-03-23,2026-03-23,11895.42,1589,Delayed
SHP003634,2026-01-06,2026-01-08,2026-01-10,Lucknow,Chandigarh,North,PTL,CARR_11,CUST_055,2026-01-10,2026-01-11,5711.6,628,Delivered
SHP001311,2026-04-02,2026-04-04,2026-04-09,Bhopal,Hyderabad,Central,PTL,CARR_14,CUST_089,2026-04-09,2026-04-06,1430.19,201,Delivered
SHP004189,2026-05-02,2026-05-05,2026-05-07,Mumbai,Nagpur,West,FTL,CARR_09,CUST_064,2026-05-07,2026-05-06,21089.36,958,Delivered
SHP000857,2026-03-30,2026-04-01,2026-04-05,Pune,Mumbai,West,PTL,CARR_11,CUST_073,2026-04-05,2026-04-03,2398.82,332,Delivered
SHP001993,2026-06-07,2026-06-10,2026-06-15,Chandigarh,Kochi,North,LTL,CARR_10,CUST_008,2026-06-15,2026-06-17,1384.72,129,Delivered
SHP003533,2026-06-02,2026-06-04,2026-06-09,Surat,Kolkata,West,FTL,CARR_09,CUST_108,2026-06-09,,17656.88,793,In-Transit
SHP000898,2026-01-28,2026-01-31,2026-02-02,Pune,Bengaluru,West,PTL,CARR_09,CUST_103,2026-02-02,2026-02-03,9631.42,1305,Delivered
SHP002206,2026-01-24,2026-01-25,2026-01-27,Ahmedabad,Jaipur,West,FTL,CARR_03,CUST_041,2026-01-27,2026-01-29,9566.84,349,Delivered
SHP002723,2026-03-10,2026-03-10,2026-03-15,Chandigarh,Surat,North,FTL,CARR_10,CUST_008,2026-03-15,2026-03-12,62542.19,2401,Delivered
SHP000507,2026-03-09,2026-03-10,2026-03-18,Delhi,Chennai,North,FTL,CARR_04,CUST_114,2026-03-18,2026-03-16,53602.87,2321,Delivered
SHP004150,,2026-04-15,2026-04-19,Jaipur,Jaipur,North,LTL,CARR_10,CUST_002,2026-04-19,2026-04-19,22078.36,1769,Delayed
SHP002672,2026-05-16,2026-05-16,2026-05-24,Mumbai,Patna,West,PTL,CARR_08,CUST_025,2026-05-24,2026-05-25,20141.24,2203,Delivered
SHP001797,2026-01-20,2026-01-22,2026-01-26,Bhubaneswar,Pune,East,FTL,CARR_07,CUST_063,2026-01-26,2026-01-31,583479.76,2098,Delivered
SHP004045,2026-02-10,2026-02-11,2026-02-14,Bengaluru,Bhubaneswar,South,FTL,CARR_13,CUST_098,2026-02-14,,64936.7,2462,Delivered
SHP002775,2026-02-21,2026-02-21,2026-02-25,Mumbai,Chennai,West,FTL,CARR_06,CUST_042,2026-02-25,2026-02-25,10638.35,432,Delivered
SHP000375,2026-05-28,2026-05-28,2026-06-04,Lucknow,Patna,North,LTL,CARR_15,CUST_051,2026-06-04,2026-06-06,24545.96,2059,Delivered
SHP004681,2026-06-25,2026-06-25,2026-07-02,Bhopal,Patna,Central,PTL,CARR_08,CUST_008,2026-07-02,2026-07-05,7841.06,1017,Delivered
SHP003976,2026-04-06,2026-04-06,2026-04-14,Bhubaneswar,Surat,East,FTL,CARR_10,CUST_114,2026-04-14,,38733.69,1745,Cancelled
SHP002104,2026-01-28,2026-01-31,2026-02-03,Raipur,Ahmedabad,Central,PTL,CARR_14,CUST_115,2026-02-03,2026-02-07,7230.01,858,Delivered
SHP002522,2026-03-01,2026-03-03,2026-03-10,Delhi,Bhubaneswar,North,LTL,CARR_07,CUST_012,2026-03-10,2026-03-04,147409.29,1178,Delivered
SHP000538,2026-03-18,2026-03-19,2026-03-26,Kochi,Lucknow,South,LTL,CARR_02,CUST_098,2026-03-26,,8556.09,769,Delivered
SHP000316,2026-04-08,2026-04-08,2026-04-16,Bhopal,Indore,Central,FTL,CARR_13,CUST_074,2026-04-16,,33856.6,1419,In-Transit
SHP002529,2026-04-14,2026-04-17,2026-04-20,Chandigarh,Patna,North,LTL,CARR_03,CUST_057,2026-04-20,2026-04-24,9278.7,712,Delayed
SHP004239,2026-04-03,2026-04-04,2026-04-06,Delhi,Kochi,North,LTL,CARR_09,CUST_032,2026-04-06,2026-04-13,12065.69,1010,Delivered
SHP001155,2026-05-21,2026-05-21,2026-05-28,Mumbai,Pune,West,PTL,CARR_08,CUST_077,2026-05-28,2026-05-27,20758.22,2466,Delivered
SHP004851,2026-05-16,2026-05-19,2026-05-25,Kolkata,Jaipur,East,PTL,CARR_08,CUST_047,2026-05-25,2026-05-23,15599.55,1723,Delivered
SHP004747,2026-02-08,2026-02-11,2026-02-19,Kolkata,Bengaluru,East,PTL,CARR_04,CUST_018,2026-02-19,2026-02-18,1179.37,133,Delivered
SHP004583,2026-03-31,2026-04-02,2026-04-09,Pune,Surat,West,PTL,CARR_11,CUST_068,2026-04-09,2026-04-12,16879.8,1871,Delayed
SHP004727,2026-04-03,2026-04-06,2026-04-14,Ahmedabad,Hyderabad,West,FTL,CARR_09,CUST_015,2026-04-14,2026-04-13,44843.5,1570,Delivered
SHP004353,2026-01-10,2026-01-12,2026-01-20,Raipur,Delhi,Central,FTL,CARR_09,CUST_038,2026-01-20,2026-01-16,64792.26,2327,Delivered
SHP001875,2026-04-25,2026-04-25,2026-04-29,Chennai,Lucknow,South,FTL,CARR_02,CUST_079,2026-04-29,,15556.17,614,Delivered
SHP004813,2026-03-31,2026-04-01,2026-04-05,Ahmedabad,Raipur,West,FTL,CARR_15,CUST_010,2026-04-05,2026-04-11,7109.16,264,Delivered
SHP002144,2026-02-04,2026-02-07,2026-02-10,Surat,Delhi,West,FTL,CARR_10,CUST_060,2026-02-10,2026-02-16,10159.91,461,Delivered
SHP003507,2026-01-02,2026-01-05,2026-01-09,Bhubaneswar,Delhi,East,LTL,CARR_02,CUST_005,2026-01-09,2026-01-15,20981.27,1691,Delivered
SHP002270,2026-02-11,2026-02-14,2026-02-16,Patna,Ahmedabad,East,FTL,CARR_04,CUST_106,2026-02-16,2026-02-24,24255.34,1085,Delivered
SHP002504,2026-01-21,2026-01-24,2026-01-28,Ahmedabad,Mumbai,West,LTL,CARR_15,CUST_080,2026-01-28,2026-01-30,25505.59,2068,Delivered
SHP000162,2026-01-25,2026-01-28,2026-02-01,Bhubaneswar,Pune,East,LTL,CARR_06,CUST_061,2026-02-01,,3666.31,325,In-Transit
SHP004802,2026-05-21,2026-05-23,2026-05-30,Bhopal,Jaipur,Central,LTL,CARR_01,CUST_108,2026-05-30,2026-05-24,28699.67,2264,Delivered
SHP000271,2026-04-07,2026-04-10,2026-04-12,Patna,Guwahati,East,LTL,CARR_02,CUST_030,2026-04-12,,1278.63,117,Cancelled
SHP000841,2026-06-28,2026-07-01,2026-07-08,Kochi,Kolkata,South,LTL,CARR_07,CUST_006,2026-07-08,,85142.63,963,Delivered
SHP003778,2026-05-22,2026-05-24,2026-05-29,Lucknow,Jaipur,North,FTL,CARR_07,CUST_061,2026-05-29,2026-06-03,90482.04,478,Delayed
SHP004550,2026-04-08,2026-04-11,2026-04-13,Raipur,Raipur,Central,PTL,CARR_06,CUST_002,2026-04-13,2026-04-12,3105.94,400,Delivered
SHP000770,2026-04-05,2026-04-07,2026-04-11,Kolkata,Chennai,East,LTL,CARR_01,CUST_029,2026-04-11,2026-04-12,8545.97,698,Delivered
SHP002773,2026-03-07,2026-03-08,2026-03-15,Indore,Guwahati,Central,FTL,CARR_06,CUST_055,2026-03-15,2026-03-16,15909.09,619,Delivered
SHP000735,2026-05-31,2026-06-02,2026-06-04,Bengaluru,Bhubaneswar,South,PTL,CARR_03,CUST_116,2026-06-04,,13266.62,1701,Delivered
SHP004836,2026-02-11,2026-02-12,2026-02-17,Raipur,Delhi,Central,LTL,CARR_13,CUST_040,2026-02-17,2026-02-15,19191.33,1744,Delivered
SHP001402,2026-01-09,2026-01-11,2026-01-14,Jaipur,Hyderabad,North,LTL,CARR_15,CUST_055,2026-01-14,2026-01-12,12566.09,1065,Delayed
SHP001879,2026-02-26,,2026-03-06,Bhopal,Bhopal,Central,PTL,CARR_12,CUST_051,2026-03-06,,14851.7,1796,Cancelled
SHP000308,2026-01-29,2026-01-29,2026-02-05,Pune,Indore,West,FTL,CARR_11,CUST_042,2026-02-05,2026-02-07,6969.8,323,Delayed
SHP001711,2026-02-22,2026-02-24,2026-03-02,Ahmedabad,Surat,West,FTL,CARR_04,CUST_012,2026-03-02,2026-02-26,17456.96,819,Delivered
SHP002949,2026-06-25,2026-06-26,2026-06-30,Kolkata,Patna,East,PTL,CARR_08,CUST_007,2026-06-30,2026-06-28,8039.05,993,Delivered
SHP000367,2026-02-12,2026-02-13,2026-02-20,Surat,Pune,West,LTL,CARR_12,CUST_082,2026-02-20,2026-02-23,15208.72,1463,Delivered
SHP000117,2026-04-04,2026-04-05,2026-04-11,Bengaluru,Ahmedabad,South,LTL,CARR_06,CUST_072,2026-04-11,,24862.06,2135,Delivered
SHP003630,2026-03-13,2026-03-16,2026-03-22,Chandigarh,Ahmedabad,North,FTL,CARR_02,CUST_049,2026-03-22,2026-03-23,61481.95,2416,Delayed
SHP003361,2026-01-07,2026-01-10,2026-01-18,Bhubaneswar,Guwahati,East,FTL,CARR_05,CUST_026,2026-01-18,2026-01-13,3496.81,145,Delivered
SHP000115,2026-06-17,2026-06-20,2026-06-26,Kolkata,Jaipur,East,LTL,CARR_15,CUST_108,2026-06-26,2026-06-25,1099.74,83,Delivered
SHP000624,2026-06-29,2026-07-02,2026-07-07,Kolkata,Bhubaneswar,East,LTL,CARR_14,CUST_016,2026-07-07,,19836.57,1730,Cancelled
SHP000542,2026-02-11,2026-02-11,2026-02-19,Pune,Patna,West,LTL,CARR_11,CUST_108,2026-02-19,2026-02-13,5358.49,428,Delayed
SHP001128,2026-01-04,2026-01-05,2026-01-08,Chandigarh,Chennai,North,FTL,CARR_14,CUST_015,2026-01-08,2026-01-09,1239.58,58,Delivered
SHP002478,2026-03-18,2026-03-19,2026-03-23,Raipur,Ahmedabad,Central,LTL,CARR_03,CUST_080,2026-03-23,2026-03-20,6158.83,520,Delivered
SHP002133,2026-06-30,2026-07-01,2026-07-04,Lucknow,Indore,North,FTL,CARR_14,CUST_014,2026-07-04,2026-07-02,26209.32,1161,Delivered
SHP003120,2026-04-10,2026-04-13,2026-04-21,Chennai,Chandigarh,South,FTL,CARR_02,CUST_060,2026-04-21,2026-04-20,57832.98,2231,Delivered
SHP002108,2026-06-06,2026-06-08,2026-06-12,Guwahati,Surat,East,LTL,CARR_09,CUST_106,2026-06-12,2026-06-09,25556.23,2427,Delivered
SHP002086,2026-05-19,2026-05-19,2026-05-25,Mumbai,Mumbai,West,LTL,CARR_15,CUST_090,2026-05-25,2026-05-22,8804.52,796,Delivered
SHP002484,2026-04-29,2026-05-02,2026-05-09,Pune,Nagpur,West,LTL,CARR_05,CUST_104,2026-05-09,2026-05-07,22569.74,1750,Delayed
SHP003384,2026-04-17,2026-04-17,2026-04-22,Chennai,Bhubaneswar,South,LTL,CARR_14,CUST_067,2026-04-22,,27853.9,2165,Delivered
SHP001947,2026-01-10,2026-01-12,2026-01-14,Pune,Raipur,West,PTL,CARR_08,CUST_084,2026-01-14,2026-01-14,13917.93,1752,Delivered
SHP002194,2026-06-25,2026-06-25,2026-07-01,Mumbai,Pune,West,FTL,CARR_09,CUST_072,2026-07-01,,46028.37,1699,In-Transit
SHP000453,2026-01-15,2026-01-15,2026-01-21,Patna,Bengaluru,East,PTL,CARR_05,CUST_042,2026-01-21,2026-01-24,11319.66,1612,Delivered
SHP004679,2026-03-23,2026-03-24,2026-03-31,Nagpur,Indore,Central,FTL,CARR_09,CUST_084,2026-03-31,2026-03-26,10033.76,384,Delivered
SHP003437,2026-03-07,2026-03-10,2026-03-18,Surat,Surat,West,LTL,CARR_15,CUST_085,2026-03-18,2026-03-20,6059.74,541,Delivered
SHP004893,2026-06-04,2026-06-07,2026-06-09,Hyderabad,Mumbai,South,FTL,CARR_09,CUST_096,2026-06-09,,58019.43,2381,Delivered
SHP000266,2026-01-11,2026-01-13,2026-01-20,Hyderabad,Surat,South,PTL,CARR_15,CUST_006,2026-01-20,,18180.43,2185,Delivered
SHP003283,2026-03-09,2026-03-11,2026-03-17,Bengaluru,Bhopal,South,FTL,CARR_07,CUST_007,2026-03-17,,439385.7,1774,Delivered
SHP001578,2026-05-03,2026-05-05,2026-05-10,Ahmedabad,Raipur,West,FTL,CARR_04,CUST_017,2026-05-10,2026-05-07,52764.15,2318,Delivered
SHP002082,2026-05-05,2026-05-06,2026-05-12,Surat,Chandigarh,West,FTL,CARR_14,CUST_018,2026-05-12,2026-05-16,46304.21,1993,Delivered
SHP000118,2026-02-11,2026-02-14,2026-02-21,Raipur,Chennai,Central,FTL,CARR_10,CUST_041,2026-02-21,2026-02-24,32771.24,1275,Delivered
SHP000671,2026-02-08,2026-02-10,2026-02-14,Nagpur,Guwahati,Central,LTL,CARR_03,CUST_084,2026-02-14,,24680.64,1932,In-Transit
SHP001379,2026-03-10,2026-03-12,2026-03-16,Bengaluru,Chandigarh,South,LTL,CARR_15,CUST_069,2026-03-16,,3266.34,300,Delivered
SHP001499,2026-01-30,2026-02-01,2026-02-09,Chennai,Kolkata,South,FTL,CARR_09,CUST_057,2026-02-09,,57606.19,2236,In-Transit
SHP000707,2026-03-13,2026-03-13,2026-03-21,Lucknow,Surat,North,FTL,CARR_14,CUST_018,2026-03-21,2026-03-19,10008.37,373,Delivered
SHP004688,2026-02-17,2026-02-20,2026-02-28,Hyderabad,Kochi,South,FTL,CARR_08,CUST_044,2026-02-28,,44091.87,1757,Delivered
SHP001964,2026-04-21,2026-04-24,2026-04-26,Nagpur,Lucknow,Central,PTL,CARR_04,CUST_098,2026-04-26,2026-05-02,11695.51,1280,Delivered
SHP002913,2026-06-02,2026-06-03,2026-06-11,Ahmedabad,Hyderabad,West,FTL,CARR_13,CUST_037,2026-06-11,2026-06-12,39509.13,1736,Delivered
SHP001024,2026-01-31,2026-02-02,2026-02-10,Chennai,Indore,South,LTL,CARR_15,CUST_097,2026-02-10,,13299.05,1143,Delivered
SHP004196,2026-04-13,2026-04-13,2026-04-15,Raipur,Indore,Central,LTL,CARR_08,CUST_088,2026-04-15,2026-04-18,10240.44,762,Delivered
SHP002260,2026-01-10,2026-01-10,2026-01-14,Pune,Bhubaneswar,West,LTL,CARR_03,CUST_020,2026-01-14,2026-01-17,20887.37,1790,Delivered
SHP001646,2026-01-05,2026-01-08,2026-01-15,Raipur,Mumbai,Central,LTL,CARR_02,CUST_042,2026-01-15,2026-01-11,25937.91,2444,Delivered
SHP003954,2026-03-16,2026-03-19,2026-03-26,Hyderabad,Kolkata,South,LTL,CARR_01,CUST_010,2026-03-26,,6007.17,587,Delivered
SHP003315,2026-06-15,2026-06-16,2026-06-19,Patna,Mumbai,East,FTL,CARR_03,CUST_070,2026-06-19,2026-06-19,50618.33,2182,Delivered
SHP004347,2026-05-30,2026-06-01,2026-06-08,Chennai,Guwahati,South,LTL,CARR_05,CUST_080,2026-06-08,,8789.01,818,Delivered
SHP003414,2026-01-17,2026-01-18,2026-01-23,Nagpur,Bengaluru,Central,FTL,CARR_11,CUST_091,2026-01-23,2026-01-25,66322.66,2426,Delayed
SHP003491,2026-01-13,2026-01-14,2026-01-21,Guwahati,Nagpur,East,LTL,CARR_14,CUST_072,2026-01-21,,24905.27,1991,Cancelled
SHP003343,2026-03-24,2026-03-25,2026-03-28,Kochi,Lucknow,South,FTL,CARR_11,CUST_015,2026-03-28,,3217.12,151,Delayed
SHP002446,2026-04-13,2026-04-14,2026-04-19,Raipur,Hyderabad,Central,LTL,CARR_10,CUST_020,2026-04-19,2026-04-20,1569.55,152,Delivered
SHP004218,2026-01-26,2026-01-27,2026-02-02,Raipur,Kochi,Central,FTL,CARR_07,CUST_072,2026-02-02,2026-01-24,426567.49,1409,Delivered
SHP003358,2026-02-09,2026-02-10,2026-02-12,Kolkata,Chennai,East,PTL,CARR_01,CUST_060,2026-02-12,,6555.27,888,In-Transit
SHP004525,2026-02-15,2026-02-15,2026-02-22,Kolkata,Jaipur,East,LTL,CARR_09,CUST_008,2026-02-22,2026-02-18,9689.2,920,Delivered
SHP004411,2026-03-20,2026-03-20,2026-03-24,Lucknow,Mumbai,North,PTL,CARR_01,CUST_079,2026-03-24,2026-03-30,14947.27,2081,Delivered
SHP002024,2026-03-22,2026-03-24,2026-04-01,Kochi,Mumbai,South,FTL,CARR_04,CUST_066,2026-04-01,2026-03-25,3510.8,156,Delivered
SHP001983,2026-02-16,2026-02-18,2026-02-22,Indore,Indore,Central,PTL,CARR_02,CUST_040,2026-02-22,2026-02-23,12796.48,1635,Delivered
SHP003187,2026-03-04,2026-03-07,2026-03-09,Delhi,Mumbai,North,FTL,CARR_15,CUST_044,2026-03-09,2026-03-06,45520.3,2096,Delivered
SHP001137,2026-04-29,2026-05-01,2026-05-07,Bhopal,Indore,Central,PTL,CARR_02,CUST_101,2026-05-07,2026-05-07,12209.0,1337,Delivered
SHP002001,2026-04-13,2026-04-16,2026-04-19,Bhopal,Jaipur,Central,PTL,CARR_15,CUST_027,2026-04-19,2026-04-26,6021.81,845,Delivered
SHP000569,2026-05-21,2026-05-24,2026-05-28,Chandigarh,Jaipur,North,FTL,CARR_02,CUST_088,2026-05-28,2026-05-26,9924.05,414,Delivered
SHP000904,2026-02-20,2026-02-23,2026-02-26,Bhubaneswar,Mumbai,East,LTL,CARR_14,CUST_010,2026-02-26,,846.38,73,In-Transit
SHP000418,2026-04-24,2026-04-25,2026-04-30,Lucknow,Guwahati,North,LTL,CARR_05,CUST_088,2026-04-30,2026-05-04,17044.87,1240,Delivered
SHP001606,2026-06-29,2026-06-29,2026-07-01,Jaipur,Mumbai,North,FTL,CARR_06,CUST_005,2026-07-01,2026-06-30,44498.54,1675,Delayed
SHP000868,2026-02-28,2026-03-01,2026-03-08,Guwahati,Guwahati,East,FTL,CARR_12,CUST_025,2026-03-08,,36362.87,1495,Cancelled
SHP000141,2026-01-19,2026-01-20,2026-01-27,Bengaluru,Guwahati,South,LTL,CARR_10,CUST_006,2026-01-27,2026-01-30,25685.17,2339,Delivered
SHP001914,2026-04-13,2026-04-13,2026-04-17,Bhopal,Nagpur,Central,LTL,CARR_03,CUST_115,2026-04-17,2026-04-20,6346.82,539,Delivered
SHP001242,2026-01-20,2026-01-22,2026-01-28,Delhi,Chennai,North,FTL,CARR_14,CUST_023,2026-01-28,2026-01-27,13584.53,511,Delivered
SHP000087,2026-01-27,2026-01-29,2026-02-04,Pune,Guwahati,West,LTL,CARR_01,CUST_058,2026-02-04,2026-01-31,7817.73,756,Delivered
SHP000944,2026-06-09,2026-06-12,2026-06-20,Surat,Indore,West,FTL,CARR_04,CUST_021,2026-06-20,2026-06-14,37641.57,1335,Delivered
SHP002315,2026-03-06,2026-03-09,2026-03-12,Lucknow,Guwahati,North,LTL,CARR_03,CUST_116,2026-03-12,2026-03-14,30273.46,2452,Delivered
SHP001794,2026-04-12,2026-04-14,2026-04-19,Delhi,Ahmedabad,North,FTL,CARR_05,CUST_009,2026-04-19,2026-04-23,16053.93,613,Delivered
SHP002508,2026-03-25,2026-03-28,2026-04-04,Lucknow,Lucknow,North,LTL,CARR_13,CUST_081,2026-04-04,2026-04-06,24789.36,2311,Delivered
SHP004664,2026-03-10,2026-03-12,2026-03-19,Kolkata,Surat,East,PTL,CARR_01,CUST_052,2026-03-19,2026-03-21,17767.73,2194,Delivered
SHP000436,2026-05-06,2026-05-08,2026-05-12,Hyderabad,Surat,South,FTL,CARR_10,CUST_008,2026-05-12,2026-05-10,55818.8,2285,Delivered
SHP001047,2026-05-16,2026-05-18,2026-05-21,Nagpur,Pune,Central,PTL,CARR_04,CUST_044,2026-05-21,2026-05-20,14928.18,2116,Delivered
SHP003432,2026-02-03,2026-02-04,2026-02-10,Chandigarh,Chennai,North,PTL,CARR_06,CUST_031,2026-02-10,2026-02-05,18056.74,2452,Delivered
SHP000340,2026-05-16,2026-05-16,2026-05-23,Pune,Bengaluru,West,FTL,CARR_12,CUST_081,2026-05-23,,29979.26,1226,Cancelled
SHP002204,2026-02-04,2026-02-05,2026-02-13,Bengaluru,Lucknow,South,LTL,CARR_05,CUST_032,2026-02-13,,15305.07,1132,Delivered
SHP000203,2026-06-07,2026-06-09,2026-06-16,Surat,Patna,West,LTL,CARR_09,CUST_089,2026-06-16,2026-06-13,32331.07,2462,Delivered
SHP002684,2026-03-18,2026-03-19,2026-03-23,Guwahati,Patna,East,FTL,CARR_06,CUST_085,2026-03-23,2026-03-24,63884.7,2352,Delivered
SHP004195,2026-02-18,2026-02-19,2026-02-23,Nagpur,Surat,Central,LTL,CARR_05,CUST_063,2026-02-23,2026-02-24,20151.39,1899,Delayed
SHP001121,2026-01-09,2026-01-12,2026-01-20,Pune,Jaipur,West,FTL,CARR_11,CUST_025,2026-01-20,2026-01-22,23450.62,990,Delivered
SHP004155,2026-01-26,2026-01-27,2026-01-29,Raipur,Lucknow,Central,FTL,CARR_09,CUST_033,2026-01-29,2026-01-28,25019.56,886,Delivered
SHP004693,2026-05-24,2026-05-27,2026-06-01,Bengaluru,Ahmedabad,South,FTL,CARR_04,CUST_039,2026-06-01,,60270.31,2471,Delayed
SHP000650,2026-01-26,2026-01-26,2026-02-02,Raipur,Indore,Central,FTL,CARR_05,CUST_048,2026-02-02,2026-02-02,40413.99,1780,Delivered
SHP003103,2026-05-05,2026-05-06,2026-05-10,Lucknow,Kolkata,North,LTL,CARR_05,CUST_003,2026-05-10,,18189.53,1721,In-Transit
SHP003249,2026-02-15,2026-02-15,2026-02-21,Chennai,Bhubaneswar,South,FTL,CARR_15,CUST_009,2026-02-21,,36012.89,1408,Delivered
SHP004439,2026-03-25,2026-03-28,2026-04-02,Ahmedabad,Bhopal,West,PTL,CARR_07,CUST_092,2026-04-02,2026-03-30,177152.23,2211,Delivered
SHP001294,2026-05-29,2026-05-30,2026-06-03,Jaipur,Bhubaneswar,North,LTL,CARR_09,CUST_097,2026-06-03,2026-06-09,12385.11,915,Delivered
SHP004413,2026-06-09,2026-06-10,2026-06-14,Bengaluru,Bhopal,South,LTL,CARR_08,CUST_093,2026-06-14,,19678.24,1713,Cancelled
SHP003744,2026-05-30,2026-05-30,2026-06-04,Kochi,Mumbai,South,FTL,CARR_07,CUST_009,2026-06-04,,472687.96,1849,Delivered
SHP003102,2026-04-08,,2026-04-14,Mumbai,Hyderabad,West,FTL,CARR_08,CUST_056,2026-04-14,2026-04-10,47430.17,1858,Delivered
SHP004875,2026-01-26,,2026-02-01,Lucknow,Bengaluru,North,FTL,CARR_11,CUST_118,2026-02-01,2026-01-30,52131.19,1873,Delivered
SHP001299,2026-02-12,2026-02-12,2026-02-14,Mumbai,Chennai,West,FTL,CARR_06,CUST_034,2026-02-14,2026-02-17,20705.1,747,Delivered
SHP003782,2026-05-08,2026-05-11,2026-05-14,Patna,Delhi,East,FTL,CARR_01,CUST_102,2026-05-14,2026-05-19,6539.38,259,Delayed
SHP000250,2026-02-17,2026-02-18,2026-02-20,Nagpur,Hyderabad,Central,LTL,CARR_11,CUST_010,2026-02-20,2026-02-27,16502.32,1595,Delivered
SHP002046,2026-02-08,2026-02-08,2026-02-13,Kochi,Pune,South,LTL,CARR_05,CUST_006,2026-02-13,,23863.92,2224,Delivered
SHP001267,2026-06-12,2026-06-14,2026-06-22,Bengaluru,Bhopal,South,FTL,CARR_04,CUST_120,2026-06-22,2026-06-22,3942.24,170,Delivered
SHP000394,2026-04-04,2026-04-07,2026-04-09,Indore,Jaipur,Central,PTL,CARR_02,CUST_050,2026-04-09,2026-04-17,11880.09,1547,Delivered
SHP000065,2026-03-17,2026-03-19,2026-03-24,Indore,Hyderabad,Central,PTL,CARR_08,CUST_104,2026-03-24,2026-03-21,2555.34,358,Delayed
SHP002751,2026-03-18,2026-03-18,2026-03-21,Pune,Kolkata,West,LTL,CARR_07,CUST_079,2026-03-21,2026-03-21,148309.76,1357,Delivered
SHP003070,2026-06-18,2026-06-18,2026-06-23,Kochi,Kolkata,South,LTL,CARR_12,CUST_053,2026-06-23,,907.22,73,Delivered
SHP004255,2026-05-16,2026-05-17,2026-05-21,Guwahati,Lucknow,East,FTL,CARR_12,CUST_079,2026-05-21,2026-05-20,59008.88,2302,Delivered
SHP002464,2026-04-04,2026-04-05,2026-04-07,Chandigarh,Ahmedabad,North,FTL,CARR_04,CUST_100,2026-04-07,2026-04-10,31874.55,1204,Delivered
SHP001697,2026-03-01,2026-03-01,2026-03-03,Hyderabad,Surat,South,LTL,CARR_12,CUST_032,2026-03-03,,7263.55,666,Delivered
SHP003535,2026-05-26,2026-05-26,2026-05-31,Bhubaneswar,Hyderabad,East,PTL,CARR_03,CUST_071,2026-05-31,2026-05-31,8768.24,1016,Delivered
SHP001532,2026-06-05,2026-06-05,2026-06-07,Nagpur,Guwahati,Central,LTL,CARR_04,CUST_079,2026-06-07,2026-06-12,19959.7,1501,Delivered
SHP003722,2026-03-10,2026-03-10,2026-03-16,Hyderabad,Delhi,South,FTL,CARR_09,CUST_061,2026-03-16,2026-03-19,49546.06,2061,Delivered
SHP004982,2026-05-27,2026-05-30,2026-06-01,Mumbai,Ahmedabad,West,PTL,CARR_11,CUST_007,2026-06-01,2026-06-07,15837.82,2150,Delivered
SHP004853,2026-04-11,2026-04-12,2026-04-16,Kochi,Kolkata,South,LTL,CARR_03,CUST_068,2026-04-16,2026-04-15,17019.96,1302,Delivered
SHP004943,2026-05-01,2026-05-01,2026-05-07,Surat,Lucknow,West,FTL,CARR_09,CUST_090,2026-05-07,2026-05-07,31031.99,1167,Delivered
SHP002249,2026-01-03,2026-01-05,2026-01-11,Ahmedabad,Surat,West,FTL,CARR_06,CUST_017,2026-01-11,2026-01-08,43248.26,1834,Delayed
SHP002892,2026-01-15,2026-01-17,2026-01-22,Kochi,Jaipur,South,LTL,CARR_10,CUST_086,2026-01-22,,24061.26,1966,Delivered
SHP001834,2026-04-26,2026-04-28,2026-04-30,Hyderabad,Lucknow,South,FTL,CARR_06,CUST_020,2026-04-30,,1507.13,67,Delivered
SHP004536,2026-05-21,2026-05-21,2026-05-25,Patna,Pune,East,PTL,CARR_07,CUST_011,2026-05-25,,149743.07,1445,In-Transit
SHP002414,2026-03-01,2026-03-04,2026-03-08,Hyderabad,Kolkata,South,LTL,CARR_15,CUST_087,2026-03-08,,12075.44,1102,Delivered
SHP003004,2026-06-04,2026-06-06,2026-06-14,Surat,Kolkata,West,FTL,CARR_10,CUST_086,2026-06-14,2026-06-16,46817.34,1889,Delivered
SHP001308,2026-01-14,2026-01-15,2026-01-23,Lucknow,Lucknow,North,FTL,CARR_04,CUST_053,2026-01-23,,30131.35,1285,In-Transit
SHP003692,2026-03-19,2026-03-21,2026-03-25,Mumbai,Bengaluru,West,FTL,CARR_07,CUST_044,2026-03-25,,475544.34,1828,In-Transit
SHP004889,2026-02-23,2026-02-23,2026-03-02,Mumbai,Indore,West,LTL,CARR_08,CUST_071,2026-03-02,2026-02-24,8704.72,845,Delivered
SHP001376,,2026-02-20,2026-02-25,Nagpur,Delhi,Central,FTL,CARR_08,CUST_052,2026-02-25,2026-02-28,33742.88,1315,Delivered
SHP003266,2026-06-07,2026-06-09,2026-06-15,Chennai,Patna,South,LTL,CARR_14,CUST_100,2026-06-15,,19774.28,1666,Delayed
SHP003353,2026-01-01,2026-01-02,2026-01-09,Chennai,Pune,South,PTL,CARR_14,CUST_058,2026-01-09,,14405.87,2032,Delivered
SHP002371,2026-03-14,2026-03-14,2026-03-21,Patna,Mumbai,East,PTL,CARR_10,CUST_100,2026-03-21,2026-03-17,13279.91,1932,Delivered
SHP001599,2026-01-16,2026-01-17,2026-01-20,Pune,Bhubaneswar,West,FTL,CARR_06,CUST_104,2026-01-20,2026-01-23,52168.32,2171,Delivered
SHP001414,2026-02-14,2026-02-16,2026-02-24,Pune,Nagpur,West,LTL,CARR_07,CUST_071,2026-02-24,2026-02-15,295738.61,2206,Delivered
SHP001389,2026-01-23,2026-01-24,2026-02-01,Chennai,Chennai,South,FTL,CARR_08,CUST_012,2026-02-01,,1931.67,73,Delivered
SHP004621,2026-01-24,2026-01-24,2026-01-28,Pune,Ahmedabad,West,LTL,CARR_13,CUST_116,2026-01-28,2026-02-02,14307.87,1176,Delivered
SHP000086,2026-03-15,2026-03-15,2026-03-21,Bhopal,Guwahati,Central,LTL,CARR_01,CUST_048,2026-03-21,2026-03-17,29859.18,2483,Delivered
SHP002503,2026-05-03,2026-05-06,2026-05-10,Lucknow,Hyderabad,North,FTL,CARR_08,CUST_033,2026-05-10,2026-05-14,25030.2,1020,Delivered
SHP002658,2026-05-25,2026-05-26,2026-05-30,Guwahati,Lucknow,East,PTL,CARR_07,CUST_036,2026-05-30,2026-06-03,5243.89,71,Delivered
SHP000717,,2026-03-11,2026-03-13,Jaipur,Lucknow,North,LTL,CARR_03,CUST_105,2026-03-13,,27083.97,2116,In-Transit
SHP003987,2026-03-05,2026-03-07,2026-03-11,Patna,Hyderabad,East,LTL,CARR_02,CUST_009,2026-03-11,2026-03-09,30424.55,2311,Delivered
SHP004256,2026-01-05,2026-01-05,2026-01-13,Ahmedabad,Raipur,West,PTL,CARR_01,CUST_101,2026-01-13,,4324.9,513,In-Transit
SHP000027,2026-02-02,2026-02-03,2026-02-10,Bhubaneswar,Ahmedabad,East,LTL,CARR_05,CUST_071,2026-02-10,2026-02-10,20246.63,1602,Delayed
SHP000813,2026-05-05,2026-05-07,2026-05-13,Surat,Nagpur,West,PTL,CARR_12,CUST_111,2026-05-13,,3309.94,472,In-Transit
SHP000562,2026-02-01,2026-02-04,2026-02-07,Ahmedabad,Ahmedabad,West,FTL,CARR_02,CUST_011,2026-02-07,2026-02-13,3693.8,144,Delayed
SHP002297,2026-04-12,2026-04-14,2026-04-19,Bengaluru,Hyderabad,South,FTL,CARR_04,CUST_065,2026-04-19,,42833.38,1862,Delivered
SHP001205,2026-05-27,2026-05-28,2026-06-03,Mumbai,Bengaluru,West,FTL,CARR_02,CUST_026,2026-06-03,2026-06-04,42074.6,1702,Delivered
SHP002989,2026-04-21,2026-04-23,2026-04-29,Nagpur,Ahmedabad,Central,LTL,CARR_11,CUST_099,2026-04-29,2026-04-26,12974.6,962,Delivered
SHP002871,2026-05-14,2026-05-15,2026-05-18,Chandigarh,Delhi,North,FTL,CARR_02,CUST_082,2026-05-18,2026-05-20,32074.78,1172,Delivered
SHP000026,2026-05-18,2026-05-19,2026-05-24,Pune,Kolkata,West,LTL,CARR_01,CUST_067,2026-05-24,2026-05-25,4574.96,336,Delayed
SHP002991,2026-03-08,2026-03-11,2026-03-15,Bengaluru,Indore,South,LTL,CARR_06,CUST_033,2026-03-15,,28245.29,2115,Delivered
SHP002587,,2026-05-02,2026-05-06,Pune,Indore,West,PTL,CARR_14,CUST_104,2026-05-06,,7366.69,898,Cancelled
SHP004773,2026-02-09,2026-02-09,2026-02-12,Hyderabad,Kochi,South,FTL,CARR_06,CUST_020,2026-02-12,,52750.92,2254,Delivered
SHP001029,2026-06-04,2026-06-04,2026-06-06,Surat,Mumbai,West,PTL,CARR_10,CUST_090,2026-06-06,2026-06-09,15173.12,1677,Delivered
SHP003826,2026-01-30,,2026-02-04,Ahmedabad,Raipur,West,LTL,CARR_05,CUST_083,2026-02-04,2026-01-30,2939.64,280,Delivered
SHP004200,2026-03-17,2026-03-17,2026-03-25,Kolkata,Indore,East,LTL,CARR_05,CUST_054,2026-03-25,,26766.68,2216,Cancelled
SHP003033,2026-06-14,2026-06-15,2026-06-21,Indore,Hyderabad,Central,LTL,CARR_08,CUST_119,2026-06-21,2026-06-25,3700.68,294,Delivered
SHP002589,2026-01-20,2026-01-23,2026-01-27,Nagpur,Mumbai,Central,FTL,CARR_10,CUST_030,2026-01-27,2026-02-01,30731.97,1155,Delivered
SHP001803,2026-04-03,2026-04-06,2026-04-10,Raipur,Raipur,Central,FTL,CARR_14,CUST_049,2026-04-10,,46071.35,1713,Cancelled
SHP001377,2026-01-26,2026-01-27,2026-02-01,Kolkata,Nagpur,East,PTL,CARR_06,CUST_080,2026-02-01,2026-01-30,13113.01,1878,Delivered
SHP002969,2026-01-07,2026-01-10,2026-01-15,Hyderabad,Lucknow,South,FTL,CARR_11,CUST_079,2026-01-15,,55068.47,2180,In-Transit
SHP002109,2026-02-10,2026-02-10,2026-02-15,Mumbai,Bhubaneswar,West,LTL,CARR_09,CUST_042,2026-02-15,2026-02-20,26899.55,2438,Delivered
SHP002578,2026-06-05,2026-06-06,2026-06-08,Surat,Bhopal,West,FTL,CARR_04,CUST_095,2026-06-08,2026-06-11,50768.96,1794,Delivered
SHP003723,2026-04-22,2026-04-24,2026-04-26,Hyderabad,Delhi,South,LTL,CARR_03,CUST_103,2026-04-26,,15815.12,1285,Cancelled
SHP003038,2026-06-30,2026-07-03,2026-07-06,Surat,Guwahati,West,LTL,CARR_12,CUST_058,2026-07-06,2026-07-07,27597.85,2363,Delivered
SHP002506,2026-02-02,2026-02-05,2026-02-08,Nagpur,Bhubaneswar,Central,PTL,CARR_05,CUST_053,2026-02-08,2026-02-07,6784.88,821,Delivered
SHP004941,2026-06-12,2026-06-12,2026-06-14,Kolkata,Indore,East,FTL,CARR_02,CUST_007,2026-06-14,2026-06-16,44694.78,1693,Delivered
SHP000827,2026-04-12,2026-04-13,2026-04-17,Bhubaneswar,Lucknow,East,LTL,CARR_13,CUST_018,2026-04-17,2026-04-21,28660.92,2255,Delivered
SHP004100,2026-02-22,2026-02-22,2026-02-25,Delhi,Kolkata,North,PTL,CARR_04,CUST_035,2026-02-25,2026-03-01,5644.16,775,Delivered
SHP003403,2026-03-15,2026-03-18,2026-03-24,Mumbai,Surat,West,FTL,CARR_14,CUST_082,2026-03-24,2026-03-24,37829.88,1437,Delivered
SHP001893,2026-06-25,2026-06-27,2026-07-01,Ahmedabad,Indore,West,LTL,CARR_06,CUST_060,2026-07-01,2026-07-02,6643.26,501,Delivered
SHP000649,2026-01-08,2026-01-11,2026-01-16,Delhi,Bengaluru,North,PTL,CARR_03,CUST_035,2026-01-16,2026-01-20,11089.15,1491,Delayed
SHP000511,2026-03-10,2026-03-13,2026-03-20,Bhubaneswar,Raipur,East,LTL,CARR_08,CUST_061,2026-03-20,2026-03-23,2178.24,199,Delayed
SHP002846,2026-05-11,2026-05-13,2026-05-19,Bengaluru,Jaipur,South,FTL,CARR_09,CUST_065,2026-05-19,2026-05-21,46701.95,1851,Delivered
SHP000108,2026-01-19,2026-01-22,2026-01-29,Surat,Mumbai,West,FTL,CARR_06,CUST_083,2026-01-29,,51695.64,2169,Cancelled
SHP002418,2026-03-26,2026-03-29,2026-04-03,Bhubaneswar,Ahmedabad,East,PTL,CARR_09,CUST_051,2026-04-03,2026-04-02,10868.22,1253,Delivered
SHP001636,2026-01-08,2026-01-10,2026-01-15,Delhi,Chandigarh,North,FTL,CARR_06,CUST_074,2026-01-15,2026-01-13,34314.48,1516,Delivered
SHP002177,2026-01-06,2026-01-09,2026-01-13,Pune,Kochi,West,LTL,CARR_07,CUST_067,2026-01-13,2026-01-10,88362.15,789,Delayed
SHP004689,2026-03-01,2026-03-02,2026-03-07,Bhopal,Hyderabad,Central,FTL,CARR_13,CUST_078,2026-03-07,,40044.83,1653,In-Transit
SHP002344,2026-05-29,2026-06-01,2026-06-03,Hyderabad,Kochi,South,LTL,CARR_14,CUST_115,2026-06-03,,9384.35,763,Delivered
SHP000894,2026-05-22,2026-05-23,2026-05-30,Guwahati,Pune,East,FTL,CARR_15,CUST_048,2026-05-30,2026-05-29,35724.69,1470,Delivered
SHP003380,2026-01-26,2026-01-28,2026-02-03,Surat,Raipur,West,FTL,CARR_08,CUST_018,2026-02-03,2026-02-06,25692.71,932,Delivered
SHP003981,2026-02-14,2026-02-16,2026-02-24,Bhubaneswar,Lucknow,East,LTL,CARR_02,CUST_082,2026-02-24,2026-02-20,16819.26,1229,Delivered
SHP002380,2026-03-31,2026-04-02,2026-04-09,Mumbai,Nagpur,West,FTL,CARR_04,CUST_002,2026-04-09,2026-04-05,59037.19,2268,Delivered
SHP002443,2026-05-22,2026-05-22,2026-05-28,Kochi,Lucknow,South,LTL,CARR_01,CUST_047,2026-05-28,,2467.55,181,Delivered
SHP000200,2026-06-01,2026-06-01,2026-06-07,Chennai,Hyderabad,South,PTL,CARR_12,CUST_046,2026-06-07,,16838.59,2358,Delayed
SHP000905,2026-05-07,2026-05-08,2026-05-16,Patna,Hyderabad,East,PTL,CARR_10,CUST_109,2026-05-16,2026-05-16,3697.94,525,Delivered
SHP000979,2026-06-26,2026-06-26,2026-07-04,Nagpur,Jaipur,Central,LTL,CARR_09,CUST_033,2026-07-04,,28314.0,2165,In-Transit
SHP003313,2026-01-16,2026-01-16,2026-01-22,Raipur,Patna,Central,LTL,CARR_11,CUST_049,2026-01-22,2026-01-14,20739.93,1927,Delivered
SHP001344,2026-01-31,2026-02-01,2026-02-05,Chennai,Kochi,South,FTL,CARR_08,CUST_100,2026-02-05,,21078.24,978,Cancelled
SHP004637,2026-02-14,2026-02-14,2026-02-18,Mumbai,Mumbai,West,FTL,CARR_06,CUST_049,2026-02-18,2026-02-20,31251.99,1403,Delayed
SHP004861,2026-02-13,2026-02-14,2026-02-17,Chandigarh,Mumbai,North,FTL,CARR_10,CUST_073,2026-02-17,2026-02-17,64629.69,2452,Delivered
SHP004394,2026-03-04,2026-03-05,2026-03-07,Bhopal,Raipur,Central,FTL,CARR_06,CUST_117,2026-03-07,2026-03-06,55948.84,2259,Delivered
SHP002811,2026-02-12,2026-02-15,2026-02-21,Chennai,Chandigarh,South,FTL,CARR_05,CUST_005,2026-02-21,,28061.59,1241,Delayed
SHP000040,2026-06-07,2026-06-10,2026-06-15,Pune,Pune,West,LTL,CARR_11,CUST_035,2026-06-15,,27647.57,2476,Cancelled
SHP003306,2026-05-04,2026-05-04,2026-05-08,Delhi,Bhopal,North,LTL,CARR_10,CUST_048,2026-05-08,2026-05-09,5275.99,466,Delivered
SHP002178,2026-04-20,,2026-04-28,Indore,Nagpur,Central,FTL,CARR_02,CUST_093,2026-04-28,2026-04-23,19692.63,833,Delivered
SHP000499,2026-05-14,2026-05-15,2026-05-23,Lucknow,Hyderabad,North,PTL,CARR_14,CUST_043,2026-05-23,2026-05-17,15938.06,1846,Delivered
SHP001004,2026-03-16,2026-03-16,2026-03-23,Delhi,Surat,North,FTL,CARR_13,CUST_036,2026-03-23,2026-03-20,11910.34,496,Delivered
SHP001085,2026-04-11,2026-04-14,2026-04-16,Kochi,Kochi,South,PTL,CARR_14,CUST_056,2026-04-16,,12273.71,1496,Delivered
SHP003069,2026-04-14,2026-04-17,2026-04-19,Jaipur,Nagpur,North,PTL,CARR_07,CUST_067,2026-04-19,2026-04-26,204282.5,2270,Delivered
SHP004952,2026-03-05,2026-03-08,2026-03-15,Pune,Delhi,West,LTL,CARR_10,CUST_005,2026-03-15,2026-03-14,16454.38,1407,Delayed
SHP004651,2026-06-12,2026-06-15,2026-06-20,Lucknow,Indore,North,LTL,CARR_09,CUST_043,2026-06-20,2026-06-22,5948.34,553,Delivered
SHP000187,2026-05-22,2026-05-25,2026-05-29,Ahmedabad,Pune,West,FTL,CARR_14,CUST_005,2026-05-29,,25980.47,1066,In-Transit
SHP003853,2026-05-29,2026-05-30,2026-06-04,Bengaluru,Raipur,South,FTL,CARR_05,CUST_054,2026-06-04,,61929.78,2342,In-Transit
SHP002595,2026-02-22,2026-02-22,2026-02-26,Jaipur,Patna,North,FTL,CARR_04,CUST_063,2026-02-26,2026-02-26,6502.7,283,Delivered
SHP000644,2026-04-05,2026-04-05,2026-04-09,Bengaluru,Guwahati,South,FTL,CARR_02,CUST_025,2026-04-09,,4990.31,226,Delayed
SHP002494,2026-05-15,2026-05-17,2026-05-21,Hyderabad,Raipur,South,FTL,CARR_03,CUST_053,2026-05-21,,40566.27,1739,Delivered
SHP000869,2026-04-09,2026-04-12,2026-04-20,Surat,Surat,West,FTL,CARR_12,CUST_097,2026-04-20,2026-04-13,16867.6,621,Delivered
SHP001488,2026-05-21,2026-05-21,2026-05-24,Kochi,Bhubaneswar,South,LTL,CARR_07,CUST_080,2026-05-24,,118046.16,1014,Delivered
SHP002190,2026-04-04,2026-04-06,2026-04-12,Delhi,Kolkata,North,FTL,CARR_04,CUST_044,2026-04-12,,28745.3,1292,In-Transit
SHP003850,2026-02-08,2026-02-08,2026-02-10,Bhubaneswar,Kolkata,East,FTL,CARR_09,CUST_078,2026-02-10,2026-02-16,1536.72,55,Delivered
SHP001764,2026-05-12,2026-05-14,2026-05-20,Bengaluru,Nagpur,South,LTL,CARR_12,CUST_055,2026-05-20,,15883.83,1194,Delayed
SHP000749,2026-01-28,2026-01-31,2026-02-04,Jaipur,Pune,North,FTL,CARR_11,CUST_067,2026-02-04,2026-02-02,12168.59,465,Delivered
SHP004604,2026-06-09,2026-06-09,2026-06-13,Chennai,Delhi,South,LTL,CARR_01,CUST_006,2026-06-13,,27230.35,2202,Delivered
SHP003827,2026-04-20,2026-04-23,2026-04-28,Surat,Bengaluru,West,PTL,CARR_01,CUST_036,2026-04-28,,1474.52,162,In-Transit
SHP003061,2026-04-18,2026-04-18,2026-04-25,Mumbai,Kolkata,West,PTL,CARR_12,CUST_022,2026-04-25,2026-04-25,11748.56,1550,Delivered
SHP001777,2026-05-23,2026-05-26,2026-05-31,Chennai,Surat,South,LTL,CARR_02,CUST_097,2026-05-31,,26006.95,1953,Delivered
SHP000863,2026-01-21,2026-01-22,2026-01-29,Ahmedabad,Delhi,West,FTL,CARR_03,CUST_026,2026-01-29,,9043.49,425,In-Transit
SHP004609,2026-03-04,2026-03-07,2026-03-15,Raipur,Guwahati,Central,FTL,CARR_13,CUST_076,2026-03-15,2026-03-15,3036.33,124,Delivered
SHP000379,2026-06-17,2026-06-20,2026-06-23,Kolkata,Kolkata,East,LTL,CARR_04,CUST_104,2026-06-23,2026-06-29,26746.89,2423,Delivered
SHP002753,2026-03-15,2026-03-17,2026-03-20,Bhopal,Indore,Central,PTL,CARR_11,CUST_065,2026-03-20,2026-03-22,14586.66,2048,Delivered
SHP001368,2026-04-29,2026-04-30,2026-05-03,Indore,Chandigarh,Central,LTL,CARR_04,CUST_017,2026-05-03,2026-05-08,30125.05,2265,Delivered
SHP001053,2026-05-30,2026-06-02,2026-06-08,Hyderabad,Raipur,South,LTL,CARR_06,CUST_111,2026-06-08,,20854.99,1861,Cancelled
SHP000128,2026-04-14,2026-04-17,2026-04-21,Bhubaneswar,Nagpur,East,FTL,CARR_14,CUST_082,2026-04-21,2026-04-26,9823.78,405,Delivered
SHP004145,2026-05-08,2026-05-10,2026-05-15,Delhi,Bhubaneswar,North,LTL,CARR_05,CUST_044,2026-05-15,2026-05-13,17249.14,1564,Delivered
SHP004673,2026-03-02,2026-03-03,2026-03-07,Hyderabad,Indore,South,LTL,CARR_10,CUST_056,2026-03-07,2026-03-12,17221.13,1652,Delivered
SHP003349,2026-06-14,2026-06-14,2026-06-18,Ahmedabad,Chandigarh,West,FTL,CARR_12,CUST_101,2026-06-18,2026-06-20,4864.43,217,Delivered
SHP001862,2026-02-05,2026-02-06,2026-02-14,Kochi,Bhubaneswar,South,LTL,CARR_02,CUST_078,2026-02-14,,27039.57,2222,Cancelled
SHP004678,2026-02-11,2026-02-11,2026-02-15,Indore,Ahmedabad,Central,FTL,CARR_15,CUST_047,2026-02-15,2026-02-18,18933.33,725,Delivered
SHP004149,2026-03-26,2026-03-27,2026-04-02,Surat,Nagpur,West,FTL,CARR_02,CUST_001,2026-04-02,2026-03-29,3378.09,144,Delivered
SHP002337,2026-05-04,2026-05-04,2026-05-06,Bengaluru,Kolkata,South,LTL,CARR_10,CUST_009,2026-05-06,,11518.53,1054,Cancelled
SHP004219,2026-04-24,2026-04-26,2026-04-29,Chennai,Kolkata,South,PTL,CARR_04,CUST_019,2026-04-29,,13547.85,1641,Cancelled
SHP002552,2026-06-23,2026-06-24,2026-07-01,Hyderabad,Kolkata,South,FTL,CARR_10,CUST_086,2026-07-01,,31423.83,1261,Delayed
SHP003776,2026-01-31,2026-02-03,2026-02-10,Hyderabad,Guwahati,South,LTL,CARR_12,CUST_031,2026-02-10,2026-02-04,8117.33,682,Delivered
SHP004290,2026-04-04,2026-04-06,2026-04-09,Guwahati,Bengaluru,East,FTL,CARR_14,CUST_028,2026-04-09,2026-04-16,33966.76,1334,Delivered
SHP001937,2026-03-18,2026-03-21,2026-03-26,Mumbai,Raipur,West,LTL,CARR_03,CUST_037,2026-03-26,,10907.38,820,In-Transit
SHP001252,2026-06-03,2026-06-03,2026-06-08,Nagpur,Chandigarh,Central,FTL,CARR_03,CUST_060,2026-06-08,,36708.48,1382,In-Transit
SHP004024,2026-05-07,2026-05-08,2026-05-15,Bengaluru,Delhi,South,LTL,CARR_12,CUST_032,2026-05-15,,21068.63,1772,Delivered
